68.7287
150.127
63.6244
61.7636
17.3747
50.1136
74.4067
44.1936
56.6126
243.155
172.291
118.32
208.065
71.7077
199.919
155.734
62.9192
5.06184
121.947
189.401
204.118
49.1971
130.838
114.078
206.154
44.5523
41.8673
94.2221
20.4523
32.5463
153.267
58.7771
36.3689
39.1436
13.4139
33.9725
35.0294
64.1358
36.3095
59.6403
90.4578
47.7856
108.243
24.1841
86.9612
105.761
234.471
24.2308
31.1563
97.1338
58.583
221.743
18.1203
120.981
32.6969
28.7639
28.1201
116.7
171.647
74.2705
41.9882
58.3535
45.0873
100.729
139.982
181.931
163.77
129.174
14.0223
117.946
84.2953
151.186
35.2644
51.2221
27.538
17.8031
70.8082
68.2582
30.0951
36.8443
107.187
102.409
64.5632
46.8101
57.9697
54.3318
15.6223
5.77495
129.322
87.8396
159.077
57.2837
751.576
64.1749
32.1801
40.0847
137.128
169.778
36.4692
161.218
18.165
171.93
161.897
118.533
9.17551
45.7747
9.11841
11.8111
38.6404
209.623
11.3513
31.7263
15.842
178.024
15.0922
119.154
9.88894
4.25316
14.2532
213.367
43.7884
22.8515
19.8299
142.677
25.2732
17.1514
145.993
168.678
37.3807
3.52343
157.082
11.8676
14.345
4.12322
232.319
3.87798
156.897
58.2275
216.252
31.0683
208.034
28.8308
153.963
37.9752
187.56
201.49
209.579
145.557
198.763
13.2775
9.85827
25.8485
33.4159
24.2603
4.32947
7.73346
11.7457
87.7968
15.3784
13.7938
4.19438
157.404
160.505
19.57
3.43861
38.1712
198.535
111.012
13.5946
4.3548
3.07307
13.1121
4.67667
149.508
206.177
4.62362
43.2658
4.41052
15.8095
34.4488
13.3188
5.37735
191.632
22.2149
108.054
40.2679
3.93031
17.8011
14.3934
8.88811
10.9541
157.151
19.8971
194.637
28.7673
73.0621
43.8968
27.6287
187.234
150.665
26.8348
45.2307
81.9439
54.3312
29.3702
57.1854
238.71
38.1668
113.905
29.3096
13.6533
36.3008
548.94
24.8444
15.8785
13.105
25.7244
23.9769
85.2512
100.538
21.7719
24.3926
12.1175
32.333
17.9768
20.1347
43.6242
54.2321
41.3624
791.235
28.7997
130.895
25.254
25.9019
37.0408
37.5762
32.2257
47.6584
57.8391
45.586
13.6322
42.837
2.35646
60.0462
47.9708
8.87622
37.0357
36.3536
93.3756
28.635
26.5566
45.0107
112.361
1053.35
93.97
50.4733
484.635
25.739
739.185
3.06298
17.902
34.7751
564.28
22.2599
26.4168
634.962
1381.98
58.072
503.282
32.7151
38.3649
137.318
101.519
129.53
100.22
124.297
85.6997
20.8538
17.8714
144.715
28.9114
52.906
416.558
24.2259
42.2419
1159.82
216.731
35.2665
2.80285
20.7066
251.225
55.1027
29.9279
18.922
27.9504
101.807
97.9165
40.973
34.3045
29.2246
184.838
196.183
259.07
25.4507
58.8058
362.836
358.775
3123.16
127.072
426.534
172.771
97.394
374.601
353.361
37.5992
131.738
211.933
227.248
38.7883
395.015
88.5023
308.954
282.612
198.001
320.617
151.84
110.375
198.044
154.109
264.883
273.913
258.726
270.354
282.303
446.888
346.714
31.5308
30.5291
248.753
223.696
27.0968
50.3418
27.6151
143.413
242.558
211.661
91.2448
203.503
296.254
294.764
57.3344
122.049
44.0516
118.991
66.9378
266.519
361.958
582.11
232.09
59.2485
32.5778
317.283
299.343
36.4083
29.8677
367.266
339.998
70.5271
223.341
3711.44
265.439
33.2635
303.339
366.727
48.9411
77.7323
266.521
183.574
248.254
367.471
195.709
22.9161
25.474
324.848
275.433
196.546
334.506
308.351
47.3416
31.1737
90.0862
286.691
49.6113
137.652
246.739
45.8705
44.1634
260.901
201.966
72.2279
32.578
135.901
125.305
142.81
3.60516
119.015
36.3705
54.5626
10.7544
286.654
370.9
100.685
35.6286
25.2212
46.9728
98.5595
130.248
33.9368
210.64
208.281
43.9589
126.784
117.055
183.392
117.506
296.606
28.4426
11.0109
140.036
25.2754
237.073
266.191
48.3246
34.538
154.804
82.0999
152.417
20.1874
3.3603
53.6577
13.061
18.137
18.3963
317.266
103.361
147.569
62.2794
35.8078
105.13
32.8368
83.6407
70.6093
26.3113
12.5742
32.7605
109.409
24.9636
254.306
152.624
22.878
47.9676
110.833
12.0087
263.422
258.582
46.8352
12.4186
289.718
282.803
110.135
183.007
3.23149
130.005
13.0593
18.2882
48.4629
149.782
41.8805
3.365
41.083
25.0826
37.0045
10.6088
26.7224
43.7048
25.0694
208.332
19.9556
10.5501
53.9778
120.746
96.6277
14.9147
26.7427
38.429
11.8398
148.896
128.92
3.89208
58.886
21.7922
120.136
15.484
55.8364
174.244
171.391
134.339
13.656
102.689
12.2851
23.7835
128.959
204.65
737.168
145.976
143.453
11.5442
18.3028
18.2407
13.4154
204.752
139.351
173.084
144.661
122.115
177.83
24.2639
144.697
10.1003
353.251
3.96037
63.6732
42.3509
36.2854
13.4414
15.0074
206.569
28.3293
8.3464
23.29
46.513
36.7139
21.3331
168.707
25.6993
19.6952
44.1162
25.8549
140.676
17.2562
174.813
155.68
12.1433
28.0985
84.4225
134.437
15.9801
129.31
29.9501
27.7355
135.504
142.893
32.9484
23.7462
25.6487
147.545
342.325
3.84938
56.2532
96.8607
230.981
82.0312
101.614
90.9352
11.7719
146.167
40.0068
257.498
246.054
33.2683
12.432
142.499
3.25014
11.5212
13.5295
123.886
282.268
24.7088
4.49465
147.674
11.7282
27.76
183.264
18.906
3.80705
34.9687
143.176
154.137
3.21255
116.497
86.8815
24.4451
22.5825
231.126
17.2186
27.7433
24.7138
27.1686
185.677
18.6865
22.8908
61.2043
38.7054
30.2258
26.824
3.88292
23.8932
127.712
17.2718
15.2014
39.2335
34.7176
69.7623
3.91851
183.005
208.763
24.1241
28.5305
15.3973
114.603
147.513
155.532
3.75481
28.1391
148.92
39.0958
42.5618
18.8816
22.6032
26.935
16.6566
38.1408
17.9999
31.2037
177.259
51.2895
29.6389
127
13.6215
27.3083
38.6954
50.3965
43.0286
141.896
19.0768
106.745
136.595
23.6358
197.278
59.517
120.104
157.719
33.6228
109.758
35.9253
22.2122
33.1372
28.8606
32.474
20.3974
37.4263
11.7118
99.4952
25.7276
117.831
127.943
177.336
37.0454
25.8315
304.697
25.5224
14.4594
135.616
41.3447
158.758
100.898
3.35913
25.45
30.9674
9.8351
3.65199
136.591
13.767
34.916
22.2712
27.5629
118.127
230.59
13.7861
23.9181
210.407
54.7493
25.9518
9.61521
29.6462
55.8042
31.4033
109.244
59.167
171.412
76.931
48.4237
18.3289
30.5068
19.8435
168.167
36.214
105.518
25.0506
143.031
414.179
44.5114
57.0871
26.7625
11.27
32.0758
19.752
195.046
21.2984
2.73735
185.873
30.8466
24.9892
38.0236
19.3882
136.624
32.0633
30.8142
50.2491
29.2676
10.6166
42.7534
44.332
32.8709
176.732
23.8105
80.0617
84.6849
18.7609
98.8743
28.7515
49.9322
104.526
190.19
44.7174
8.2465
168.483
402.654
36.7617
36.409
40.403
98.4844
19.5499
146.881
9.05463
33.1566
187.353
13.3389
55.5418
36.3775
175.112
20.8559
28.0601
18.9032
180.611
151.087
13.0821
173.975
21.6458
68.4632
193.944
107.789
548.425
151.158
174.782
21.885
46.5853
18.9456
213.736
29.2777
49.5394
29.0991
94.3435
180.564
128.834
46.0401
18.6903
2.53234
70.5857
24.456
22.9589
149.818
46.6764
52.2364
196.707
30.4333
24.048
28.8825
5.34419
73.836
243.834
139.655
4.70743
12.0068
155.826
93.861
25.9518
9.47798
38.6485
15.2351
16.6647
11.7139
94.499
40.7772
28.3174
12.8347
5.05234
109.288
126.846
96.0948
31.202
63.5311
20.4324
32.7965
97.5981
22.9294
34.1098
105.866
28.8357
117.742
25.8183
11.0409
37.003
162.17
18.3504
4.33218
52.6203
19.8326
23.631
34.6316
33.4582
18.5844
27.5514
102.893
153.545
30.7162
19.8775
41.1131
37.7873
26.5853
131.237
27.2957
29.1039
168.754
10.3473
26.9382
3.92793
159.727
40.6422
164.423
185.833
34.2033
46.6732
66.0329
34.8322
14.6504
52.4945
48.2451
125.904
137.428
11.8994
128.834
27.9243
151.268
12.8676
28.6691
17.5176
18.1693
15.7116
169.275
187.945
24.2092
12.5032
181.015
186.607
14.8495
196.367
24.4314
29.2945
4.05977
128.4
130.652
148.262
50.9243
27.7068
4.98406
33.9589
20.945
49.5526
15.7447
124.002
123.853
104.726
40.2008
16.4454
108.319
99.8002
23.9842
22.5182
21.8411
23.3847
120.754
192.763
35.5096
138.983
38.6598
20.3376
102.581
22.4402
50.0371
137
158.019
160.419
48.5535
127.895
49.8198
135.975
33.7839
33.9018
36.6884
21.7993
37.2843
150.084
147.438
30.1825
12.9691
34.666
36.8259
26.5304
22.4431
41.8556
135.238
136.586
27.7259
179.9
39.8781
61.6531
36.7694
32.5735
14.9695
21.2907
29.0036
30.5204
39.3599
31.7536
59.6244
27.6355
62.5162
91.9664
38.3404
18.3627
16.1394
125.222
29.3272
19.9369
90.1811
213.168
85.2702
31.4583
201.022
59.7277
109.511
189.861
113.249
30.1475
43.5455
16.1882
46.4985
48.7824
131.442
30.0041
33.7037
121.848
4.13637
26.4267
19.2772
16.3062
14.004
62.0473
107.416
49.2545
106.26
3.6221
13.7807
35.7303
112.932
3.64372
12.1803
3.05073
8.49991
141.49
29.6101
43.9443
22.3001
95.7524
2.88899
10.8452
115.267
162.138
7.45953
41.5552
54.4977
3.31922
97.5323
142.935
127.138
111.203
271.487
10.6123
73.1744
127.544
31.0603
32.6673
20.0063
31.8742
25.9655
141.441
46.7594
27.6733
44.0044
2.82815
138.515
202.414
45.2933
50.7205
33.7464
130.41
52.9907
35.8772
87.1437
93.1672
284.732
31.1082
33.2241
215.006
79.4416
3.0531
15.2815
142.228
4.64741
2.9589
160.699
25.1247
11.8027
339.723
71.0485
75.6124
67.9956
13.2127
62.2681
10.7949
11.2527
29.7597
29.6178
44.4883
1836.64
12.5943
82.4867
144.725
8.53846
205.733
170.562
4.51585
198.153
36.3578
46.0144
145.878
90.7181
44.0468
262.153
42.636
35.2848
171.146
10.486
8.989
34.2662
292.008
36.8495
16.5927
11.0199
26.1162
19.6957
21.3396
21.7335
16.7587
797.434
25.6206
23.094
26.0949
22.3839
52.4357
42.4314
67.3703
21.8713
27.5794
46.706
65.1365
24.2671
75.4646
45.2157
46.1475
29.2207
78.6704
32.1308
21.5234
69.3749
27.1182
19.932
71.5143
29.4821
39.8262
39.5827
37.7264
18.728
24.2155
20.8133
26.6169
20.4425
33.0731
33.4602
21.9991
17.3128
47.2042
36.0563
4.55305
19.2241
43.6458
38.046
113.82
31.9361
35.7325
25.2194
26.6226
21.8982
83.9095
73.9747
23.2675
21.8592
28.7001
28.6683
29.063
253.352
25.6461
24.9921
18.2006
19.6649
29.4458
29.0974
20.7157
83.7676
18.2067
21.5827
23.2021
25.9713
33.5729
3.77567
18.7182
30.1443
34.5574
27.4275
28.1092
23.6695
26.1828
32.2915
29.6098
35.1452
28.2906
386.024
34.988
23.703
21.0645
21.123
35.3131
44.8802
45.1589
33.4433
31.2275
64.865
20.6499
28.8854
8.49731
316.015
74.9828
39.574
413.94
303.122
185.846
81.9706
147.642
507.165
30.2847
68.0942
542.113
338.605
80.6636
64.1689
398.856
301.547
312.366
5.21337
317.571
34.8165
173.236
186.961
74.4606
188.902
342.055
4.49398
4.85325
469.846
78.8286
165.847
70.8676
45.6386
207.954
60.6793
62.093
89.8821
91.7065
92.8159
31.558
430.125
440.128
67.3488
86.979
60.5293
197.473
51.6088
187.092
33.5271
110.9
30.7812
32.6556
385.102
282.745
23.9729
301.201
388.392
52.3649
178.647
63.5833
4.77828
104.245
224.904
183.996
29.8153
66.1618
197.735
62.6146
72.6274
344.959
180.205
158.668
149.131
88.4817
70.2034
263.223
213.985
340.66
243.287
326.248
78.9633
290.916
179.33
4.30653
421.783
91.5147
351.362
31.2396
257.514
404.303
30.7359
44.9652
5.12966
52.1523
149.142
258.495
14.1573
163.052
294.105
49.8615
26.4608
128.479
58.7768
27.7905
35.4366
43.675
71.353
19.6705
46.2522
226.927
65.1623
295.371
64.3812
168.317
47.5003
72.9413
57.4213
62.5731
127.285
37.9469
36.5026
29.2435
37.3177
46.6584
57.0203
36.072
63.3724
240.835
30.5491
133.619
40.3902
15.3635
44.192
39.0987
30.1833
38.1148
43.8518
56.9843
224.116
53.8912
32.9113
44.825
40.6091
52.2242
33.8853
35.4798
44.9417
35.692
60.9691
51.2586
62.9311
186.56
24.0228
30.9924
168.974
53.0949
63.318
124.348
242.551
33.0728
106.873
27.966
36.7897
69.6324
66.1898
33.0968
53.0876
317.292
40.1492
54.6673
78.9938
154.427
72.8863
30.5814
42.1282
38.3851
72.6455
312.592
99.097
28.9091
258.063
356.776
121.395
61.9555
64.6676
40.9293
39.2138
30.2142
39.2737
46.1292
52.1264
32.2003
31.7963
48.6544
26.7913
134.971
48.8793
42.3363
47.716
13.4017
8.56792
19.4328
10.7527
79.0481
3.62466
131.05
24.8681
36.1093
23.8303
72.7753
129.467
14.168
102.375
29.0452
142.869
15.2735
28.5016
3.35085
3.30807
109.397
25.5082
9.96478
3.78015
102.712
29.9866
15.9358
12.325
25.1658
115.392
27.4093
12.3453
3.20276
28.954
118.917
22.1885
3.20337
115.071
65.3313
36.0973
100.521
119.913
68.3327
12.9827
46.7391
7.69848
14.1406
17.4147
11.9181
81.5302
27.7575
3.31784
30.5479
14.049
17.1368
20.1222
2.99391
10.965
28.7473
22.1386
24.8471
3.16107
14.3171
34.25
34.6948
81.3162
9.23528
13.7697
29.6754
11.3027
111.156
11.4051
14.3429
14.42
9.79162
18.0378
168.245
13.2773
22.1783
11.0005
93.7003
19.042
81.8505
125.919
40.077
14.6591
19.0672
3.09104
3.33532
124.892
8.18911
4.34019
24.2228
23.6205
26.1558
79.8802
208.297
12.9773
118.499
116.587
36.9465
21.6781
22.9539
28.3832
80.0006
157.64
22.3666
21.9443
65.1917
26.8778
40.2651
24.3815
51.6567
37.3557
105.222
12.6564
21.5762
66.5507
22.2843
29.0916
15.0036
115.142
30.4204
177.336
18.9721
25.5962
25.2624
34.2082
12.9096
26.6025
34.1303
29.7817
4.96949
200.445
34.8866
76.2133
28.92
165.735
24.9563
82.0568
180.277
17.4381
108.502
55.5604
58.611
138.612
159.127
129.574
98.2491
35.7903
33.1634
15.6105
11.6587
28.1426
267.963
180.413
13.1927
25.1549
27.953
37.0805
14.6867
10.0804
20.7478
24.8009
26.2534
19.9832
37.7752
7.9103
68.3441
25.458
3.88083
19.4121
145.74
25.3971
21.4202
61.5665
87.5839
32.9448
13.8718
119.292
27.2215
171.023
14.1384
141.018
117.321
135.919
23.5433
29.9298
14.5615
10.5193
93.3187
193.278
4.54817
94.4951
35.7422
27.5888
65.8842
123.627
13.3565
30.1393
73.4493
22.6677
68.4757
40.5406
31.9784
40.9818
243.992
32.0335
26.5743
19.1889
186.973
28.0489
47.1375
59.8027
37.0445
26.555
110.112
460.766
58.5756
62.1306
22.1762
48.6456
108.398
31.2056
248.509
38.7743
51.138
150.136
37.3388
22.9208
27.7314
20.2619
37.9282
25.6711
35.8192
21.3114
42.507
501.763
35.7267
36.9842
69.3504
30.9065
27.5608
30.4986
225.097
37.6838
33.533
34.0461
41.5918
41.8239
31.4949
246.493
26.4258
119.193
83.4363
43.2783
31.8921
336.599
159.992
67.5973
44.3844
27.1455
92.2063
46.2602
655.459
23.793
22.0411
21.163
28.6108
46.9463
574.152
30.784
94.2783
27.8244
20.6156
42.3706
34.6019
31.8324
30.2544
26.3773
107.119
113.216
324.695
44.3075
22.2939
127.516
178.586
58.7597
45.6437
27.744
44.1469
108.33
48.1893
25.402
27.882
44.95
18.7945
45.5573
128.642
19.605
25.6453
24.5921
22.6603
148.69
41.4537
24.0364
95.2307
27.8969
12.4696
31.6989
29.7786
20.4874
49.8114
131.965
36.8141
85.0534
33.4401
21.5817
24.8843
16.9203
14.2723
90.0462
28.4722
151.44
26.6774
134.407
23.5069
21.6375
31.1844
80.28
35.5065
130.322
26.6973
55.6412
40.5759
16.8262
29.6729
26.0465
31.7326
22.3005
149.892
139.945
51.8013
256.699
52.6195
137.624
39.1895
40.384
22.0823
42.8418
185.279
41.6016
41.462
200.468
116.647
53.3736
102.978
39.6645
148.47
24.8792
20.2656
99.8232
159.962
32.0045
50.3545
211.271
125.672
30.314
101.404
32.7746
16.035
154.249
31.2805
32.6238
212.839
50.0158
44.4184
28.4892
138.157
151.784
189.932
21.8522
44.3764
74.061
49.7778
49.8562
28.647
62.8844
26.1082
31.034
149.931
28.0444
107.193
31.9558
134.862
25.8444
33.5063
73.8267
50.8154
34.8095
148.644
158.65
192.399
150.187
123.813
34.189
139.432
184.748
181.388
169.158
46.3321
95.5361
211.415
162.051
17.3516
31.6407
172.224
64.2042
187.612
15.1273
130.489
25.7078
17.6778
146.985
164.125
32.7628
119.14
109.767
19.0676
13.9173
277.505
155.773
123.483
30.2665
60.7083
105.408
873.829
16.5315
150.957
19.6307
223.993
45.7295
25.2895
329.033
30.5272
36.505
221.141
19.9404
254.696
120.703
37.704
160.461
175.237
237.839
78.2516
175.732
16.7651
33.2352
155.995
382.64
175.427
14.1507
40.3722
145.248
198.192
169.285
155.696
257.68
249.746
173.865
17.1581
73.8138
173.015
42.5598
166.675
162.674
143.172
18.632
212.013
180.291
286.639
83.2367
28.9484
133.129
197.428
494.224
171
20.5129
138.596
67.3179
186.94
145.549
116.868
18.1061
176.053
201.64
136.881
52.6022
179.566
93.3399
54.2445
58.4546
20.3029
209.032
28.1021
33.7211
513.659
53.3322
24.1227
54.1561
31.5754
37.3864
44.7131
47.7007
41.2743
23.1772
40.0197
48.8683
42.6962
58.9348
51.6675
36.6975
21.546
31.8631
21.825
282.384
38.5763
51.2704
52.2392
46.3004
30.4121
39.782
248.86
142.198
25.3466
125.001
32.1552
47.7976
48.9885
61.4098
46.318
40.508
34.8532
63.4238
48.7536
110.291
61.4177
26.0246
46.113
37.6016
26.5667
34.9874
33.8128
44.0223
45.2466
15.9507
21.6443
75.4628
649.057
148.714
29.8946
51.7948
14.1671
36.4502
68.0793
37.5465
69.1199
50.0188
46.0956
31.3309
236.113
51.9189
256.958
53.9613
60.0046
26.1126
242.817
155.839
37.2206
20.6827
206.077
68.5323
47.454
37.8905
54.812
49.7366
181.188
49.9899
85.2327
315.117
42.7352
52.3975
43.0287
86.5433
55.6026
38.8174
34.4041
30.1796
45.2515
24.3436
33.6382
36.5759
118.471
35.3887
126.295
145.275
45.7452
4.6267
41.5175
56.1876
66.065
81.3307
191.799
48.6545
60.8514
38.6585
47.8379
104.091
64.7798
41.504
40.1214
98.2211
147.348
203.821
118.731
63.5347
80.5011
47.8569
142.552
225.15
250.758
168.355
18.0172
249.738
16.4028
121.582
18.197
4.30876
114.836
111.331
39.8752
38.2761
42.4364
161.232
35.1231
26.1477
25.664
99.2143
30.407
17.2746
4.77696
134.139
67.081
27.6238
28.597
99.0885
28.1981
53.8888
32.1413
43.4867
71.0287
12.437
115.62
53.5513
28.7526
92.8459
155.901
70.6827
113.277
38.2392
239.75
66.6103
37.7369
39.3215
35.7041
215.683
92.0074
287.232
44.8571
75.5147
113.031
85.9558
59.5782
410.467
137.093
96.943
67.8917
55.3428
124.183
41.3661
30.4601
81.3066
85.7877
87.5184
163.788
123.165
177.064
29.7427
75.4271
63.0973
48.199
22.3402
112.498
78.8053
31.0146
64.6718
24.5831
33.4896
20.0217
32.4895
31.111
46.7025
24.7725
33.8717
23.2269
26.8331
31.1757
15.0937
29.7388
34.8682
19.7901
24.59
30.5074
50.402
121.461
25.2076
44.3125
36.6417
19.1833
28.8356
144.868
36.6546
27.5976
22.0925
21.0765
26.5966
20.8372
45.1993
65.1949
35.4238
92.1994
51.9681
14.8549
15.3435
29.319
19.411
23.9423
32.0031
32.587
32.4435
33.023
25.6
33.8143
36.9515
13.1987
26.3867
19.1389
71.1453
31.2256
23.2339
46.3385
23.8566
39.8974
38.5169
30.62
24.3846
46.1429
51.7519
69.6703
24.0952
43.8193
32.5257
58.009
30.5161
20.3918
37.6145
40.9152
25.1788
29.0298
14.7973
21.3636
44.9539
41.6505
27.3552
24.483
23.8997
106.884
24.4234
27.7392
25.0035
95.5044
26.2931
19.0844
29.3172
24.3345
38.4053
18.1445
35.0612
171.154
23.9137
28.497
14.0268
179.695
140.959
19.9183
11.4795
20.089
19.7394
33.668
21.1371
104.621
111.473
21.3793
26.1758
112.698
119.252
34.1591
23.2701
136.089
172.114
23.5513
148.994
176.793
19.4186
184.953
128.539
114.436
37.7996
13.2214
171.125
12.0368
192.455
14.2289
18.8752
94.7942
26.4595
29.6243
3.82682
11.5191
223.034
187.294
22.5395
9.14038
81.3662
17.8977
27.6975
10.0743
8.77106
178.287
41.2573
109.141
17.1785
24.0674
19.1211
33.557
14.0629
21.6165
169.365
21.9645
24.1508
3.81174
28.8815
15.7894
15.0502
20.3043
38.8116
24.5937
184.828
24.5628
17.388
118.17
84.8225
10.6585
30.8628
24.0303
350.923
64.7746
27.524
3.97736
34.4926
96.9652
20.3087
11.8807
11.6442
11.3354
33.6173
43.6551
15.5358
18.4957
180.37
35.2194
104.569
54.9057
3.68307
9.8538
8.28829
10.7265
129.307
26.0652
10.8195
82.4966
89.9146
125.219
7.62641
12.1716
54.5496
9.16002
12.0328
125.558
117.035
23.8313
81.9262
29.6011
81.0108
10.2758
89.6123
13.1663
16.0754
81.4244
10.5525
8.72754
11.9306
80.989
7.62111
77.9025
28.6399
119.96
78.3296
79.3134
112.557
61.2651
3.72774
121.219
13.1929
8.14594
138.454
77.5482
126.704
10.692
113.481
8.22968
8.60868
9.70759
6.53515
77.7
9.6877
7.52497
76.8885
3.13953
38.794
73.968
85.5433
23.6289
2.91329
16.1058
84.6891
73.7939
75.3054
12.6854
111.783
136.716
3.31729
67.0534
10.8748
108.625
147.475
8.53392
82.8683
112.582
185.66
133.607
134.963
12.8645
3.12085
40.7621
172.182
23.9481
112.111
63.3738
11.955
9.83451
12.7216
112.113
3.38603
3.70669
86.0073
106.336
3.23226
52.7481
3.46601
79.6303
97.423
58.6282
99.7879
35.6241
123.189
8.43632
118.967
3.88576
216.033
28.0014
15.3789
36.2273
146.876
32.8635
22.3182
27.9238
17.6201
557.356
135.868
24.9045
64.4851
13.517
253.144
37.3977
38.4766
39.7238
26.057
129.447
41.0257
32.3798
27.4356
334.137
3.82864
144.175
35.3127
41.5743
101.293
38.4486
35.0608
24.6342
126.214
16.8975
23.3532
69.7512
75.4926
104.047
169.373
24.6391
14.9914
120.486
67.4707
13.1914
25.5324
68.221
12.7366
39.4761
109.67
121.437
51.235
237.977
99.7151
122.356
43.5243
29.5933
24.4895
22.8008
23.2594
135.776
256.211
3.78013
152.085
48.7846
29.2557
29.1452
162.254
23.5839
34.913
112.706
40.3111
22.8276
31.1744
29.2103
27.998
21.8517
24.9366
150.465
25.9568
23.8527
26.7446
37.4067
22.0919
113.412
10.7456
38.1479
32.7673
54.8474
48.4922
34.464
24.9969
137.319
30.05
34.4178
101.398
4.50746
39.1574
25.9892
94.4104
49.0479
22.2558
3.11627
12.4009
33.7677
19.0329
70.1664
12.8558
54.5032
88.7827
9.97292
138.32
18.4693
90.9195
100.103
123.616
15.9527
117.877
102.007
14.0253
151.524
14.0466
30.456
182.906
15.2631
180.298
52.6004
3.46193
208.158
147.684
39.4389
203.566
55.769
49.7678
199.573
64.7604
90.1603
54.0633
81.7541
39.6348
40.4813
122.901
58.9059
3.4757
131.659
12.8325
85.1419
160.478
64.2965
11.322
153.965
143.356
19.1702
14.0159
181.795
78.5057
25.4719
124.248
216.531
143.37
18.8374
11.0219
37.8522
14.5897
30.1678
63.5856
168.364
61.5026
149.336
121.716
4.0921
41.5587
157.11
159.612
20.5056
45.0354
42.2231
161.545
31.0495
305.866
174.277
183.941
143.698
181.091
29.0521
89.8459
148.236
55.0831
116.663
28.0022
46.6377
145.552
138.483
48.2133
23.5595
138.501
120.024
91.9057
152.879
113.766
100.826
22.1876
135.656
7.7035
32.0693
33.3036
133.981
31.5338
55.6534
19.4196
93.1839
43.6273
2.41573
85.7524
23.2771
29.1544
107.851
116.01
144.235
8.62187
107.577
1275.69
22.6236
83.8711
26.7135
18.8184
24.5445
126.134
102.011
9.19765
63.2766
1210.75
466.613
8.932
2.06164
15.0981
123.628
109.198
9.22475
2.31047
128.001
35.7595
2.49328
18.6686
39.6427
135.148
134.377
105.485
31.7511
116.316
9.43037
70.1273
2.17766
8.35243
125.959
2.19506
83.4576
20.1707
115.614
108.819
12.8673
138.21
505.882
153.422
51.3039
22.1389
2.17057
14.6997
122.623
8.10572
234.144
35.0046
171.755
92.2959
21.4262
115.851
12.2279
2.2959
98.8856
120.601
111.536
140.344
18.9307
106.196
18.6736
89.0379
42.3282
53.2158
33.5928
343.844
477.064
76.7593
37.1181
104.314
7.56076
139.519
49.3986
29.7831
17.3792
2.53423
107.582
12.6289
66.7593
4.11873
4.06849
114.645
22.4344
127.116
12.3767
15.2515
4.78637
12.1856
13.3101
11.7583
94.3857
103.373
12.5163
14.7681
76.4181
145.288
73.7638
73.2574
68.2537
122.15
4.37738
86.5981
12.2809
12.6103
4.09259
122.021
4.23749
144.836
12.2622
15.0583
128.206
91.3612
11.007
12.8485
11.2715
11.1989
19.5192
4.33418
4.20283
97.9282
132.421
155.661
84.217
6.63462
13.4141
100.846
3.83776
82.3325
4.05315
17.4115
14.2416
17.6977
4.33979
200.405
11.1573
167.799
12.7323
106.639
14.5379
11.2394
9.19004
78.0386
4.42097
22.0769
129.073
99.8045
4.51949
3.8976
30.7253
182.269
160.796
158.058
5.02836
11.6355
3.98098
136.28
156.686
23.3236
79.4198
132.151
3.99547
70.4553
13.3153
12.0322
15.0356
10.8605
12.6025
13.1034
7.01735
181.901
12.0641
9.7829
11.0785
10.6447
12.1777
14.8023
11.1142
13.0287
12.9384
227.578
3.6851
108.383
12.9102
15.1534
127.634
124.77
11.0038
7.70719
25.8755
87.3902
134.715
30.9856
83.818
35.0132
115.508
119.294
11.1103
14.2622
19.5032
44.0586
18.0976
43.4118
9.39793
12.9539
2.8524
118.242
115.304
14.4884
32.9173
141.31
15.1009
13.1545
11.8124
19.5009
12.3348
84.61
251.156
68.9924
13.8305
80.5634
71.4597
149.24
46.8602
11.7818
251.075
34.5683
188.293
52.1777
277.707
3.19996
12.0831
11.8265
132.61
139.697
165.311
12.3001
122.893
111.836
20.7849
22.8774
3.68995
3.83612
248.529
16.1242
89.6937
20.4585
186.013
12.4142
14.9355
8.60673
3.41191
10.7703
120.669
99.9756
33.5693
117.8
17.2029
46.6212
147.544
11.9036
8.1242
122.482
10.8214
13.5113
150.249
135.782
26.272
105.784
3.29809
144.603
26.7452
105.441
30.6257
12.2455
75.0552
8.27154
14.3928
147.786
125.351
59.4558
152.016
180.478
229.393
34.7762
66.7962
20.8304
8.41773
44.957
49.8998
52.7461
21.4754
29.4975
70.8119
41.1229
26.4467
46.5006
20.4852
53.6956
42.5084
35.6987
25.1445
1123.24
52.8489
58.23
77.1032
151.915
50.2601
40.1375
63.0639
40.9639
34.0649
323.941
33.5604
22.9042
79.6516
65.2596
68.4473
42.9212
27.1418
47.7179
52.0288
36.704
124.451
91.8942
121.992
36.7935
22.453
32.616
49.9749
50.3758
42.1799
113.915
1075.39
169.812
34.4955
31.1105
31.6084
49.0624
34.8321
48.8468
29.3581
100.014
228.326
35.222
46.7549
41.0665
39.4426
59.6852
77.4586
26.6926
40.9133
42.0683
39.7143
50.2566
37.7737
69.1978
37.8988
73.4334
105.088
37.8155
32.4119
56.8528
85.7085
29.1679
15.6272
24.1909
52.4316
163.359
29.2324
77.4085
69.1753
46.3715
28.75
47.0621
54.2273
11.658
130.293
98.5845
59.7374
275.408
311.722
194.299
286.394
294.765
218.075
265.793
42.4933
47.962
302.854
138.047
31.7746
78.3296
73.3753
61.4164
286.582
178.869
242.718
36.2928
326.007
50.8038
3.69565
128.683
267.698
320.467
58.0939
12.8755
163.747
84.4819
304.494
191.832
391.792
118.471
258.437
307.213
82.7973
83.7761
596.261
62.2325
73.9035
47.5912
59.6912
54.046
119.882
136.506
44.3644
182.963
68.3752
369.699
59.6151
291.466
160.359
278.456
289.643
278.345
323.824
275.454
122.095
123.115
373.232
229.039
42.4778
502.779
234.022
277.509
180.256
16.2715
235.444
108.547
304.104
62.8512
74.7166
143.004
148.196
40.3514
105.797
22.8258
360.054
114.92
37.1425
274.867
55.6022
24.5226
230.699
94.1096
363.515
78.6388
94.4921
47.4839
341.842
36.1095
64.4235
276.189
352.37
70.9043
48.675
420.051
293.966
224.985
36.7855
62.4099
36.9434
214.173
66.5997
38.6579
39.1983
48.7404
59.4444
34.8463
315.597
32.592
37.6005
47.7509
52.3325
33.0649
51.4812
36.8668
39.0068
184.118
28.2687
35.1829
35.931
38.7936
104.159
63.9863
193.129
45.952
47.926
48.5842
40.2969
45.9751
35.5966
192.276
32.9242
54.2835
95.5783
972.931
49.6005
61.5424
47.234
34.6532
329.891
32.9558
52.6091
51.3842
42.3824
193.848
52.9113
40.351
31.312
49.7092
123.84
38.2453
49.5247
38.9001
22.4545
38.2581
41.2347
214.127
136.326
34.9897
46.5377
54.4007
45.4982
65.987
49.864
43.3647
95.1978
42.4885
33.9815
33.205
41.2074
64.5384
48.1651
49.5154
47.229
27.2452
34.3935
20.9346
81.7563
35.8317
66.4241
43.1261
41.5399
43.1327
48.133
48.9684
66.2214
53.5512
66.3266
30.6863
103.064
35.2653
272.892
326.849
30.8626
33.6151
48.4045
46.4858
215.179
3.14563
7.74693
110.82
181.943
171.861
3.08302
7.35738
135.598
222.567
4.27996
135.635
137.515
9.69327
3.38092
3.25839
9.86669
10.0224
10.5748
11.6831
77.9703
130.073
136.93
40.9625
138.666
10.9665
174.486
13.2558
165.025
36.3628
10.423
3.9522
148.368
145.609
89.6978
4.91541
157.34
22.4098
45.5059
3.42924
139.197
12.7554
124.091
150.935
21.2367
56.601
4.16828
10.5529
38.0298
10.3965
9.75633
69.3196
305.127
107.195
13.3194
113.144
11.5721
103.786
13.2941
158.745
168.217
10.658
11.9281
153.325
3.36972
2.87605
9.74276
211.646
11.4198
3.57065
13.4596
11.0049
370.396
126.399
65.6635
14.7771
78.4117
142.026
93.262
20.0694
62.2793
12.7225
12.1009
139.887
22.8676
40.3994
12.3736
157.396
134.403
123.902
4.45517
8.6426
42.895
221.997
150.465
9.59332
23.9016
3.65228
13.9795
135.348
15.1045
3.59574
24.0611
3.78879
12.2335
37.1156
18.3955
21.6311
13.5689
12.3026
22.9378
12.9594
13.7268
27.8856
22.9841
13.5753
3.49404
27.6153
49.5261
3.91112
11.5335
14.1734
12.2533
12.5495
174.399
152.988
10.067
3.61082
3.80272
14.3006
17.1222
12.4491
163.178
3.14496
22.7398
5.15409
22.7778
4.05912
30.4514
22.3535
55.642
3.65896
15.7171
44.7272
3.79463
4.17494
15.1173
12.793
16.7069
48.2898
21.7413
19.0598
29.2243
26.7466
12.7282
40.3261
3.69613
3.07007
33.1068
77.7242
24.6919
12.567
110.318
3.4567
25.8523
4.25893
149.352
24.6292
158.24
19.2555
20.8505
4
38.2563
25.5042
142.172
12.6627
3.33565
3.61485
14.3805
40.2508
3.54138
28.2039
20.8709
30.0644
13.0794
33.3675
3.35562
10.5119
3.35582
29.8233
3.70296
28.568
37.0971
3.36989
3.29377
11.0881
38.5983
4.35492
11.4377
28.5811
56.4132
18.6995
3.30172
10.8032
18.1877
55.6856
11.8775
145.179
60.4536
117.823
19.8547
96.5746
12.5069
12.6588
78.1897
35.8966
12.525
3.76953
9.09798
11.7422
116.359
5.06126
4.49801
13.0189
16.3448
12.145
64.1393
22.5591
131.599
106.073
83.5232
11.6715
99.6089
82.5841
124.306
9.92699
11.7954
94.8038
4.06585
10.4543
124.934
85.0615
110.065
83.0809
19.2493
12.3867
129.555
135.462
103.332
105.923
114.716
92.6923
3.77102
103.295
92.426
122.476
12.246
11.115
178.271
98.9649
8.43011
9.86248
4.16576
86.1259
9.30815
3.26738
3.64714
13.4129
79.8389
128.19
7.64382
23.1019
119.108
10.4417
86.8448
11.4499
9.60643
107.588
11.2716
3.63398
100.479
185.878
147.672
88.7047
101.715
4.13023
10.9394
10.2618
14.8478
13.6441
13.8014
121.738
13.1088
3.32375
81.0105
10.9275
4.59992
143.672
116.995
105.48
8.84085
183.733
177.513
49.4751
157.094
12.6887
158.881
3.20975
177.547
15.9898
187.825
207.59
12.3928
124.205
57.9071
11.3112
276.11
2.49167
107.627
2.9248
210.879
171.941
155.873
98.1409
185.25
242.815
122.448
168.859
190.204
164.653
64.2601
238.44
281.464
295.474
292.965
165.455
173.973
209.774
11.5973
12.6268
12.7766
187.058
210.939
167.145
51.9547
8.67884
226.003
273.019
323.719
97.8457
2.81677
338.629
191.452
331.504
3.01986
243.307
119.049
56.9578
11.8078
129.21
183.017
93.6669
619.067
20.8343
45.8634
160.449
192.562
95.8094
146.164
211.237
220.897
162.27
327.269
373.007
11.8005
247.715
239.248
207.876
11.0896
11.6615
207.588
214.623
189.36
436.909
168.074
11.6194
178.238
171.457
386.501
182.976
89.874
215.092
138.492
300.713
146.985
277.681
214.603
197.326
156.914
484.545
115.051
80.8429
227.086
169.581
107.679
3.50369
147.215
3.10023
124.767
12.9052
144.933
107.905
211.795
11.5718
174.128
3.12606
13.3137
11.9302
50.6321
13.4959
8.9934
7.31829
116.674
155.252
3.44453
237.248
111.956
3.29381
12.493
10.753
109.546
3.43899
148.328
8.15681
40.2939
9.37978
10.5447
63.6725
4.14063
131.532
12.0319
13.6285
10.8862
3.07509
12.3622
12.3275
3.29315
3.18709
11.041
33.1688
10.1518
14.1048
9.46089
13.0972
101.263
10.3062
97.0297
114.597
3.58775
23.3198
3.09378
3.29025
12.2355
3.10689
8.82658
18.1993
44.2843
6.28199
93.2926
11.3362
127.644
176.996
31.2421
9.49076
18.5529
151.095
140.907
113.204
152.853
11.169
84.4121
3.17635
85.3587
13.1115
9.15734
12.7565
10.6086
221.227
119.192
12.6314
26.2627
61.6547
34.2421
137.623
124.122
54.9463
14.7738
89.7805
168.298
164.306
318.214
59.6971
157.486
42.9394
25.0427
118.007
131.609
47.7901
22.584
17.4555
186.779
222.061
53.8936
311.118
39.7818
113.139
44.807
258.305
162.464
47.7746
57.0807
305.816
229.613
26.7127
159.098
28.928
313.345
27.3186
39.8406
18.8654
23.0478
56.9147
34.6292
176.475
53.7658
43.0739
135.91
68.6064
156.185
28.2588
34.1589
93.6108
34.2323
67.2855
154.467
144.164
160.899
1046.69
173.469
39.1078
197.485
108.739
90.9193
132.693
172.401
157.216
34.3632
24.7929
89.7755
36.221
398.173
44.2938
137.943
648.408
320.009
163.735
30.0127
100.195
48.4356
43.0421
221.73
225.74
32.5945
174.802
110.761
21.8
129.51
397.505
39.3239
45.4085
24.8505
16.4611
62.1175
19.2006
390.224
276.04
37.3864
176.671
420.62
107.23
143.407
48.5213
53.4718
178.7
169.436
27.8466
83.5155
87.6146
77.9396
130.643
9.81625
208.122
12.8619
186.568
126.603
207.367
33.9241
16.4831
103.886
12.579
179.413
4.44275
128.213
4.69263
15.3053
12.6502
15.5171
191.128
4.00305
150.064
18.3452
138.59
13.8637
23.9427
184.86
14.7964
169.359
156.601
12.0227
402.01
4.22893
157.55
28.6007
178.928
13.3366
13.0706
14.2707
44.5515
164.811
107.52
13.0183
269.033
92.1858
250.966
3.8608
15.3721
254.34
206.25
177.651
169.212
310.58
37.6649
12.365
21.4525
15.3501
4.74238
8.58031
4.72716
4.86538
252.667
11.4974
13.5815
206.394
3.48841
17.5698
193.298
13.3082
17.3044
96.9628
13.9124
336.927
13.0192
258.941
13.1629
9.98175
14.7899
130.527
13.0493
148.944
4.32536
280.489
14.1249
63.0978
11.9284
167.857
14.7031
15.3479
5.22935
4.4159
16.7057
140.732
66.0386
241.861
4.76255
12.0612
16.7722
13.7253
150.516
10.604
123.39
24.4122
37.0525
31.0082
48.5783
45.5359
28.5807
46.0289
21.8295
13.493
14.986
8.72818
76.1773
28.4952
31.3858
12.511
10.776
56.6718
29.7401
47.5881
2.00759
26.0594
45.6898
24.2238
60.4741
41.1706
85.0045
9.92907
30.8045
65.4638
29.5321
95.9458
24.7184
126.954
18.0036
36.5033
29.4833
21.7321
9.16585
5.66716
38.5017
2.00461
54.7915
39.9337
23.8455
49.6565
39.8331
34.451
29.5464
44.3193
70.4968
66.6027
24.1589
40.1993
32.6243
47.7798
48.7054
53.4509
23.7996
63.4959
38.1495
11.7138
65.8919
12.8244
10.1455
29.4371
13.0541
34.1706
16.2723
15.0511
12.4892
17.9385
48.3343
39.8966
13.3527
28.8
70.3206
35.5617
35.6951
21.5834
34.8028
30.905
80.011
23.2386
112.127
14.4607
12.6351
9.48784
22.871
24.4696
27.7032
9.15519
54.1023
26.5135
54.988
33.7133
42.4311
27.0897
20.5181
52.2352
17.6886
26.8865
25.6155
25.125
50.2881
29.4865
32.06
54.4216
24.9184
119.971
876.146
2.46116
204.419
259.297
2049.78
958.419
2363.07
345.442
1152.87
2.56219
377.532
75.5228
339.957
1595.97
1012.99
41.1869
2452.25
2538.88
2113.49
3.14188
79.1849
73.5381
27.7975
1035.76
37.6353
9.46409
40.1944
4243.32
23.7484
509.834
2.4463
118.657
1320.16
53.1619
43.7787
89.4253
3837.57
921.398
678.042
28.8921
200.856
38.3928
470.571
345.63
42.6663
35.5296
305.72
35.5599
281.791
61.3884
2598.52
2.67933
27.5329
39.9319
25.8394
30.4625
79.4128
39.4461
2.35574
3094.23
3861.29
760.709
398.862
133.874
1365.87
10.8742
23.1821
57.7254
2.56364
28.8051
34.7106
4137.41
2135.6
44.6685
734.476
19.3087
874.583
9.2073
5854.08
3275.68
337.661
27.7109
27.8367
54.5495
20.3428
171.865
894.277
2942.63
10.588
756.586
2205.63
24.8168
102.561
149.19
21.904
10.8738
7.39414
18.0237
12.373
13.0189
26.619
2.11313
32.1633
26.2983
2.33902
2.70752
52.2988
79.6959
10.2464
9.92114
94.018
52.2509
181.177
96.0364
13.1189
9.93242
23.7548
31.5135
9.47727
10.938
19.4245
481.773
2.16911
8.16291
12.9041
20.903
42.7585
22.1637
31.5379
99.6976
1.96699
36.9289
12.8184
31.9848
9.28639
13.2955
9.86387
78.5169
118.085
2.55794
34.4017
59.848
10.3618
1981.26
1.97343
16.8492
131.388
7.99628
19.4645
10.9305
84.9167
100.998
43.7727
14.2815
2.36954
2.10688
62.0455
22.0072
119.896
2.09141
27.6647
10.7978
11.397
95.9318
2.34802
6.86984
9.49918
65.8757
23.1283
2.04706
80.9718
9.31757
26.5286
7.29561
8.57141
131.916
26.701
37.5055
151.278
2.76054
109.711
9.71779
19.9901
130.159
12.6954
11.7654
9.74145
22.4224
10.0147
45.0414
11.0279
27.0621
17.0482
24.653
74.4432
109.619
19.1815
110.958
101.662
26.9448
38.675
50.8601
88.6367
106.712
27.5124
15.3075
109.272
35.9762
19.6988
14.1226
49.7923
123.161
99.8528
28.7814
120.483
136.311
139.204
93.3663
14.2687
139.388
135.209
25.6224
94.5187
100.875
16.5265
95.8891
113.375
113.119
118.872
19.7406
26.7534
9.71328
14.9063
26.5967
40.94
26.2875
62.6906
11.2374
21.3237
104.113
85.2929
38.0529
13.1971
77.0441
66.79
78.8155
36.7523
110.918
146.634
110.774
22.9922
105.292
99.5047
98.4582
108.74
81.5312
29.4789
14.1652
54.3647
99.2736
26.9744
23.3778
14.4425
98.8128
15.2832
118.454
43.1319
27.0985
113.073
19.6162
73.9484
94.0261
87.5567
114.827
127.307
25.2323
10.4795
23.6209
9.36606
149.151
17.2325
70.2218
21.085
83.3512
28.6115
32.1574
149.533
73.5291
19.9668
22.5039
16.437
51.8605
23.9881
13.6264
41.7378
101.107
71.3819
38.0842
33.5842
89.3408
15.9398
23.0708
21.2321
21.3378
45.3817
20.3737
21.2808
26.8799
28.5572
70.0285
25.9547
57.0018
22.2817
25.1491
12.9503
18.8538
57.2788
25.4963
22.6519
13.253
70.7319
22.2508
33.7727
98.2292
46.5097
19.3086
19.7544
21.9195
20.3225
18.4889
20.1378
16.0162
95.5635
17.2524
20.0877
15.9549
18.2755
28.9291
23.2238
33.6421
27.0913
33.9593
66.3718
26.1974
66.5553
24.0844
23.4009
23.5617
16.434
25.2545
15.8378
136.425
40.1822
16.9111
53.0369
38.2637
14.9554
22.7714
30.7394
85.6034
24.4436
21.4159
24.1397
41.7307
16.899
66.3024
40.5136
66.7477
23.1879
82.172
36.7865
19.883
56.1597
19.6907
41.44
19.6978
36.7735
25.7845
51.5646
30.5319
36.7112
43.0629
15.5088
56.0456
14.7814
90.611
35.2103
30.6579
29.3458
105.768
2.57383
37.6123
22.1211
13.7879
56.2595
115.414
24.2077
13.9402
169.06
29.719
30.5318
23.1918
20.8193
32.8
38.5438
17.1936
20.0563
14.0289
15.9457
50.5456
45.2072
24.513
15.0397
14.6618
71.2293
115.283
38.5087
42.6633
23.4154
55.7992
25.9405
39.7824
83.2679
20.8264
61.3852
65.2587
19.735
37.4772
85.6011
28.9927
15.4162
23.755
38.6365
15.9017
45.547
24.0143
68.2722
8.24032
27.7947
13.0492
9.33992
45.4792
18.0199
23.9827
57.7182
17.1129
21.0985
45.3681
62.0257
21.3829
34.3451
22.7184
23.084
31.7585
84.9345
15.6026
26.4452
52.4533
49.4294
78.8792
25.7636
20.6031
17.8513
59.9801
15.6179
72.2364
13.1704
14.4961
86.2905
21.2264
23.4238
51.2957
71.0539
28.4128
47.1576
39.7056
20.1631
17.6388
20.695
30.5517
31.0464
24.0029
43.855
25.1763
25.7467
27.7463
40.779
42.0101
30.9624
66.9114
31.4648
13.3495
24.5748
28.7579
2.7427
115.711
12.0079
24.247
152.726
101.575
8.68006
10.8242
9.94933
7.55344
17.0921
21.305
11.4411
17.3876
26.8506
16.9449
11.5457
95.6347
8.91516
24.1541
15.4956
34.1454
12.4287
2.69016
13.479
94.0189
12.4504
2.75345
21.9569
11.1393
18.2382
18.3779
13.5809
105.66
28.1561
10.4218
87.6578
36.8354
134.333
2.38306
38.0324
2.67922
15.9108
20.1947
2.71988
2.6384
20.5041
2.9362
12.1147
11.7819
24.7105
11.0101
2.73756
15.0483
112.435
12.2354
2.97139
22.3082
11.2886
102.084
24.7996
10.5047
26.2327
24.548
155.714
11.1489
131.469
8.7562
8.38937
17.2796
18.9552
22.1392
31.3472
27.4686
23.5985
10.5322
14.7371
31.4225
35.6291
30.7529
2.69394
25.0862
13.6348
3.00823
23.3089
94.8386
2.45493
13.4084
9.80043
101.424
13.2497
2.24821
10.3328
130.412
24.5845
20.6825
8.89989
32.8204
54.7735
24.2758
51.167
8.1067
793.424
110.765
26.0835
26.931
23.8519
30.1074
6.57724
15.1572
21.678
6.72845
25.6464
16.7196
104.679
19.4296
28.0862
11.4815
62.7302
107.007
10.8338
14.929
89.9849
152.421
21.3465
66.1529
15.0164
123.41
35.9146
17.1953
27.2816
19.5091
11.2494
30.0949
109.861
15.0196
15.9697
21.9847
34.4636
30.8162
2.44211
32.7071
174.283
26.5557
15.5992
982.245
20.2986
149.438
26.9464
16.3517
114.785
25.6644
35.4346
36.8575
22.7479
26.8018
36.5083
133.434
119.913
21.3346
11.2769
18.279
114.489
9.38352
8.77582
101.132
35.7872
135.415
2.60199
27.4855
7.46877
38.3422
20.7483
72.2513
420.369
19.1908
27.9997
41.9807
38.847
71.3897
28.0634
19.2688
20.4311
28.1157
20.8339
68.2225
22.9627
22.4225
18.7908
16.3752
121.034
744.46
12.7405
144.82
27.364
31.1853
2.27598
84.5967
38.5828
23.1461
24.5836
119.337
530.209
78.4482
107.703
39.6463
20.4254
48.4797
33.4949
735.082
56.4144
32.6833
145.9
17.4452
45.0872
36.9407
845.232
88.1545
54.0788
654.806
45.1109
23.676
59.7859
146.9
48.9347
25.0712
23.1083
104.464
39.0808
85.1692
78.8361
25.3264
55.0345
114.069
170.727
25.0696
118.482
110.597
101.673
84.6024
89.966
32.2451
51.4122
31.787
37.9179
46.8942
140.268
21.1783
137.624
30.6177
82.0734
31.22
25.891
77.1967
38.1391
20.0697
34.3347
120.055
337.854
400.882
132.216
38.4352
57.2824
21.9626
89.0313
759.606
42.3479
360.233
224.327
25.5985
77.9681
47.0163
20.6544
45.6939
26.8696
82.9887
40.1588
91.5919
47.236
56.7849
58.3357
94.1267
869.134
34.4274
56.6176
51.3038
25.3773
41.4572
107.796
39.0816
122.054
30.9537
96.0509
34.1037
75.7185
75.1493
41.5564
50.8942
21.7267
97.8869
32.0801
241.761
31.8796
30.9297
33.2066
86.1732
24.6502
107.851
33.0868
85.1493
36.6848
28.0248
160.641
40.884
79.8753
21.3192
31.5641
32.9852
19.7048
52.938
42.839
33.409
33.6588
63.3391
32.6531
151.884
31.6598
53.0644
23.0127
29.7645
158.394
27.2543
40.9922
22.2079
131.968
138.464
26.7237
208.125
94.8715
114.043
36.2105
63.0079
22.3225
21.4428
66.1525
39.6169
180.818
27.6889
123.969
24.1474
23.1725
32.9335
129.291
35.1581
22.6461
37.2782
24.3957
27.0021
107.349
39.3967
115.315
35.6757
39.6988
21.5617
19.2876
54.7671
21.3935
64.7862
92.1563
50.2655
54.2924
26.8179
57.8034
25.2281
29.6563
21.6165
112.388
29.6731
103.899
40.078
18.5839
68.8642
40.7247
139.454
31.748
26.0816
32.8802
31.4835
26.0825
67.3631
41.5134
33.3557
25.9204
22.5841
160.963
20.5698
34.3577
238.886
34.0892
36.8495
34.6529
34.593
48.5782
258.668
28.8587
24.9347
39.3228
25.74
143.562
91.416
77.958
97.6434
3061.1
36.074
35.9654
742.933
41.2627
79.4089
18.2183
32.6961
21.3192
41.8833
71.6289
36.1615
45.2374
44.3211
172.737
123.788
48.4811
41.0434
44.8281
28.1407
35.1548
33.0598
67.4122
35.516
47.4035
62.5067
30.4985
43.9757
40.5065
52.1977
33.681
98.8374
206.345
119.222
402.058
35.6113
22.6956
41.8392
27.8448
379.233
29.9173
51.1206
69.4081
391.851
25.8592
34.0433
49.2993
22.244
20.508
32.6056
57.6318
23.5611
34.1895
24.7518
66.0039
40.1843
42.5105
38.8008
22.0904
38.191
29.4718
58.1466
82.805
26.1371
37.7525
114.931
23.3071
25.0578
450.344
57.005
251.492
52.4146
36.0259
167.613
31.5807
37.2046
35.0078
19.2781
146.56
178.896
24.5017
52.4504
46.3602
41.7549
44.0687
24.8686
33.2106
28.0097
20.7448
19.2106
20.775
38.419
35.8667
12.9777
15.969
26.0307
32.5365
24.1551
33.1078
27.3511
22.6322
40.164
20.2537
24.6602
18.2229
46.6373
24.8377
43.8989
111.818
31.6517
36.9999
18.7637
123.985
37.3953
21.4077
25.378
48.5917
23.697
27.4928
40.5435
37.2798
32.0616
25.2555
32.5457
212.945
17.6254
28.4738
15.7151
24.583
40.5424
32.7308
25.5335
34.1366
151.816
28.4591
20.8944
23.1164
20.7058
25.1488
30.3742
17.2817
87.0255
47.4823
24.4304
29.4806
46.6204
18.7077
17.5093
25.5973
44.1793
30.5154
30.3518
19.1482
18.82
77.1706
34.2194
30.9031
19.1857
38.7231
15.5388
18.2363
27.4523
37.8762
56.4992
36.8737
39.1569
41.3833
23.1687
16.55
22.3437
22.6311
31.6661
32.0079
116.896
26.9452
36.7057
145.444
30.06
53.754
27.8069
31.5833
137.606
21.5642
39.2475
36.8492
21.5459
32.5445
9.46772
31.9386
27.666
27.9691
21.4188
30.5132
26.283
27.0636
19.879
28.029
44.528
126.54
34.3057
27.3192
126.073
27.1936
33.617
25.0605
21.7055
27.6828
38.9378
68.1952
102.63
26.5152
5.44574
12.4862
19.529
19.6657
25.0035
14.541
23.2897
132.959
45.2653
37.1585
11.6513
74.0185
12.0211
11.8251
24.1724
17.0259
12.627
17.1765
33.1635
2.76553
21.6515
82.8582
108.114
29.592
16.6484
25.6785
13.4455
11.3724
32.2025
20.73
25.5563
101.418
53.0418
35.2396
90.0692
3.02968
21.5544
71.1864
24.2428
16.2453
15.3919
23.7137
28.0454
65.3299
20.714
70.1448
20.4973
34.2197
38.1058
71.9429
17.3124
21.8539
23.9624
34.694
16.9627
19.0347
25.1295
27.6202
28.9293
22.717
52.477
29.9447
20.3687
34.1595
20.8744
13.7154
25.6449
130.626
135.398
18.4943
11.2158
19.4409
22.8071
21.1733
80.7516
303.168
13.2714
13.9991
104.212
22.1351
36.8344
17.6647
56.6255
23.5574
28.3488
9.16034
356.234
26.6346
2.38209
79.7088
25.0449
22.337
21.7917
10.9879
31.1321
79.5179
25.4492
70.0014
28.3693
9.12468
25.6863
6.31562
65.8396
17.5973
93.9794
87.2978
15.1271
7.67527
58.7437
19.8892
36.9086
17.8248
9.92658
79.0371
1091.39
25.2213
24.7483
81.303
82.929
111.188
9.28198
88.7102
67.7891
12.4209
25.6511
2.56277
9.66822
20.4404
12.5474
25.2057
70.7069
44.5983
20.5528
117.341
24.1125
97.1064
83.8899
41.3415
26.6353
11.9513
28.8477
115.787
12.7959
36.7693
7.73872
12.5095
24.0792
14.1715
9.6737
50.865
10.743
104.384
111.092
19.7948
36.1573
24.6922
13.0273
40.0632
54.4294
2.55694
7.18369
196.876
10.6898
10.7501
20.6504
2.8497
26.1046
11.6649
8.31936
2.35371
85.2847
2.71658
2.9551
20.613
127.689
194.993
162.278
97.6693
126.387
96.1937
165.374
102.955
49.3431
253.778
99.5194
102.522
46.163
135.717
196.398
28.7187
79.6832
83.0985
93.7275
219.825
116.805
90.5096
219.782
128.728
20.3257
164.334
85.0088
30.6802
119.147
348.305
235.846
19.169
84.7492
22.2255
101.338
47.2353
43.1031
96.6159
108.926
57.9271
291.423
210.369
62.885
27.8699
23.7004
28.7404
224.341
143.614
123.656
173.442
191.821
165.537
101.382
121.182
24.1602
37.2009
113.039
31.0602
309.584
379.383
92.5785
31.7444
47.0503
31.8562
156.958
137.921
169.914
84.9218
99.3064
101.817
112.383
24.8617
140.39
162.29
16.2856
96.0303
83.2178
131.36
24.8497
123.8
154.863
128.35
16.4736
82.2667
26.2242
91.3821
23.2038
265.814
155.122
155.982
28.3044
87.6714
45.3963
66.063
95.5355
255.377
33.1873
39.3689
42.1982
151.863
31.9162
248.349
105.597
13.0965
23.6366
100.248
18.4495
27.6251
21.5218
16.8678
22.8951
24.5929
31.5128
37.996
69.0868
32.8147
31.7353
69.7451
28.1073
29.4745
13.9768
125.993
53.4324
130.318
12.0094
19.0823
8.87066
27.0804
8.2159
24.7722
45.9633
27.5255
17.825
24.9513
33.6054
19.0529
9.24149
2.30528
15.5981
11.4962
107.595
12.2306
123.097
18.3435
31.9226
31.9813
19.8536
10.4796
2.61943
16.6356
29.5901
175.412
78.1597
7.80638
7.08453
70.9671
10.3541
100.182
23.1901
2.34131
146.733
32.7445
9.45823
23.9807
24.7299
119.779
61.0063
31.6321
10.4248
15.9227
115.062
125.566
105.302
9.25028
23.0387
8.05095
23.0835
44.6263
19.84
9.27056
27.3411
34.566
84.6301
107.029
15.4496
15.4065
20.1682
25.2166
8.84745
28.8851
9.40173
24.1798
13.0347
12.4741
24.6377
80.215
80.7426
217.548
24.3986
3.85553
22.3874
245.653
92.2526
113.728
128.015
16.1957
27.2664
156.378
155.499
154.393
18.7407
195.095
23.5286
128.199
118.756
120.973
24.299
158.272
85.7039
22.8053
27.7492
89.1012
191.972
105.926
22.7933
103.156
11.9018
39.4897
167.87
21.6634
119.629
99.0549
118.203
42.2184
309.328
24.8882
55.9098
16.7792
131.986
17.1515
19.9745
157.76
28.4002
102.938
13.7094
122.619
207.734
110.459
32.8571
126.179
139.436
16.0263
91.4538
16.983
120.523
12.5407
35.8142
60.619
63.2737
108.826
153.57
14.4139
91.6698
128.865
120.813
182.679
25.6622
127.555
104.505
121.043
42.8446
26.031
39.0983
23.9868
70.9041
129.234
19.8162
134.672
37.3785
53.7003
129.656
12.5334
120.165
177.431
29.5379
29.2338
34.9362
20.7335
167.44
27.7572
38.1801
137.656
117.507
146.137
110.655
102.768
127.106
52.1605
13.6132
17.8485
711.974
25.6585
63.6179
35.298
11.8294
77.6316
129.538
76.4325
117.066
9.54146
63.9332
109.768
92.6925
10.819
153.308
26.7084
70.5002
95.6743
41.8357
152.671
123.04
8.36605
44.244
18.5206
96.6522
22.0907
140.096
491.261
2.46388
70.5024
39.6232
90.1188
175.69
20.1782
80.2719
66.3537
54.9861
59.971
39.2271
8.74602
35.5475
58.5051
117.67
122.529
144.332
243.089
136.904
42.0978
339.989
33.3628
79.1051
92.3974
130.415
49.6605
38.6663
80.9378
162.398
49.6989
45.3113
39.5797
10.471
28.939
53.6953
128.071
48.85
66.5222
332.391
419.926
120.284
38.6376
162.264
25.8795
23.0669
15.4531
505.909
11.178
118.784
104.148
150.213
57.8394
102.034
23.9124
39.1103
199.462
11.495
45.8893
86.6822
17.0506
167.564
118.896
131.475
23.0359
106.016
112.97
202.038
51.4751
102.622
33.0121
38.8772
23.7276
158.263
142.59
15.7434
4.20678
4.19236
49.9839
23.3997
183.102
118.829
93.3982
28.1885
111.968
57.1447
205.58
35.2202
53.997
13.5286
24.1506
206.577
132.557
22.1663
39.6072
18.1428
151.242
84.1491
45.8599
39.6088
135.183
141.586
50.3738
12.9386
64.7455
39.8269
41.0607
52.7696
106.219
140.557
39.0568
132.89
12.1627
98.0303
95.8716
173.798
44.5206
17.6769
140.191
4.07007
24.7441
37.1677
97.6395
42.0409
67.0909
86.9415
41.0671
63.5512
52.4742
138.954
72.9666
35.7165
125.66
184.518
24.2126
28.8011
144.086
129.082
120.202
212.134
30.9218
98.1504
125.095
110.166
23.4963
101.259
146.59
172.434
89.8164
46.7167
126.708
62.9283
32.9731
107.395
106.223
103.901
33.0615
91.3113
20.3352
133.982
211.575
105.039
134.684
170.315
74.2061
142.507
181.345
110.405
47.3508
44.6001
73.2033
57.9892
22.0781
137.581
234.79
341.484
101.865
130.264
28.6419
350.75
133.193
25.5282
273.67
267.027
22.6494
325.65
202.44
153.944
174.377
132.74
114.38
286.528
1020.86
68.6524
186.786
281.963
181.4
163.545
69.722
134.417
82.9116
291.011
173.238
192.34
28.8025
37.9282
265.426
291.762
41.4119
157.994
127.239
188.241
248.691
142.844
214.365
327.409
236.842
245.291
116.605
226.664
80.4433
371.717
224.842
43.7533
17.686
221.199
281.34
219.899
256.953
27.7128
42.5272
221.862
166.44
88.7108
140.582
159.802
168.715
93.5173
235.855
103.173
252.363
161.101
3.83403
142.384
311.573
50.0109
48.0603
44.0724
143.783
173.425
43.2516
33.6637
467.008
36.0895
119.867
45.8699
288.054
226.467
40.5703
28.1836
193.138
238.172
266.913
213.589
128.119
145.048
54.1833
204.603
211.922
121.553
237.655
81.2676
119.254
129.775
29.3196
154.631
147.916
11.3964
10.2588
182.812
144.367
39.5622
12.7315
15.1475
30.491
4.01901
151.324
28.4871
99.1119
46.4892
12.6571
2.94101
141.978
163.57
132.11
155.858
172.245
4.21129
3.37514
131.629
3.95289
157.719
149.555
131.271
11.4778
14.1995
40.8725
270.468
192.44
117.272
31.2139
154.364
49.5624
3.5185
148.197
12.5759
136.404
3.41316
10.6879
12.5994
194.326
182.817
94.9848
40.6612
99.9002
4.59862
3.2215
169.949
173.164
14.7325
199.466
203.483
49.9394
173.109
133.603
21.1367
39.0975
11.602
130.332
147.726
143.75
26.5743
23.0242
142.557
49.2318
104.808
144.115
3.74348
143.222
104.7
157.622
149.054
96.0921
3.59682
3.1595
11.7724
44.3453
30.3592
156.763
119.719
3.05162
137.965
10.3763
118.507
122.66
201.673
139.815
135.697
14.6133
73.5667
3.63666
12.0054
162.901
1974.55
865.74
9.71348
31.9511
203.163
14.6983
12.9876
255.343
220.98
160.971
238.023
196.719
166.107
240.903
33.7126
51.6206
157.62
114.194
209.529
46.1207
41.4903
46.9074
203.834
39.3361
41.254
43.2907
229.141
544.81
12.1903
45.0005
31.1786
64.206
75.6334
218.617
214.398
88.4268
40.9131
92.0667
656.755
178.999
193.789
701.4
198.896
135.561
3.39675
46.0312
10.7875
234.32
51.6816
2877.1
227.672
119.474
159.196
170.775
67.0711
86.7405
136.469
36.146
41.1079
139.166
862.538
55.5231
230.839
235.255
45.1868
75.6227
122.59
161.737
68.3582
11.1235
38.0095
606.451
148.74
46.6945
149.154
69.9527
15.265
33.5087
158.652
11.2453
221.885
245.661
40.4397
893.589
212.914
49.3219
32.4268
190.703
15.3729
193.494
45.9956
42.0368
22.4137
32.2855
108.454
69.0145
10.3985
46.8748
14.5718
201.778
29.1736
21.6529
940.606
23.3587
31.3042
24.876
48.6997
1403.23
32.4278
28.4118
1847.24
41.3643
20.137
1172.2
30.642
51.7749
13.6814
31.7009
38.0937
39.7741
27.1486
2.46375
308.301
36.4111
141.055
35.2247
13.3474
48.6261
297.633
41.8878
28.5771
31.195
33.6269
31.911
25.203
402.903
806.313
170.725
39.6146
26.0379
35.3457
2.23423
46.0102
60.368
50.3955
113.482
120.12
39.8993
27.4643
25.4424
40.8263
12.7791
30.1904
33.5258
39.2574
647.152
398.634
89.9213
28.7279
30.1434
32.164
29.2783
40.9777
36.8857
42.6664
200.085
18.2253
953.03
64.0303
10.3592
79.4652
48.1429
21.7285
12.1955
22.2497
11.0009
22.7649
36.6515
33.9478
40.1147
37.882
10.8538
38.1219
55.8127
570.762
57.9209
93.6495
23.9405
23.4385
250.596
1346.2
30.1932
72.658
13.2515
21.9243
36.2139
114.073
66.6737
28.843
1110.15
69.1672
72.1271
115.05
34.6351
42.7231
228.193
35.9513
70.3592
64.2717
48.5592
28.0012
55.6699
204.568
29.6863
18.0744
36.791
34.1416
27.8843
106.372
13.8908
36.921
70.8645
34.5803
54.9451
202.147
47.3763
42.9345
322.742
19.7771
28.6982
38.6787
32.9235
50.0973
331.81
38.526
60.6363
40.6031
68.2769
23.0185
23.693
40.5683
36.4197
59.6032
68.077
15.642
35.3883
49.6028
32.4328
358.773
22.1079
65.2941
33.1506
68.0722
477.876
296.707
115.896
205.164
34.264
42.2137
28.4539
39.815
321.319
324.657
58.7753
298.239
49.1245
44.7625
278.118
14.2496
29.8843
313.995
36.8013
14.1932
24.5237
294.892
165.665
202.465
56.4712
125.107
42.9822
109.778
206.092
4.45532
81.0818
52.2212
39.2676
38.0919
355.39
40.4107
349.056
43.1096
36.0647
53.8909
60.8079
362.548
31.768
27.2695
185.359
110.278
27.2031
216.598
18.0097
54.2266
63.5828
26.2394
144.902
229.471
281.26
147.327
206.728
141.135
25.9806
152.645
21.172
218.771
198.799
41.9796
227.436
176.532
166.666
103.08
180.316
50.2927
171.892
220.231
65.5648
196.173
38.0564
88.2914
124.305
198.308
252.783
29.264
299.359
295.848
42.581
280.202
30.6281
26.6199
74.4162
41.957
137.904
45.7156
224.74
254.871
67.0305
30.8615
166.387
28.035
38.0588
199.721
138.342
54.0174
210.978
114.1
35.2826
230.259
30.9506
45.7317
38.309
310.423
208.476
307.158
17.7915
139.501
18.119
538.891
38.6838
266.891
203.664
94.3493
128.009
34.48
56.8187
273.615
221.863
140.867
173.435
114.953
27.4734
52.6985
63.7239
149.698
61.3072
156.434
131.153
82.0651
43.3454
24.052
335.036
34.1463
40.492
139.202
302.828
17.629
143.817
27.4637
125.036
181.116
47.0739
63.2879
295.665
162.101
3.7686
3.22525
127.612
328.733
3.74424
120.155
199.572
11.4041
3.55758
14.5191
252.031
20.3041
12.0806
4.69267
68.4017
137.247
113.753
12.0415
127.65
134.176
29.3026
20.8364
297.57
10.9008
137.113
163.206
73.5533
150.96
15.9569
154.886
29.0995
245.858
118.037
172.215
28.8654
7.78063
221.466
265.889
63.9103
3.409
100.703
113.077
217.905
11.1207
3.20651
2.64953
11.1482
198.242
31.6579
226.405
8.17122
256.507
2.79928
34.0734
2.88956
105.236
308.081
24.2066
147.412
3.33088
171.772
10.5279
9.96706
207.889
3.23257
14.0746
214.939
14.1258
225.283
3.2032
179.975
109.273
9.03545
12.1934
146.822
8.37465
14.1227
187.603
29.1605
55.7624
88.7566
2.69921
119.573
141.401
415.315
11.0794
157.266
156.093
2.88259
49.1972
2.88448
30.2925
16.3969
2.90619
28.1092
3.71621
2.92956
39.0884
85.5368
21.7644
22.4601
18.7807
3.7118
14.8843
43.141
18.0886
31.4658
14.1934
22.4041
33.365
3.86719
3.9329
15.4557
33.5274
105.168
28.9127
23.748
39.6044
20.0719
26.5803
14.2973
3.576
29.5853
4.02845
11.6957
28.5183
3.54837
30.5197
22.4489
43.0832
3.84596
128.956
44.0286
38.3224
33.3562
42.4612
28.6038
22.8685
40.5594
11.909
12.2679
21.1782
38.4754
27.9825
3.56323
55.5074
49.0097
21.4236
36.6167
29.9667
131.887
20.7487
23.0904
35.1867
46.6456
37.6079
22.0515
3.93942
26.309
24.2923
29.6357
14.2282
41.9104
108.464
14.6392
48.0642
4.37335
61.2752
166.691
11.963
29.4166
37.1282
3.31199
10.1161
3.87193
25.3629
26.2768
28.1117
165.94
14.3266
36.7525
168.763
22.4325
48.8859
25.7532
163.723
15.4129
12.2311
26.5667
46.9448
4.10821
4.16409
46.3109
13.8941
41.7833
28.8357
10.8318
31.1429
445.954
222.855
188.181
17.4064
159.64
27.268
15.5826
32.5006
14.1092
160.96
16.235
4.56734
39.0618
137.242
4.00068
37.3748
43.5692
169.039
14.1685
4.87306
435.15
199.082
14.8657
12.7056
14.2816
4.64948
38.3421
179.964
309.554
5.57081
34.8831
12.8009
168.786
20.2965
14.0276
17.1874
143.924
4.67919
309.447
257.25
14.8006
237.584
228.142
16.1326
4.69298
15.0951
15.3063
226.959
298.203
17.2043
196.25
225.469
4.21712
151.645
260.279
225.363
167.875
12.717
81.6346
14.3464
160.703
203.895
37.5453
209.664
16.0077
220.497
39.4042
182.485
33.2987
13.055
4.64408
62.7149
14.0498
14.3248
304.797
170.709
217.391
171.774
53.1878
16.6076
12.9653
248.18
9.44176
51.9528
27.5372
151.08
178.644
16.1021
362.87
234.34
235.987
152.849
22.7978
12.7927
15.9123
30.4933
5.1873
4.45388
31.4133
4958.78
777.024
997.832
5941.21
362.457
259.031
184.158
413.163
30.3282
1166.78
1135.22
6457.95
1274.71
59.958
157.912
439.048
1538.42
312.569
1195.26
254.315
2672.24
407.938
164.074
1024.73
75.4856
98.0244
136.543
1120.41
278.242
361.354
2690.8
400.794
369.24
71.6542
428.083
332.39
425.438
310.775
490.032
548.858
8178.26
253.426
311.672
262.06
34.145
254.478
6651.56
464.095
605.893
63.9308
336.755
4075.84
1225.15
14015
445.016
123.509
365.758
20.1423
1229.52
374.184
1166.57
47.159
369.305
100.739
159.302
414.542
352.19
264.725
80.5011
343.257
43.6438
1221.19
29.6744
1113.91
228.702
2263.8
1395.97
11098
50.6737
325.701
143.24
7360.3
294.165
392.113
69.5051
258.89
282.505
584.999
244.521
372.748
748.817
1298.81
12817.6
350.081
769.774
4078.18
342.65
139.431
368.589
65.4275
17.0806
10.6709
4.01763
94.9502
12.1991
74.4496
9.07596
101.574
12.3295
68.023
104.57
3.03059
118.446
2.86511
3.18661
8.51283
3.04062
103.321
2.9939
11.8149
13.397
112.337
13.9325
3.29626
3.67886
3.82126
11.0346
151.844
178.196
7.33879
148.178
3.34771
3.15141
3.21967
17.1731
3.12696
12.6279
2.93286
3.92124
104.912
3.00559
12.3281
12.141
17.6348
12.0287
189.594
13.2884
3.54453
3.04606
13.1057
3.46821
11.4405
8.59909
132.798
174.199
10.621
13.5929
12.4384
3.05497
28.8171
7.59416
13.121
128.431
9.73437
12.4083
14.4918
3.23575
15.3196
3.3599
3.27231
13.5377
194.316
10.0809
3.09361
3.41805
10.3875
10.3722
27.0373
120.332
93.4964
11.8439
181.66
120.967
8.63094
2.85572
90.1083
94.6529
8.43204
3.10755
149.519
13.2077
14.4239
109.074
7.88926
113.888
3.33615
3.54324
13.4387
3.0294
9.61872
52.0251
188.66
47.0264
44.8036
339.27
28.8025
30.6867
31.4949
340.978
164.301
32.1346
90.2463
237.175
99.1403
23.4688
147.515
164.61
156.521
28.8764
24.1019
32.5767
32.4129
166.689
209.283
26.0062
37.9
215.62
46.2531
43.0697
26.8281
23.7477
92.979
28.5233
27.1409
41.3509
32.3091
57.5811
47.5322
24.1714
47.5806
22.719
170.665
27.7965
67.5387
243.703
141.469
43.2639
14.3631
30.1543
21.0549
27.5815
37.9365
131.479
25.6829
24.3362
29.3909
18.9253
190.599
26.0072
23.0575
22.7533
38.5519
36.0943
47.7451
35.7352
49.8764
240.006
100.277
32.8859
33.4404
22.5476
37.4864
25.006
133.028
243.239
30.0629
175.007
203.361
43.5659
61.7381
22.5893
141.027
47.7924
33.8195
31.7464
76.9264
195.335
31.3774
25.6366
46.072
23.4859
54.7626
142.247
190.505
21.7548
49.4795
30.6935
36.8318
25.0347
109.918
115.535
209.064
399.171
57.0001
53.0421
124.959
43.4639
916.6
1288.58
44.5203
255.052
47.2516
34.1101
29.2192
130.563
95.4111
51.6265
33.0999
43.9502
85.2632
32.6083
24.5003
128.97
682.934
247.675
27.7315
19.888
50.7677
38.251
22.3718
127.954
1288.95
33.2825
172.764
47.9603
256.657
154.557
37.0764
222.467
144.009
35.6802
410.377
281.488
63.3857
130.579
143.675
1490.51
248.852
137.89
198.157
51.8107
35.6075
252.477
527.948
166.58
34.1885
61.6227
986.368
174.751
122.437
45.156
833.881
52.2237
30.0478
133.063
104.867
46.8023
53.9742
146.792
577.233
171.424
80.4895
28.5042
362.225
42.5097
57.2518
48.0937
58.8933
25.6634
83.3742
160.446
41.5007
42.1265
67.1409
1381.52
120.534
36.8035
178.339
285.767
33.0293
312.991
1825.25
49.1679
778.19
52.8119
1165.23
79.0713
34.8508
24.4609
37.2915
173.672
225.695
211.083
43.3042
215.041
50.0018
314.403
167.477
203.619
24.598
139.439
42.9976
32.6959
70.4172
275.061
42.7573
53.8848
245.394
53.012
83.29
203.021
183.373
249.434
340.153
34.2638
219.761
200.352
274.98
52.2204
30.8771
157.165
8352.43
190.202
218.707
182.172
297.816
47.2517
143.746
199.474
166.293
36.7894
293.899
183.658
214.289
133.193
50.6976
87.2043
61.7428
280.515
198.013
30.193
43.5217
53.4736
73.3345
54.9023
47.4724
119.103
72.0225
221.422
59.0609
287.827
80.2353
161.838
41.287
42.7924
39.1922
210.742
225.754
60.9495
208.016
200.24
149.883
148.224
51.2085
100.135
195.1
52.8412
287.502
742.681
52.1608
266.853
127.576
46.4739
296.716
48.5106
91.8904
179.842
72.7528
274.881
185.433
24.3633
62.347
35.7152
58.3981
73.0527
261.427
43.1105
177.518
408.996
36.1454
27.9223
107.609
343.8
141.428
144.407
167.713
107.061
163.894
232.082
129.82
215.177
168.158
126.868
226.066
31.5679
17.3415
118.889
19.8842
113.656
158.052
143.616
205.493
181.621
144.206
196.298
206.793
145.432
25.3708
3.16424
152.74
157.442
141.176
111.597
226.058
74.1334
24.9393
252.571
155.353
116.185
170.771
132.543
163.886
359.506
17.0382
215.094
33.4663
142.134
194.272
164.266
168.685
146.093
184.516
255.69
146.788
161.294
151.445
3.00728
189.474
168.726
15.3146
166.075
148.053
29.6049
20.2451
222.779
156.65
42.0574
72.8994
144.774
40.9713
178.815
173.905
16.5417
69.4873
134.282
169.746
38.6396
195.059
292.87
16.6279
142.886
197.393
207.491
34.7609
19.5238
178.708
19.6059
154.474
154.3
190.129
135.391
69.151
101.073
94.3407
140.674
159.141
169.86
14.7829
143.231
53.2336
204.937
40.4338
44.5849
195.871
259.657
247.938
29.9638
52.0652
39.0611
150.646
17.8435
170.49
118.246
204.895
190.748
227.714
147.352
172.022
53.7638
169.351
165.91
42.2367
98.4864
208.988
287.75
28.5982
32.8527
173.758
244.143
53.1506
53.8001
145.989
35.9729
90.908
147.136
39.0414
166.587
200.806
33.629
137.407
28.2498
159.109
172.652
95.7426
38.3558
224.747
25.5127
130.037
37.443
147.509
151.412
128.174
159.538
72.9436
172.739
44.2942
587.219
56.5553
163.324
48.0903
59.4645
201.838
178.201
179.535
189.982
127.309
197.222
153.142
50.9637
90.2532
137.37
138.728
229.119
228.658
192.683
34.0396
104.811
286.397
268.76
64.1635
28.4099
35.4438
118.704
54.8381
63.5738
33.0264
264.729
326.737
47.1896
34.864
29.6845
54.179
110.128
197.476
31.8807
78.4278
53.4151
56.7374
138.72
168.854
94.3394
130.031
74.1774
18.2159
11.1793
73.2875
77.8911
27.4873
35.4603
67.7245
3.68049
19.9854
42.9159
120.545
21.3977
119.372
48.6374
13.2419
58.52
29.755
95.9162
33.1104
34.6569
39.8965
100.402
53.5357
59.6619
18.1856
73.7613
25.1709
111.447
57.9996
43.8101
88.0886
27.4995
28.561
40.7104
32.9594
29.1111
36.2241
29.9673
103.666
56.5362
68.4356
29.6978
10.0686
58.9756
109.03
140.434
8.90615
121.987
40.0955
72.3119
12.2396
16.3579
44.2128
24.5407
18.3062
18.9004
40.063
48.5449
11.8667
27.3053
46.3863
68.026
17.957
70.6266
86.6806
62.6335
64.4743
3.2605
64.1305
13.0761
7.0108
89.075
62.0837
3.26552
25.8911
28.9298
39.5553
36.8505
94.0959
70.9318
21.8342
85.9603
67.0463
116.976
62.9199
30.9035
11.347
21.1784
106.931
75.8993
109.95
63.6637
156.063
56.6716
78.6407
57.3435
64.5645
19.3328
16.0277
107.068
3.12649
118.627
13.9564
12.058
111.507
3.34806
136.923
3.05304
3.39017
178.819
15.7913
12.2262
2.94675
2.81708
111.647
94.4784
83.7008
86.6364
12.8815
16.1111
70.3577
12.3525
3.13425
2.92293
104.781
104.168
97.0534
2.82103
17.9453
13.9805
16.416
13.315
13.7114
3.35178
4.11748
183.966
2.81301
114.818
2.95086
92.886
155.122
86.7791
105.461
101.915
22.2623
118.28
127.433
128.862
8.11203
142.85
17.802
325.624
21.5479
94.172
128.147
79.1034
84.4844
164.984
127.932
17.3764
105.793
3.48784
12.4069
12.2089
17.7599
2.94651
8.62156
18.9896
95.9825
23.1804
136.573
108.66
119.966
142.081
14.8554
10.0368
107.854
26.5205
14.5125
98.2726
3.36346
144.865
114.291
84.2987
48.4506
17.1995
115.749
15.0461
12.1972
124.061
96.665
105.025
55.6305
140.889
123.305
152.205
127.335
148.58
36.6013
22.0058
29.6868
152.816
97.0976
4880.62
34.1776
3.08871
69.7676
17.5552
20.1192
49.2501
19.4462
282.086
83.0738
28.0746
103.119
134.262
19.4903
10.6214
412.725
153.676
133.433
113.769
170.218
168.697
245.452
29.0318
114.572
37.8963
37.0792
3.27128
154.428
38.1119
51.1042
10.249
48.2284
135.06
25.505
31.6082
3.84766
103.752
32.8902
131.287
212.916
12.1814
49.7777
38.4068
149.312
51.9981
2.89481
7.82306
29.0265
45.9312
12.7031
50.4203
11.6798
170.453
238.306
39.6055
11.4988
31.1475
164.199
69.9278
190.31
45.073
234.083
45.9972
205.754
18.088
9.74007
122.666
19.9158
41.6444
143.768
143.666
44.2406
173.609
214.455
47.8811
24.5733
61.1607
213.324
117.596
16.5764
9.96005
18.0312
33.3817
66.0768
3.06016
30.1259
22.1781
13.6376
41.3941
55.05
12.2941
66.0741
238.111
171.348
22.565
35.697
22.052
71.3476
19.1071
17.2527
21.3609
23.788
100.391
143.242
144.702
42.4147
24.1942
21.5648
36.775
68.4255
34.2977
14.5162
29.4314
10.0433
21.7595
91.17
25.633
166.52
19.9728
22.1173
143.41
106.836
26.4034
29.9857
109.01
30.3524
20.9048
13.2142
110.744
117.25
20.322
37.8569
16.4069
187.856
31.9936
30.6625
20.0733
136.448
21.5969
54.5927
27.2479
103.598
84.29
27.8443
42.6415
13.0762
170.239
34.4733
115.537
29.5995
31.7286
202.844
106.303
109.67
25.8505
59.9822
15.8689
12.0955
180.85
120.608
1.72611
28.158
13.8824
139.261
53.2852
46.6938
24.3848
20.8011
158.354
69.9633
28.3378
36.6206
17.0958
112.167
93.9987
28.3843
25.398
94.614
80.794
83.584
20.5916
32.2262
13.2041
21.2233
103.8
95.7394
15.4597
34.6633
88.4629
17.6483
25.5938
82.0129
9.7857
23.1782
20.2532
153.869
41.049
85.8508
273.007
153.934
19.4907
70.0884
24.6055
130.825
67.8697
35.5648
47.941
149.73
204.566
176.291
109.47
71.0941
128.43
125.543
38.1187
114.937
31.929
145.36
112.703
35.3047
89.9612
60.227
42.1744
30.5214
147.375
35.585
57.9803
30.6841
24.855
29.5028
27.5468
28.965
138.125
138.63
43.0293
32.567
36.3512
19.9378
264.594
23.421
27.5886
135.331
46.4053
87.9335
135.755
57.0244
13.0933
31.548
131.797
125.4
40.7859
143.297
102.244
287.432
58.0467
45.5806
131.803
124.085
133.321
24.9642
33.5785
126.084
110.797
18.7577
215.795
213.34
60.3679
46.6483
130.507
136.266
33.5011
131.534
217.013
127.854
62.8095
129.999
97.4164
102.59
177.324
34.9799
59.6293
164.036
214.442
45.1345
56.3477
171.27
73.54
74.1359
40.1127
190.355
121.167
95.211
131.889
55.7091
543.453
202.047
35.3135
46.9092
643.142
248.503
29.9084
36.7233
922.044
119.961
41.4208
39.098
156.542
200.243
19.6462
143.381
29.2269
157.016
27.1232
86.7753
249.625
36.6713
212.486
48.316
51.8364
66.1718
34.2926
95.2842
62.9074
105.874
40.2769
123.82
79.3909
45.1446
81.9672
154.768
184.605
463.339
58.5173
140.261
23.6961
19.7302
118.564
263.96
93.8739
190.601
135.302
113.012
213.737
32.1722
178.577
32.0518
123.292
28.1893
135.849
43.4928
103.39
40.9856
26.7221
33.3434
30.9967
99.8209
18.4481
100.199
26.5223
298.477
71.202
39.4145
162.564
40.0596
24.6263
34.0758
96.1871
26.5308
133.83
28.6041
30.152
32.2358
48.9183
45.2652
204.695
202.038
29.6975
127.259
112.306
20.3494
254.271
116.726
71.7119
49.7125
126.263
265.527
39.2915
192.879
122.982
204.108
118.041
136.639
19.9009
23.0205
101.995
155.218
98.3574
48.9019
3.30092
189.29
29.3865
2.86594
54.1204
223.635
3.00307
113.437
60.8118
8.65357
95.4611
8.39446
94.9046
14.0039
3.51561
40.3148
120.519
65.6169
193.133
82.0795
2.80229
3.26676
290.446
110.357
112.758
72.2249
136.546
126.054
2.81192
3.13104
2.88732
12.8633
3.0991
162.883
40.5377
2.40489
37.4741
2.397
9.27884
13.3532
10.3434
3.33146
3.14343
12.7787
33.9548
10.4211
2.47222
25.4031
115.248
3.01508
119.06
23.7916
105.809
10.1302
106.084
125.402
8.36332
96.8399
3.0906
135.919
2.76368
154.685
187.661
31.4702
32.0514
9.74022
116.437
12.0095
39.1741
9.0061
228.187
61.5452
12.3728
125.079
9.95931
75.4652
3.24886
27.6925
12.7253
91.5523
12.8439
156.524
30.5141
11.4628
8.73408
31.1606
2.85272
60.738
2.65044
202.624
54.6613
118.067
132.261
42.4041
99.431
201.382
151.278
40.138
38.673
10.4015
148.207
43.2026
160.251
21.4893
13.5023
26.8124
118.207
30.3801
26.541
32.8524
100.518
44.8475
31.7931
46.16
24.7177
16.8791
13.0778
23.1095
23.3501
37.6749
13.7999
27.4607
120.115
121.868
161.16
12.2821
15.8179
20.8914
108.909
88.357
36.4903
134.711
15.7678
31.6191
106.271
114.224
20.3758
38.3208
27.321
16.6743
19.0361
25.2049
28.9901
3.25079
22.0311
20.5682
13.3544
39.4224
105.577
17.9453
14.4188
35.055
39.1294
46.3812
19.3453
25.0325
25.4774
25.4074
3.82452
27.7058
33.444
10.4938
126.216
122.658
36.6976
3.65263
12.0447
31.5878
32.5699
125.719
131.647
12.378
105.734
136.169
49.1852
26.1704
30.186
25.1693
29.967
141.87
14.6976
45.7907
26.8294
40.2208
27.654
18.0889
17.3158
14.8148
3.53171
22.0115
26.5211
13.7995
21.0796
43.3888
68.1159
35.3971
233.914
164.404
11.7545
183.74
148.744
148.609
126.895
134.007
129.709
165.938
25.8706
15.1588
475.916
141.361
306.224
10.0415
246.534
47.462
170.901
172.876
91.726
27.474
21.6118
53.9543
28.6503
8.77347
148.137
11.6828
70.2089
21.4089
188.301
4.4766
222.105
30.0995
36.0493
13.5112
64.3218
130.801
173.987
136.405
133.195
41.42
25.7054
53.5581
113.636
26.8763
143.488
22.9458
206.784
3.69987
29.2316
233.327
32.2301
69.1222
20.425
29.5778
14.4492
181.296
237.27
177.319
128.745
88.3522
30.1168
130.396
42.0275
20.597
120.396
127.122
254.28
28.4546
22.2639
37.1309
171.348
66.0926
256.639
145.44
9.77197
162.435
23.2093
27.6468
20.4245
162.926
228.867
62.4189
167.729
164.285
153.94
30.8625
61.1477
201.894
109.07
4.93972
87.5878
23.5977
11.607
56.8275
34.7949
29.2677
190.635
178.516
61.7266
47.2531
1063.89
36.87
148.012
37.4529
17.861
48.415
18.6941
179.162
53.7135
26.0391
41.1157
73.661
37.689
31.7776
34.3682
21.9692
33.8323
75.6726
93.0667
71.822
36.7046
39.6121
47.4664
23.8688
55.3034
33.2971
23.9602
37.7984
73.3834
124.603
25.9998
287.993
38.6727
212.364
56.3382
291.342
24.6708
23.7196
202.014
75.8179
73.0881
51.8347
29.2132
128.344
138.153
28.5033
29.6357
43.0669
41.9127
62.0371
2087.87
29.386
142.008
1115.03
41.5906
424.205
368.216
1020.39
341.68
137.528
108.843
114.823
55.6643
138.726
229.851
100.346
121.751
55.9668
3.536
37.5552
64.3493
36.889
766.262
32.4384
44.4922
388.13
94.6048
57.4909
32.8781
246.253
26.7541
30.7536
45.1232
358.505
3984.9
2587.54
30.2778
121.807
61.3581
62.0373
18.2308
71.7792
64.1041
99.0407
18.4046
250.642
43.7279
25.8969
12.1274
3.07991
63.5778
2.76989
69.1472
98.58
64.3896
10.4556
89.243
3.02244
11.212
11.9601
12.882
28.9567
22.5201
33.9132
25.3228
13.507
101.191
71.0529
43.8607
75.7659
12.6684
11.5461
18.6825
7.66925
95.3346
11.281
3.1616
10.0463
30.8436
11.0629
13.9434
112.179
100.385
10.4197
10.4626
10.7284
83.45
12.3215
82.0368
2.97612
9.79695
86.0918
64.8573
12.7932
2.50865
2.95668
61.0695
82.3923
10.6672
22.3859
22.9661
3.2778
12.7307
8.31477
27.9153
8.81644
43.4897
11.091
3.67401
2.89047
96.6895
64.8472
80.6445
2.93881
9.47817
37.1216
11.3886
84.8581
12.0192
2.62665
12.2698
10.6674
3.35891
8.7884
2.68399
2.75613
17.9074
3.17524
2.93717
9.52475
25.6361
13.4279
2.86259
10.2868
21.9365
96.0079
6.29874
2.92562
81.3515
18.6113
3.21279
3.34515
61.0997
110.727
19.9321
120.169
112.944
77.0803
33.0253
415.924
30.7378
60.5764
10.1966
38.5637
47.2172
28.8979
147.808
33.1853
41.4021
31.9392
61.0216
76.1854
216.755
112.939
28.0266
101.278
59.0058
408.694
22.2213
41.6285
29.9939
19.6631
56.0673
27.7529
35.3016
42.8181
37.6045
677.049
30.8936
43.4059
32.21
43.7686
41.16
48.6171
280.129
31.9007
28.4846
27.6956
53.6119
49.7017
21.4178
25.0014
130.051
23.8197
63.8516
34.9417
35.6104
126.868
613.027
338.498
31.2822
30.8057
88.5876
32.1294
23.4972
124.972
215.906
49.6939
203.735
224.26
41.9552
66.2742
28.2105
27.215
3.15207
24.6216
187.191
174.214
208.705
28.5542
38.2992
31.7371
29.5365
17.6071
32.5812
302.86
210.564
57.6746
46.6213
27.997
104.743
26.679
225.511
314.36
31.1668
29.6001
30.8806
20.2795
36.1519
45.5457
3.39385
50.7101
176.038
50.1183
206.979
28.4843
71.8361
33.1204
48.4498
20.1661
178.229
49.0009
73.5188
147.822
297.834
177.712
23.1244
54.0366
18.7405
126.663
236.506
41.5441
244.584
36.6375
16.0923
34.8085
479.582
324.02
42.3768
43.508
114.629
183.696
263.677
114.93
46.4881
23.4905
227.021
378.112
135.321
137.853
283.928
41.2244
45.1776
256.382
146.413
25.8666
140.591
29.4909
176.448
289.625
12.8271
32.5326
28.3351
49.9427
233.542
23.9533
12.7496
272.441
83.3212
179.618
86.5406
201.451
1449.81
324.566
289.512
279.106
244.195
259.085
70.4999
199.139
58.465
392.185
263.56
34.8619
158.239
27.9123
360.082
112.241
202.753
109.717
194.548
318.942
707.399
37.2321
353.937
46.5722
95.82
23.8834
26.2188
250.232
313.35
58.6776
38.4456
326.454
144.81
380.852
253.222
25.7798
109.279
77.1624
115.823
46.7498
103.123
241.807
112.67
46.0599
49.7116
41.1083
128.197
64.9159
26.4316
201.696
41.7867
28.4397
87.2987
120.85
33.3158
179.016
43.2368
325.671
42.7198
17.4126
27.9584
59.5263
22.1306
156.489
137.146
48.1509
38.838
275.119
37.9697
22.2503
28.4536
371.193
27.635
72.3002
58.3191
38.1327
35.7481
718.976
30.2701
215.854
413.13
54.2988
138.274
43.8202
203.023
35.8023
88.6118
47.4394
33.0701
848.109
31.393
95.3779
33.7606
96.2773
109.145
39.2022
64.1945
57.2506
36.1089
161.753
38.5548
43.8574
40.2791
29.6588
41.2522
138.56
212.172
265.22
76.2306
268.132
149.789
214.18
47.6434
57.6701
27.586
284.279
2.94585
37.1211
185.573
210.545
163.521
35.4882
45.0325
52.176
34.4701
132.807
159.013
41.473
203.986
186.607
198.201
178.823
31.8677
67.0035
297.712
105.276
123.575
473.349
140.555
1876.64
137.841
119.013
133.496
118.091
43.1671
169.188
5.67286
12.0376
14.0555
10.4888
12.9018
12.6559
121.709
3.25262
19.95
34.8011
13.6602
100.884
182.749
11.4837
44.7711
3.04831
148.366
42.6741
12.8703
2.62808
88.8667
3.0885
210.935
50.1465
2.88038
136.183
26.9025
11.589
33.1055
21.7391
12.6423
3.05653
202.173
126.442
12.6429
74.6463
81.7828
53.3151
53.3873
3.24166
11.2923
13.23
11.5851
26.7956
14.1598
128.448
139.289
110.256
11.9822
150.258
133.212
10.5986
141.835
10.64
13.0294
2.96738
12.6608
98.3505
101.018
11.8952
9.68937
127.017
3.28031
10.6408
224.461
198.559
137.163
11.2754
12.5617
10.2915
139.222
23.5574
25.044
12.7431
112.224
15.2101
10.177
100.097
116.407
3.33897
129.221
12.4442
3.27792
174.293
15.504
135.288
142.544
12.7412
2.91406
103.777
11.8814
12.4027
117.27
2.86239
10.605
174.914
10.2746
10.0062
12.8567
2.71211
42.2219
32.0192
19.9503
72.4676
32.2032
24.2364
132.026
68.0126
39.4723
33.8582
159.606
25.4964
24.0603
96.7196
138.883
138.053
30.1142
39.0779
158.078
183.881
40.7865
48.9187
224.004
26.0436
112.255
25.0731
35.4757
91.8826
26.0986
174.579
142.485
77.9414
126.008
86.8361
181.387
178.925
139.246
97.8977
111.069
47.9677
31.4185
44.9677
51.1741
107.766
27.9622
84.0273
25.7872
43.1323
141.273
36.8673
28.8398
195.542
38.5677
142.44
19.7267
37.454
33.2978
33.9977
42.352
33.8257
14.99
40.8724
117.481
116.05
20.6667
239.296
57.4486
37.5121
26.0872
54.9068
25.3716
37.4212
39.2424
85.9457
59.0998
33.8043
43.1579
129.668
25.6318
148.762
70.3672
56.9873
39.3888
25.6364
64.5985
115.853
76.9641
37.3667
57.8953
35.0261
42.5386
119.872
111.246
28.5893
20.9158
33.9133
28.3549
38.9658
199.624
23.1726
22.3667
92.8433
28.714
37.4229
83.3496
37.4672
106.863
101.862
33.0557
336.974
72.6524
109.813
104.852
147.116
97.9398
56.2467
205.479
138.133
31.4785
442.299
117.814
139.868
119.844
209.986
146.177
91.8122
27.537
22.955
125.34
129.553
132.48
114.267
27.6178
18.7344
128.447
151.546
112.106
27.4412
14.146
176.428
3.96156
34.8194
33.39
116.059
24.2936
98.4937
28.7678
24.8125
25.8488
150.473
13.9263
47.4583
44.873
115.721
31.6349
55.0164
15.6584
136.786
88.4617
34.0494
116.721
78.3095
261.998
94.3937
17.8589
32.9181
60.5658
57.3874
49.9538
63.9625
62.8755
64.2259
21.9205
49.6554
194.002
69.0782
109.02
134.865
36.4563
62.8296
34.9588
206.516
132.705
91.8903
103.969
125.627
91.9965
23.4903
60.4498
3.76204
20.69
59.0366
162.374
49.2262
61.0249
25.7914
10.4722
76.5326
26.085
103.281
163.258
105.721
167.978
177.234
10.5913
19.0815
19.3273
188.461
118.704
17.3686
115.701
30.1141
30.4942
151.945
28.941
46.0381
31.6671
13.5947
118.278
145.99
118.878
120.349
37.7947
121.662
126.759
167.176
179.731
10.2898
81.6281
165.865
25.5476
29.3745
136.913
122.458
92.5545
145.998
89.5707
180.45
243.753
151.862
35.2924
144.99
97.1437
114.714
115.684
21.441
54.9207
178.734
152.401
21.5758
23.0062
10.5315
27.2289
225.868
99.449
14.8885
60.2505
71.5762
60.1332
294.681
28.4359
101.762
100.306
40.2428
185.75
22.4631
97.0444
106.232
33.8319
115.52
12.0129
29.669
180.572
11.959
120.403
127.945
28.2752
118.007
28.7644
103.316
47.1019
15.1677
18.624
132.884
27.4263
19.6229
35.1168
3.1524
21.5236
104.103
139.633
27.1545
17.3328
57.8142
164.567
156.138
37.3371
39.4405
12.1979
38.9205
89.3834
41.2333
138.369
1.64729
32.3663
62.4854
196.526
50.1718
131.443
33.8697
13.1665
14.2372
101.043
87.0837
110.202
39.6002
21.849
12.9464
85.1904
38.7596
68.3428
30.0213
15.8744
21.4615
2.05268
23.0162
166.999
30.9726
21.8817
100.131
127.267
28.168
100.095
21.4539
28.4819
34.249
84.1811
87.4781
9.90981
128.756
160.382
113.428
236.899
20.034
172.001
9.33737
10.8085
33.3012
98.2649
177.44
94.7558
83.969
48.5444
95.2865
23.2993
68.4927
26.7483
32.2828
39.3798
26.1076
90.1196
21.8228
25.767
86.2367
371.8
11.9424
103.415
91.709
28.9799
15.809
134.729
42.9514
120.247
26.2751
246.15
34.6273
55.5209
25.8228
84.0119
19.6717
54.4689
103.058
95.7711
94.6781
77.4792
145.645
94.6678
155.751
17.1301
7.8368
69.4621
35.4493
27.9109
9.88049
86.7403
76.4492
2.07915
22.3752
148.876
118.767
7.56525
112.195
84.9169
158.399
12.4771
129.396
16.8432
10.4861
154.704
13.3576
28.8422
13.9757
3.70646
145.828
76.7553
3.36556
84.4475
27.4095
4.01036
94.454
12.0997
91.7803
4.66218
68.9012
199.577
4.2844
15.5181
12.9595
17.1976
79.2435
55.6283
12.5703
127.322
7.89085
77.9879
10.0112
9.59499
124.527
22.0978
7.69245
129.721
13.6603
13.3449
11.7985
13.6297
11.2363
4.48436
100.551
101.818
55.7311
25.7529
109.612
11.7018
3.85397
4.67282
28.3718
75.4244
57.8098
3.18839
13.3934
3.34899
26.9379
4.59557
15.1905
162.948
120.751
12.8885
149.954
141.644
12.2515
4.7236
77.6212
150.323
123.406
136.221
134.85
12.6329
13.6346
3.9767
169.776
7.6253
126.177
75.7448
199.404
12.8209
4.22179
112.455
3.74729
4.35132
160.058
106.363
141.664
13.2928
12.1159
9.25763
161.41
82.3548
24.3219
163.737
105.987
29.1764
14.4067
102.923
3.79898
17.7325
136.942
9.98601
28.7151
13.0829
72.9955
104.016
161.256
127.432
2.95688
3.36986
88.6428
122.067
123.899
298.265
3.00323
170.286
182.871
3.20887
107.245
2.79404
10.3825
3.1227
45.817
130.124
15.4008
147.771
23.317
3.53034
97.1306
168.139
30.6716
133.001
10.1426
98.4381
172.2
11.6901
202.85
25.8508
3.20269
110.504
11.8619
106.458
128.403
134.979
39.7197
117.315
159.525
10.3032
38.5534
98.956
46.6779
2.95746
112.071
112.121
69.245
3.2764
120.535
3.28596
3.49161
59.1817
158.866
138.457
18.8779
160.416
32.1937
99.2788
3.19732
77.948
111.353
17.9555
131.458
18.5109
11.872
109.11
129.524
89.5559
117.046
116.615
69.3881
11.5537
46.4254
122.655
321.019
4.23209
128.923
122.601
151.674
64.8297
121.381
14.5092
11.6529
171.645
94.6744
10.8237
12.4165
170.267
74.2008
35.894
99.6766
32.7468
26.4606
243.499
12.6071
42.6945
66.7473
101.547
46.2763
34.5624
70.5631
22.2932
10.6116
41.2192
142.608
28.1073
26.8204
29.3855
3.59538
20.3476
47.2446
174.135
46.0215
112.75
31.6417
17.4817
44.2064
58.0382
116.264
33.4152
94.988
30.2222
41.293
38.5197
27.8851
55.4535
46.8368
36.9937
25.0128
49.3245
25.463
155.191
26.9532
28.3347
70.8799
142.803
30.9316
19.7679
26.1558
74.2299
22.2666
40.3319
114.781
36.6258
36.9253
310.911
152.011
19.4195
135.293
53.8315
54.9425
129.06
150.671
23.5683
157.585
30.4133
28.7181
47.4829
94.1538
277.861
30.4091
29.7032
65.2148
305.093
25.1234
19.2559
25.632
173.779
213.194
122.795
149.519
35.4093
68.3622
163.236
35.1226
33.9988
54.6657
31.6339
172.029
21.0101
51.3017
38.6954
23.1339
67.5303
45.9492
166.42
16.534
287.612
438.153
40.6505
488.303
42.7761
160.667
125.541
662.539
1925.27
168.38
374.943
796.934
279.296
19.398
177.351
218.543
753.806
227.271
1153.01
101.586
308.368
31.4523
952.021
286.4
976.285
122.165
313.237
24.3889
29.2811
133.819
39.2595
469.137
222.171
149.277
1216.56
122.315
178.016
57.7006
175.131
328.563
396.501
103.225
736.537
48.6214
453.006
126.295
98.7353
346.471
207.656
18.5094
306.133
40.1519
391.286
164.151
1168.41
69.5671
643.549
303.008
350.281
240.879
631.22
1013.08
144.528
377.238
41.17
105.468
354.05
185.582
151.809
224.169
835.242
518.528
303.805
68.6499
356.892
262.179
212.759
198.175
40.5853
383.352
55.9735
275.565
16.3434
232.149
52.726
835.015
289.636
411.925
415.916
222.626
96.7629
148.752
213.838
320.609
20.5313
166.695
89.4574
818.822
214.084
423.686
161.603
27.756
202.607
198.01
274.244
207.679
20.4389
206.642
22.1812
25.5687
49.2928
28.44
276.504
184.971
183.849
310.575
24.5584
28.8026
35.2793
64.2946
26.1084
136.923
41.547
240.891
33.6096
33.3616
313.54
172.53
48.5791
27.8263
54.7632
71.4514
85.1184
147.738
29.9831
58.448
42.149
36.4556
24.8185
285.912
32.6612
184.391
123.878
16.4026
167.191
294.778
18.9138
76.2875
31.162
103.721
457.183
29.1775
79.7924
171.64
137.782
54.9817
38.2954
282.655
289.834
34.5649
26.8952
165.516
167.852
274.909
31.132
45.8463
48.384
28.449
40.952
20.1869
34.6421
68.8916
189.651
139.346
85.6812
35.7472
19.2153
205.297
66.157
32.6169
177.326
32.6589
190.574
30.4108
33.4234
158.447
175.851
43.241
256.124
21.4037
210.509
197.433
17.5799
394.833
139.451
386.948
40.9806
32.6204
58.7026
25.6835
273.093
583.458
137.498
7.88104
24.8243
11.8462
149.078
13.3127
26.8942
156.699
3.27565
28.1738
3.21827
163.671
135.797
84.2217
108.272
3.00683
91.3412
93.6603
156.289
13.6637
19.0189
45.2115
3.89262
3.99973
148.7
32.1065
12.8112
4.23854
108.993
33.3431
176.673
4.90584
10.9642
8.74925
139.807
93.836
16.007
68.0118
140.543
3.06178
11.0611
181.761
25.562
11.3156
23.4403
158.885
47.5208
10.3355
101.701
11.1272
3.19595
69.9948
99.3832
154.892
107.361
19.9431
3.82904
30.6468
13.3355
14.6331
10.6219
3.18765
27.2423
30.503
10.0638
11.5714
92.3157
190.77
3.02391
62.6783
125.681
192.288
31.1913
130.544
3.26141
252.033
32.1003
13.7482
11.8692
36.3519
100.527
130.969
288.318
126.135
32.2915
1.93573
33.8933
44.0554
202.307
9.27421
22.9663
31.4051
11.6273
95.8283
10.1426
76.1341
28.245
118.387
46.5586
35.3029
53.7079
1159.88
37.3615
52.361
11.6845
48.0147
24.6576
628.248
51.8361
241.714
269.922
368.626
47.2635
27.6284
36.2228
24.2945
39.7026
40.8857
30.9898
90.0317
30.4439
138.654
59.9336
54.7123
313.828
360.101
33.0669
281.373
24.102
58.7675
23.8983
269.865
39.0839
213.115
291.033
257.049
94.3202
42.4544
30.9186
23.0922
111.478
774.794
728.948
53.1776
41.1625
41.7167
27.4889
105.57
49.8296
28.629
35.4325
130.577
386.515
119.932
32.1578
1070.28
92.6647
1115.84
125.047
80.4362
278.654
16.2914
324.481
128.679
137.91
232.622
62.4207
82.5424
28.6803
30.8189
39.7636
29.1231
60.4495
19.6957
34.742
74.2788
37.3139
283.993
119.159
26.2231
153.449
26.6591
136.534
17.604
37.9144
894.408
549.231
1117.61
87.7059
369.613
714.403
26.5335
50.2592
90.614
105.366
31.6454
51.7461
18.1203
4.50549
135.322
3.85938
13.5834
11.898
3.37516
23.1559
11.6964
151.406
112.185
123.62
171.188
10.9403
3.42429
8.59608
12.1244
166.577
147.803
117.345
130.666
136.684
11.2749
3.48993
66.649
82.3092
157.858
108.899
14.0314
12.5169
22.6737
13.2002
12.1834
121.087
17.7661
8.84077
10.2741
117.143
169.805
138.911
97.2442
113.602
129.229
169.363
10.514
137.685
17.2252
26.8111
4.08491
124.487
140.603
129.871
153.034
144.131
3.25866
111.13
3.53059
106.496
12.4577
85.6161
143.871
3.45545
102.182
15.6263
90.4573
88.9838
15.6684
9.63317
101.667
3.26855
114.308
92.2352
12.6446
132.074
76.1655
14.3492
154.931
3.40434
115.958
3.73323
14.0648
3.27219
155.108
13.0374
3.72189
8.7405
174.456
3.73629
31.686
21.8333
103.272
3.83783
106.847
3.50379
2.94801
12.7814
9.66827
3.25159
187.387
125.29
128.675
13.3211
170.138
122.203
12.892
111.625
305.463
41.8665
11.3871
12.2026
3.07583
345.119
295.375
94.3792
44.0781
9.96503
533.707
8.55421
13.1737
40.9514
48.8356
31.9334
190.481
2.77825
3.07971
24.606
10.6495
177.781
149.358
63.2865
8.6001
133.765
27.8639
13.2962
11.4491
357.469
12.225
12.2983
10.7487
130.592
12.2812
12.9179
10.7264
247.853
174.252
121.87
47.8391
25.2139
282.97
52.0025
137.606
90.2436
187.987
31.5489
2.9601
210.065
99.3906
11.0767
25.3333
354.04
19.3284
113.218
19.453
64.2426
7.45191
2.69893
21.3736
32.0469
125.737
378.959
2.6583
10.931
23.2514
13.6218
24.8543
127.81
2.57755
109.818
11.6269
11.0051
10.6493
221.2
35.6985
923.134
12.3112
28.222
178.591
116.798
22.2278
249.714
40.7693
676.21
3.0296
12.415
12.3194
199.408
677.88
3.12294
2.70618
107.751
11.9325
158.862
24.0049
22.1918
13.5824
33.5769
153.885
194.64
107.322
40.5705
121.964
13.5836
132.786
10.0703
3.25213
126.775
232.587
145.845
149.551
3.23878
150.512
3.0762
56.6607
10.1887
68.0614
17.23
132.273
8.38402
17.7062
13.5638
156.064
15.421
147.346
13.7334
11.277
25.1099
14.4016
20.8356
9.26873
84.5619
45.5344
12.3449
3.54769
10.1641
37.4563
5.20679
153.594
121.26
182.919
12.1429
82.5497
14.8338
184.971
149.007
3.61641
84.7262
6.36366
3.33616
198.933
26.1054
9.05587
10.4129
11.6582
14.3171
11.2605
121.895
137.015
4.41725
9.00202
13.273
29.6229
2.89945
4.9464
13.3747
196.555
107.556
3.04133
23.0992
2.99302
132.161
181.66
3.82103
54.2035
14.2979
12.0103
145.316
226.044
10.6004
15.6188
111.232
129.634
124.108
179.234
3.23834
3.03204
186.213
13.2357
215.486
232.885
141.497
172.06
28.3594
17.5799
22.9475
39.8565
70.5572
14.8298
24.7864
74.7671
14.9102
26.2084
28.9847
14.7308
28.3834
17.9153
94.1467
3.372
10.2491
52.2759
32.891
4.71067
43.2124
26.436
3.76665
189.17
19.7177
23.9523
42.2796
34.269
19.6755
25.8802
17.9645
44.9804
24.0844
12.3346
28.8105
28.3189
26.9088
29.9389
29.5301
32.1132
31.6589
68.2253
123.938
133.936
159.438
32.6949
37.3133
21.1795
76.0162
21.1416
3.71243
88.5551
142.139
24.0411
124.339
11.6313
35.7012
114.222
11.751
124.405
117.678
97.2717
105.872
127.094
25.1192
3.47495
2.94024
30.5743
38.9169
32.7202
24.3939
32.5916
4.12884
43.6043
28.9052
25.048
62.6907
34.2125
144.848
41.8871
83.2515
51.9045
38.7623
25.7894
35.2451
16.3176
28.6066
20.9984
30.3047
24.0132
14.495
17.2491
238.436
33.1998
22.7866
15.2724
46.4077
76.3122
161.65
166.416
91.4074
4.78605
13.8586
7.8
15.1039
4.20733
11.8426
9.5276
4.24407
12.3931
32.4396
3.27495
18.4998
4.65585
3.99354
133.74
9.88751
15.1005
3.3224
3.63144
12.0664
29.2274
12.9747
11.6562
92.4059
16.3579
21.0173
8.53204
33.3695
13.5426
46.348
14.2492
14.7438
40.317
38.6812
14.2686
8.30917
3.68954
3.67306
11.6818
124.669
109.1
38.4798
3.67484
28.29
186.785
234.895
145.055
3.20445
12.4511
3.76554
4.41296
4.80317
12.9185
31.4734
11.0106
17.863
252.697
163.212
3.2647
3.47703
152.996
14.8954
14.003
4.59976
26.7718
42.1003
7.65853
3.8734
9.61004
12.6361
26.4568
109.5
4.50578
161.631
13.0608
3.55742
16.3469
46.1427
13.57
4.82663
29.9695
4.54208
108.13
29.9691
22.2145
15.1755
30.7571
12.2102
14.2483
3.99119
269.36
4.70776
3.73219
127.345
4.57962
11.1827
162.33
4.55439
4.06024
46.5708
17.7505
150.287
31.5514
51.4489
181.801
113.565
103.081
44.4379
311.212
103.527
62.9732
18.1931
153.644
67.1124
36.5096
99.8124
43.7181
159.162
193.828
13.7079
21.1062
3.38616
57.927
17.7573
141.628
99.3564
11.2777
47.0573
52.7662
95.2648
49.5796
94.4922
33.4122
22.1173
52.6276
75.3032
205.358
60.3686
39.6485
84.9407
3.64269
27.0364
42.0342
22.0661
110.075
50.2659
87.8461
76.0109
27.7355
10.0536
27.3312
111.177
57.2687
107.683
103.629
24.4612
26.9454
38.2743
11.9953
143.722
33.7148
34.5822
13.8016
24.594
16.8102
36.0343
31.2849
11.9128
25.7654
54.0253
140.4
136.504
142.943
154.937
168.688
40.3317
341.132
116.84
92.3396
177.168
127.233
31.8887
23.8299
87.4048
119.046
26.2075
121.044
118.531
44.7537
65.7754
61.0028
99.7673
26.95
29.1681
181.65
18.2264
52.4792
35.3776
106.825
43.958
227.333
55.141
26.9344
456.684
33.8173
83.6056
37.2961
75.1368
79.1058
67.7177
52.6431
31.4638
26.1973
57.8191
9.65765
17.0504
33.2487
17.2781
11.3346
38.0246
68.8512
23.9706
68.4013
19.3902
93.1381
120.755
55.8383
26.8576
129.964
29.656
14.2738
814.072
18.1961
94.5395
75.6556
32.1269
78.4911
16.9975
139.7
62.3114
105.668
100.928
164.366
87.5829
247.548
94.5855
877.566
14.9413
120.951
30.0601
72.1306
64.8433
77.4159
175.809
15.8679
12.2479
25.0942
16.1554
11.4644
50.786
107.707
35.6394
78.5512
485.354
43.2974
27.9615
23.8396
28.853
18.4452
121.964
33.9176
233.337
96.8721
129.352
36.4541
31.8065
73.2483
218.613
82.2751
41.6224
89.5485
109.16
35.3684
104.227
90.0225
16.6866
374.732
34.2763
19.5684
60.457
70.2927
31.644
58.1682
2.55985
110.282
31.0639
36.8315
92.0948
13.2566
15.8786
13.5586
13.7587
3.59696
4.40592
79.4298
3.73905
8.82139
105.41
11.9875
112.887
43.1652
36.9765
15.7941
99.9871
3.94243
105.422
10.7608
11.8495
13.1741
125.72
151.803
13.069
3.50266
10.53
170.062
21.2838
12.1582
29.7034
83.5662
14.1899
130.602
14.3213
4.02499
137.693
110.427
10.0116
95.297
72.816
3.85453
13.7837
108.719
149.255
164.636
16.6812
3.36588
12.6562
47.2732
12.4381
13.1493
3.84893
12.9433
4.0519
14.7817
153.533
123.163
192.49
3.63195
11.4044
30.9827
38.6795
122.603
124.318
118.946
12.185
6.65261
12.2575
3.90915
149.473
13.6978
19.127
37.4497
10.4526
14.2554
14.7443
13.2045
34.3228
11.8663
93.6998
68.7471
172.155
9.60617
12.577
26.2444
11.8113
4.91677
136.524
76.458
226.56
35.8653
166.088
147.874
178.307
41.8298
4.21249
4.34469
51.0272
262.022
158.375
12.9207
32.8842
3.54239
11.8717
3.36425
109.069
110.522
11.3321
156.367
34.3003
89.9956
39.3972
28.5074
81.2291
12.9355
15.0382
3.3999
119.51
102.286
123.053
120.989
215.665
118.316
14.5143
20.3991
168.129
9.71493
46.0787
77.1025
12.3972
119.753
76.9338
236.345
131.355
44.7951
735.182
3.09611
8.17913
3.41441
9.98141
13.2561
8.26571
196.839
27.1094
97.905
3.41183
3.20864
347.301
209.163
108.853
26.1883
11.6233
118.21
13.5195
115.772
26.4065
19.8645
93.8859
3.17801
18.8038
219.755
13.3356
14.9044
20.402
109.336
14.9464
143.918
180.898
31.3505
118.681
14.1449
131.364
80.7669
3.00479
12.3244
10.3586
10.392
10.797
13.6893
85.8439
9.10414
25.4229
340.272
239.533
70.4355
3.52978
10.5961
3.07039
144.597
127.565
25.2075
57.8324
13.9452
53.9172
98.2867
125.375
52.0146
98.6119
145.392
144.113
8.50396
60.0615
125.078
34.1872
32.9027
49.4904
21.6183
30.3854
23.655
128.042
29.7024
16.6003
61.898
72.8195
99.1912
28.8427
144.643
213.884
42.9534
432.034
31.4719
35.0102
26.9529
18.5448
11.7264
19.8332
172.481
148.915
89.2197
78.4404
24.8038
16.0022
48.659
20.7676
8.83527
138.103
27.6881
58.2327
19.2123
24.3743
142.97
143.858
286.401
124.005
22.2969
132.664
219.835
29.8583
35.9425
113.556
48.4659
17.2264
45.0209
61.4929
24.1866
148.326
26.361
65.4717
94.5404
22.489
21.4005
28.0485
28.7269
99.6567
45.2051
116.52
202.263
31.5004
35.9195
35.4862
123.683
251.912
440.519
27.214
50.5076
314.949
181.59
49.51
120.439
170.159
123.384
102.86
25.4176
24.8467
13.3555
22.8335
30.4183
24.7153
21.0486
11.6289
27.8502
123.179
46.7888
30.0694
13.5525
29.6614
16.4005
23.2106
26.4697
23.0507
32.8284
32.4038
77.2718
21.1704
43.7386
59.9015
3.25403
32.3441
143.471
41.7444
22.0431
25.0485
25.4528
105.296
25.8347
54.7743
148.788
29.3431
26.2804
11.2013
23.0203
17.9884
116.536
109.387
320.321
58.7175
41.5923
50.1386
116.34
23.7154
50.4451
91.4072
35.2059
30.8556
41.7865
26.3565
25.1934
154.762
32.1042
31.1121
30.2607
87.9854
41.9495
38.6569
31.9254
96.776
44.3337
114.02
119.067
33.4081
3.36303
141.422
96.2268
37.7054
14.2651
121.91
58.8845
158.991
28.0816
27.4177
35.108
25.8864
88.7782
143.903
70.4482
39.5526
29.717
32.9638
28.4354
27.6633
37.6581
29.859
37.1523
22.4307
25.29
64.8637
84.1312
25.5324
29.0721
39.156
49.4764
41.4446
143.305
32.6791
136.748
133.926
28.5725
37.6779
25.7512
31.2229
42.3976
70.6653
27.411
85.0923
30.8585
99.8624
11.9432
52.0972
178.286
22.3219
34.665
561.293
1246.93
2228.54
59.0967
30.1385
31.1003
1044.62
27.9639
77.9885
81.8554
26.6499
74.9639
490.277
468.521
58.9755
28.3088
2718.49
135.794
1237.85
1660.68
1206.56
1996.73
16.1151
34.8621
121.965
720.837
407.481
21.2989
32.1368
56.944
129.956
191.242
54.0023
67.915
37.1213
200.515
31.4692
67.1441
51.7286
954.416
43.719
322.398
60.9326
29.5591
61.2473
62.6547
815.656
596.954
3.90422
572.889
133.377
30.3573
54.0174
201.517
205.171
534.93
1637.23
119.683
29.4305
322.343
109.633
274.683
35.6156
541.151
62.5623
2046.6
144.451
45.9509
213.779
28.0637
608.516
687.601
2020.07
814.521
503.465
38.5271
161.043
83.2833
38.6791
41.9836
68.2006
79.2168
141.772
218.959
1513.66
1369.58
1683.14
53.0485
23.6559
28.9735
19.418
104.98
1412.23
253.709
55.5943
47.1763
404.519
44.8831
78.0206
15.4847
95.204
98.3899
41.8338
135.832
36.0993
33.336
129.7
108.608
3.3959
145.793
41.4899
18.7008
96.757
24.0989
53.2102
41.0227
43.7932
76.6134
125.65
29.1711
90.3445
70.3248
177.919
243.301
32.895
47.8783
151.921
35.9301
37.7809
214.536
44.5039
251.643
222.196
112.452
52.2574
3.23703
40.2979
14.6537
115.658
48.031
35.3777
22.5005
40.3262
30.2957
24.7083
31.5115
160.788
27.9012
238.566
111.627
20.685
105.04
64.2209
120.143
59.6959
32.0688
226.527
41.8563
183.737
227.323
110.596
169.847
52.4005
38.8768
37.5961
53.6771
61.6932
35.7559
47.5353
29.8358
72.7324
25.0733
154.193
28.9044
129.06
122.057
160.153
53.478
90.5905
42.1099
25.7266
35.3242
26.1157
36.7095
61.1706
33.6682
61.0447
216.267
36.3001
38.166
66.3821
38.074
60.6825
34.5018
38.6214
36.2236
151.554
124.561
161.66
22.8721
124.595
3.19081
3.52264
20.3695
42.1413
121.079
22.1039
15.675
10.1774
24.6074
159.664
15.2128
3.47295
10.1374
24.476
14.4748
204.157
29.075
117.091
25.5541
67.6967
27.8808
3.09202
2.81231
3.48164
3.30386
3.36845
35.625
3.37738
10.9695
10.0828
3.23354
3.21147
39.6822
17.5288
12.3376
40.4819
2.9454
2.85554
25.1998
25.2154
85.955
3.05165
56.8474
11.2012
9.30247
12.1596
9.93028
131.807
3.13015
3.12845
48.8208
118.556
15.38
12.7536
30.4672
3.03882
76.9851
71.6985
21.1806
283.162
10.7624
73.674
19.4569
62.1516
24.642
121.234
4.17728
87.0559
64.126
2.76748
77.1534
4.45752
23.3168
81.4359
73.8861
36.1066
3.0751
16.0163
7.36184
13.5215
2.92419
166.828
3.19948
21.3343
90.5389
2.78934
23.4324
10.5499
30.6211
64.5073
7.5631
12.1083
28.1147
10.3714
126.439
101.3
89.7971
73.3263
3.31992
22.615
28.16
32.6886
126.973
260.03
221.354
136.187
28.071
10.7283
137.45
209.128
150.823
33.8037
149.048
3.48753
132.216
3.5831
134.325
30.9754
27.9397
223.029
258.954
46.3073
22.8505
4.05444
24.7631
14.5329
36.1834
29.7791
42.6397
3.72422
110.931
95.6695
28.0645
27.1899
231.925
235.832
14.7699
51.514
24.4936
108.93
31.0183
33.1404
3.72558
160.571
3.38911
170.417
34.6536
45.294
112.34
38.0033
20.4427
11.9264
165.407
139.784
104.23
169.703
154.28
117.1
24.7866
60.2357
123.012
3.51347
23.5716
157.65
192.842
218.232
28.6107
75.5714
97.1635
11.2299
12.7039
30.1196
46.1323
153.156
42.1983
229.752
142.453
32.6064
12.7764
167.156
51.2297
123.345
12.3176
28.0477
281.712
15.8771
133.238
141.886
27.4607
17.9963
112.618
25.7288
17.0977
104.985
225.604
18.3116
10.9007
973.655
142.986
82.6957
28.2057
115.395
256.271
31.5072
111.293
29.8953
113.166
22.6189
253.009
162.24
37.3528
33.4912
18.4861
117.898
38.8646
45.4444
37.5859
39.1896
120.755
201.989
38.5582
39.5503
162.228
52.19
144.469
40.8414
48.0608
167.147
70.4409
3.18531
40.6245
40.2908
54.8233
370.525
76.1803
173.303
32.6668
113.27
41.4019
29.5553
40.9868
31.6738
232.664
129.079
31.396
101.377
28.3044
30.6079
138.86
107.8
107.431
15.6819
51.2258
21.5027
19.2695
44.7129
126.439
18.9114
209.882
149.142
60.3246
68.5813
44.6145
30.5331
23.9322
22.2922
22.483
73.2608
32.7284
103.668
33.3639
44.5167
103.724
26.0773
57.9689
59.6417
172.348
69.9265
22.1809
34.2043
26.4849
114.339
90.7653
108.538
100.149
52.8428
52.5965
42.6493
177.61
30.3791
166.781
222.111
33.3961
22.5789
145.062
29.857
32.9472
89.3288
113.152
114.677
112.693
41.3376
89.912
44.0104
151.171
22.8205
3.78011
36.3321
25.6705
140.357
388.69
58.9488
149.312
32.4578
93.6411
157.157
122.077
135.694
147.012
99.7542
141.369
21.9284
102.654
117.243
4.91648
9.88528
10.7597
38.9043
26.2021
111.82
21.2993
3.30259
23.4719
3.20753
203.571
3.19222
42.0902
2.67974
21.6689
8.4506
184.275
103.286
15.1736
21.3235
48.9021
41.4609
173.521
67.2629
37.6034
57.1427
12.7219
35.033
131.765
187.261
104.314
12.7356
9.67884
11.1888
43.4832
15.4361
17.1321
239.743
11.9926
38.8867
24.5167
49.7944
329.357
37.0237
22.8099
93.7613
45
8.40851
82.3844
69.2801
35.6066
175.876
13.9549
3.68607
12.092
149.932
12.7957
30.8653
38.175
15.1833
12.2985
215.699
54.9913
118.395
29.9906
3.71885
43.4866
83.8789
40.8198
3.08218
139.082
109.984
31.4052
201.072
30.2171
131.592
213.575
92.6862
52.1243
168.593
190.515
67.0864
131.544
26.5643
132.264
133.889
137.479
144.972
54.3648
145.676
114.333
131.518
160.269
214.419
109.995
32.5307
27.6041
120.986
127.977
130.037
71.165
56.9718
20.7337
122.917
17.6162
154.95
23.7765
120.944
124.261
109.516
9.35309
221.184
191.781
90.9743
139.096
113.696
132.403
17.16
264.513
194.953
115.256
48.0206
158.749
136.001
93.378
181.398
196.507
119.871
143.395
174.119
54.4797
144.953
99.1126
135.032
149.175
40.0312
28.841
88.8249
41.118
23.9112
51.2308
175.121
171.068
188.915
170.191
185.103
179.466
50.2188
153.702
121.449
230.149
138.839
160.657
98.7366
158.829
170.32
161.087
243.983
154.796
172.003
201.652
26.5153
127.478
32.0561
111.792
145.09
30.6962
128.646
94.6901
16.2014
141.289
136.556
176.724
141.31
137.137
24.2187
404.631
86.3623
157.267
27.6126
29.0349
33.6434
90.1401
42.0318
32.8055
160.435
90.3539
251.252
3.57827
94.6715
181.709
31.6346
30.4685
40.3506
44.1659
42.6852
60.3967
23.8168
29.4881
30.1139
52.1777
140.54
110.67
21.4479
39.2316
157.411
39.3993
18.6186
153.134
28.8198
42.3602
39.7336
31.6048
45.5522
157.715
56.5463
29.6173
30.8078
27.3673
166.836
145.945
50.386
26.4543
42.6903
46.8304
110.891
46.7501
27.379
44.3628
30.2691
17.7509
29.7816
36.0399
22.2369
34.9903
33.8524
130.118
58.7107
50.2638
30.9349
57.2659
129.715
136.626
36.8466
1736.5
106.66
30.9354
25.8153
35.782
22.1823
199.458
34.9861
30.7288
26.9868
115.861
39.0869
37.2617
37.7009
76.5759
281.045
18.7675
127.725
91.0702
58.6991
66.006
183.86
20.3298
27.7285
33.9103
94.146
23.5739
38.0771
29.7632
125.321
211.825
14.6027
65.9255
23.0465
51.1559
31.1034
16.6882
14.5598
14.837
20.6115
15.7855
39.0572
53.757
87.8585
26.0771
8.67172
53.4251
13.4835
31.3431
25.4739
32.2931
27.1477
5.36914
10.5101
38.6425
23.0459
59.1877
75.2452
61.8513
13.3608
43.6138
28.3637
13.2364
41.208
103.92
56.9581
22.4163
14.7264
46.3601
1.46389
31.9018
106.116
32.4666
23.2625
28.9098
61.9332
19.995
9.01841
58.4809
40.7019
85.2223
1.81992
8.15726
55.4658
7.97012
13.1736
24.1222
74.2419
63.6643
50.263
21.4366
17.748
7.10954
76.8732
10.8598
48.4804
22.2236
52.3994
28.2255
25.8156
36.2266
9.83559
27.3676
6.86436
49.2302
44.3961
28.4634
70.2943
30.8441
63.0754
13.1918
31.7467
6.83073
207.725
21.9436
39.9363
59.7604
48.5972
22.3417
27.7115
90.3255
56.6254
7.2539
24.8743
21.6752
86.2161
23.67
29.7458
34.4148
72.4555
35.0507
52.7943
75.5356
7.2503
178.463
9.65703
19.4194
2.08277
2.42996
11.2061
2.54469
9.21964
17.1865
2.65953
8.98515
131.965
113.261
66.7683
61.0619
82.2096
11.8249
75.4275
88.4785
2.42136
8.90615
215.13
30.6697
8.86782
9.07943
8.5428
292.264
97.688
2.54915
37.6961
152.047
14.3581
2.29312
99.565
2.07416
2.01922
2.55381
2.65516
2.65314
10.625
123.502
94.8335
1.99497
6.44586
2.41409
12.0826
74.1891
108.93
2.65621
25.6183
2.49641
98.0591
102.974
39.8069
28.5903
18.0856
108.137
118.648
11.2721
1.96543
246.079
10.5184
45.4764
94.5923
116.768
104.433
2.2197
126.753
110.284
12.2214
83.3584
12.5447
132.203
116.709
199.772
57.2088
7.54905
100.653
2.27104
11.6482
25.4089
124.285
76.1412
24.8416
17.4411
79.543
11.6385
10.7087
3.25756
2.27103
72.7085
27.5442
2.10474
2.29638
59.1594
124.614
26.0483
26.1338
81.4822
338.016
69.4592
127.131
12.0516
339.325
17.3592
24.7485
132.599
11.2873
6.71825
81.9484
25.0576
33.4353
28.8769
1.65471
104.699
30.5574
32.5466
74.3329
41.6568
1.71889
24.8477
101.344
41.9804
15.419
1.80074
86.6287
89.6755
24.7737
9.09291
40.2752
13.2064
20.99
69.2351
120.976
26.7714
117.649
10.8622
138.244
10.15
113.356
107.67
68.3386
28.3747
87.1394
21.1342
172.996
148.381
6.32746
20.5841
12.2328
31.1899
42.3979
19.7167
110.454
129.459
47.5026
30.0164
15.0063
72.4988
43.2388
25.0397
117.298
68.6523
43.2037
13.132
31.3706
37.8787
27.3533
19.8839
81.9443
162.825
95.1999
67.7258
10.9156
34.8942
42.3042
23.6145
13.0144
11.1672
29.2011
29.5902
100.471
77.1496
11.9366
33.656
27.9969
37.6829
118.444
17.2608
94.1591
83.7732
115.693
1.98992
68.7727
30.4241
74.8215
100.202
40.7798
81.8762
29.5001
61.7539
41.2831
98.0676
18.7423
26.4274
133.811
102.384
20.7403
29.8992
85.9353
81.2679
14.2694
20.9142
50.1083
54.4128
78.232
93.9351
52.1676
10.4636
20.4802
28.702
59.3444
111.995
167.05
85.3754
108.52
89.5177
403.034
21.42
18.2309
26.9025
19.672
11.1799
25.3735
34.2723
845.56
33.7274
98.6269
71.822
141.444
24.8911
29.0282
28.9989
14.5824
46.3321
38.0261
112.264
17.1917
128.437
9.08599
33.509
85.7737
136.686
28.9864
26.5306
527.431
442.033
89.7952
103.884
110.318
22.2744
44.7297
77.9015
16.5262
26.222
26.464
99.8024
55.2766
69.5613
108.883
152.561
38.532
25.3468
128.897
25.0996
29.9854
4.41228
61.3263
14.5548
80.4488
17.5911
150.936
36.1075
31.4114
14.048
77.7237
23.95
29.1693
104.891
79.5291
33.2992
95.1994
14.1637
106.51
37.0982
79.7485
68.5256
164.62
38.6401
98.8457
21.4325
28.7432
492.229
41.5776
222.36
146.331
106.299
381.21
901.563
17.8151
19.1038
24.1168
20.3593
25.565
25.2898
2.19584
26.0196
18.0031
92.464
74.0135
14.3731
449.031
20.4816
28.1708
194.916
92.804
103.374
16.2213
21.9164
857.905
181.341
36.2632
104.83
255.244
30.1475
21.7909
18.1075
1104.33
18.564
14.5614
26.3476
86.813
262.809
49.7655
760.013
29.0379
33.5045
17.1282
45.4623
94.8177
21.289
17.8021
138.454
14.4679
75.2544
26.1362
87.1468
646.323
2.28695
21.4391
81.0845
28.5868
41.7847
31.4908
17.806
20.112
342.314
15.7807
179.251
80.3425
34.8609
44.5931
90.7149
34.789
15.8717
56.8047
21.72
121.509
31.3119
30.5535
8.47344
99.4656
92.7162
37.7744
32.0109
23.4768
149.831
752.273
37.7214
96.4805
23.4423
10.14
25.3092
63.7748
65.1358
177.438
24.349
32.3625
22.7776
31.4969
939.827
29.8489
47.9833
138.033
21.0319
164.462
956.005
542.969
38.8465
31.7085
26.164
1036.85
215.684
37.966
80.9834
22.3953
39.6988
563.168
57.4543
71.7761
426.829
25.9382
28.4104
940.48
531.865
695.421
44.1903
1280.66
86.2275
103.623
27.2639
613.069
696.063
2.51195
62.2547
40.3999
17.352
396.007
1597.55
316.563
947.753
29.8208
28.5143
25.2193
610.532
327.336
117.223
35.5565
653.986
821.898
406.426
20.4455
27.5301
49.5581
524.099
29.1199
1107.61
1353.04
30.1935
158.462
322.86
24.0977
52.1938
79.0355
27.0952
17.9424
1261.2
19.3758
46.4424
787.061
459.021
12.4613
257.843
253.073
41.4513
28.4392
156.008
187.9
94.223
702.762
57.2965
437.818
711.661
99.4314
42.7963
31.843
258.263
19.0811
33.0051
19.9404
8.26848
955.577
97.1574
36.259
34.8958
23.0935
36.3314
35.3402
38.7688
19.2882
126.348
23.4257
30.2417
24.348
108.458
23.0659
25.3275
114.516
323.837
102.506
23.5859
53.8969
37.485
21.3611
31.2027
2.58508
40.4599
111.051
11.4639
130.582
27.703
110.724
28.636
123.431
84.6216
59.4412
22.541
29.0529
91.4565
53.2384
137.085
31.4239
117.343
23.7451
26.8179
47.887
35.912
42.6121
17.3663
36.9422
20.9289
60.185
29.0503
27.0471
17.3004
70.8157
21.5354
2.28604
21.3677
11.4815
42.835
21.6303
27.2066
11.8947
11.7694
2.39014
33.5423
119.385
42.4498
78.1908
86.8086
134.442
9.17819
23.832
22.6338
62.748
30.938
12.7944
23.6498
8.43601
33.2373
24.8767
14.2545
31.1732
18.4254
50.7284
37.2512
25.473
27.5702
12.5559
66.0917
21.7726
80.541
27.5336
69.1814
31.943
189.429
62.3424
33.9705
58.3109
29.6897
35.1006
103.471
16.5818
70.2369
126.72
124.846
3.5541
36.1802
20.3074
7.75708
26.7084
2.13692
2.30674
5.87369
1.82992
13.7429
20.5697
10.6388
1.7956
122.097
10.1618
19.8975
2.19538
10.9472
40.4863
106.202
35.3708
26.2183
10.3679
1.48767
19.0006
27.6804
11.2029
2.03531
11.1205
2.60458
2.17628
15.2869
9.34215
1.74777
18.8691
66.1947
40.5366
49.1928
38.5077
6.47736
16.3554
9.30603
2.02184
32.249
90.6468
32.8002
8.59681
20.2203
1.61651
21.6061
127.786
7.70809
27.9442
18.1449
93.8033
1.76925
112.412
9.52214
5.64095
10.6414
12.2586
98.7682
28.7164
10.1592
85.6026
9.12227
11.8623
11.1896
112.136
8.43251
9.96495
28.897
7.0218
28.1756
1.59122
27.3764
2.29876
43.425
1.99328
2.06114
18.1616
18.7545
7.29014
20.8198
7.73884
8.70799
8.29485
6.83965
31.139
10.9455
109.569
7.30658
1.91447
20.1963
29.6449
8.73204
8.44529
23.2605
100.756
8.01426
17.6552
98.2922
17.0581
34.9959
11.2376
16.7853
28.0977
19.5114
72.4587
20.346
20.5074
132.787
23.0845
54.3014
11.0665
7.64516
15.3667
24.3112
137
38.845
1.95107
118.052
41.5805
20.7216
104.293
8.05972
11.1067
21.6213
18.195
2.39213
8.35795
8.73557
12.5092
14.4653
39.3003
52.1659
165.936
85.7788
11.0785
14.4647
48.6285
10.7044
13.9675
144.425
32.1573
137.558
91.4843
114.597
1179.13
21.3881
47.4385
2.32912
37.1786
13.2217
105.972
78.7711
114.125
110.136
11.5604
134.32
125.847
95.6388
11.8932
121.608
17.7092
34.9209
2.05101
13.2874
457.72
21.076
99.6243
23.9539
18.5746
2.20226
34.0247
135.742
1.75262
81.8714
103.722
37.8146
8.73593
90.6791
27.769
9.45997
77.5099
118.178
11.8992
107.03
1.94916
33.3865
29.963
90.7764
103.932
17.8509
31.7924
2.00333
2.37926
25.2769
97.2839
11.7036
116.88
197.892
134.101
63.5573
97.0506
54.867
33.572
130.24
26.5289
282.261
203.874
34.7782
25.8268
89.1127
198.753
149.58
59.2046
186.046
188.812
199.437
56.3412
77.2691
116.162
137.046
153.736
60.9481
15.9807
243.708
39.9184
48.6179
190.1
67.5574
95.3123
116.443
149.431
13.9353
99.7674
269.812
51.9348
50.5164
24.9424
58.0581
114.294
205.078
179.672
1.74152
26.4604
96.8757
76.7855
226.169
38.2899
151.292
76.2291
266.461
52.6717
173.268
23.5631
19.0771
56.5637
155.756
73.7906
97.7894
91.537
74.7689
117.317
38.0619
278.957
166.474
82.0305
19.2015
165.753
136.312
135.426
98.1054
407.994
51.0933
174.678
62.993
19.6368
16.1356
132.753
14.983
104.379
48.9872
21.1893
165.998
235.165
66.8546
123.195
105.578
25.1075
36.6589
127.437
140.481
281.307
182.057
139.064
111.511
45.9611
191.555
45.735
194.204
21.0275
50.9215
11.4193
44.1603
114.341
27.1532
64.8961
79.5697
19.6054
134.448
33.3608
95.3652
124.034
57.8215
10.3411
23.9498
27.2374
10.8157
26.3498
133.752
24.7897
12.7715
16.4069
11.0662
150.639
1.74206
33.7969
171.751
26.8322
48.4358
17.7789
56.1237
44.1875
1.76178
24.3922
108.529
9.06199
66.4449
71.4714
118.441
108.657
163.235
10.2155
11.7078
26.1802
54.8285
29.4927
17.5629
23.6012
2.0676
10.3037
10.7165
72.6772
19.8609
80.4466
9.26368
56.7212
111.888
18.4477
2.33717
9.04537
99.9003
11.5668
63.7666
7.39371
29.1559
86.4748
87.6433
82.606
12.6754
19.9829
30.9705
67.0088
117.227
8.03137
126.612
140.588
20.6852
30.5297
10.3569
2.29629
35.7291
1.81021
106.201
31.4897
242.902
23.065
116.872
2.15279
73.5673
24.4881
52.8103
9.69235
10.7669
32.774
120.794
158.589
11.676
151.165
123.095
37.3689
179.062
226.732
80.5855
99.4924
118.917
152.534
103.818
101.687
166.074
38.8321
32.7461
77.1644
15.7804
276.275
22.8945
94.5094
37.3022
88.9482
142.739
40.1565
97.1048
44.2717
98.2308
134.697
90.4811
121.667
20.7113
95.1226
47.0938
29.0422
134.309
178.013
157.671
108.323
110.799
107.865
193.294
120.814
15.5924
89.557
99.0432
122.193
20.3512
91.0588
95.4669
83.9192
93.1473
153.8
137.666
144.95
13.8019
69.0413
87.7873
297.453
20.2727
73.3673
110.988
119.424
126.412
26.0986
308.408
123.024
53.0698
15.6192
11.1227
123.844
113.722
104.932
99.9588
23.2889
192.032
16.1736
120.456
142.275
172.266
84.1903
104.667
109.283
13.2102
33.3344
114.626
109.116
90.8988
123.009
17.9915
70.7372
156.759
12.8357
110.964
116.496
96.3937
99.2362
94.5393
29.4017
58.0071
129.262
77.786
112.867
19.7904
227.297
509.483
20.2034
19.4447
19.4758
26.3571
29.2321
54.1492
92.9453
62.4645
36.1868
34.2282
116.461
54.0858
90.8844
31.9951
58.0405
35.9969
35.108
34.7026
108.158
37.9421
41.4127
44.5133
36.6259
35.0768
21.5452
30.6869
16.6219
34.9287
22.0821
146.409
59.9645
36.287
37.8337
119.966
32.7208
100.96
22.2095
118.809
33.5566
92.9354
33.3782
30.765
48.5044
32.3444
53.1818
6.78383
35.6188
29.1448
7.43598
21.9838
55.5755
53.2847
20.1188
217.89
30.0109
28.4853
19.8561
58.6438
96.8366
11.4448
48.9294
19.7023
31.3024
38.1155
117.872
20.5945
137.155
26.8013
22.2275
19.5241
84.2607
37.3186
234.369
242.585
222.319
234.038
23.2114
274.041
222.725
21.5293
43.9222
21.9707
110.569
165.156
33.0063
19.678
38.6528
20.7692
43.1255
30.3411
24.3341
20.2709
149.506
31.7896
44.1504
46.8419
49.2261
15.8551
43.599
63.0736
54.8953
46.6674
97.3868
199.218
128.118
131.268
75.0107
168.518
63.9171
105.401
26.0337
232.103
200.297
57.97
34.8372
15.1393
55.9197
68.4076
145.49
209.605
107.533
158.651
16.6424
136.345
143.85
36.5823
324.351
171.705
5.12568
29.9829
184.06
148.322
12.6546
167.533
124.243
13.5293
213.25
145.445
95.1654
102.604
55.5607
20.3153
46.0575
18.44
108.045
179.505
13.7062
207.569
144.498
15.7314
147.814
119.779
124.762
29.8936
4.83606
218.273
57.7331
53.4314
43.6975
37.4905
27.4312
135.136
42.1732
20.3955
35.8323
78.5146
46.8112
112.664
128.884
159.87
64.2535
136.824
85.8903
113.025
67.9736
62.6629
93.3779
17.3614
167.232
118.948
138.101
136.707
158.569
171.964
23.0612
88.4246
174.711
15.0406
5.51189
139.039
184.685
16.6519
155.469
14.9899
127.401
28.836
4.34152
179.089
116.136
24.688
50.1888
40.7402
106.943
45.5322
89.8033
8.22354
33.0904
79.3371
126.53
112.504
40.2271
98.6302
131.759
90.5812
92.6533
26.9996
111.615
3.83351
40.1616
4.24508
28.1013
134.316
101.012
84.2267
170.838
125.054
26.3518
78.8988
21.4422
23.4332
116.734
19.0747
66.2225
22.3437
49.0601
25.6117
58.3574
137.182
10.6476
39.4515
134.353
44.9102
116.419
15.9694
148.686
171.434
104.049
64.3582
38.7599
20.9737
14.8682
41.8495
471.477
82.9303
43.2749
115.107
187.441
4.21385
23.1077
22.1028
132.245
17.8637
75.4409
122.071
187.982
171.948
86.6279
17.2998
109.638
21.1348
35.3703
12.3612
671.219
4.17223
118.729
29.4767
28.3828
94.5834
4.16974
109.695
4.81698
25.2479
36.7782
178.141
68.2515
33.6352
22.1624
47.0417
170.285
209.033
65.9614
4.30783
142.272
177.278
120.914
170.006
18.153
3.51163
11.4001
27.7864
148.299
3.99945
12.2144
3.77032
8.99285
3.84524
3.78502
15.6048
11.9346
10.1077
176.805
179.547
13.8396
82.9019
3.41958
79.0412
3.51024
201.47
13.3617
122.723
22.3115
33.1406
49.1006
3.10218
4.86795
13.2266
90.2768
148.074
9.88374
133.406
137.272
106.267
11.1893
12.2302
83.9747
10.9137
11.4733
4.72732
3.11805
3.08178
11.9695
2.79067
17.6989
100.25
11.1053
119.587
4.16584
4.33544
26.1748
146.881
13.1715
43.1824
10.0752
9.96897
3.34732
121.982
12.7119
96.9234
14.0986
136.616
113.747
3.90301
3.01665
3.89457
13.8732
3.41386
3.25117
3.33117
26.9024
172.696
19.587
186.103
3.05029
81.6999
3.5006
3.64763
2.99297
3.62757
113.427
14.6541
21.4153
23.5791
14.1759
23.1981
10.8811
129.331
13.4346
3.25952
11.977
4.31667
8.6651
13.3815
115.726
11.7603
12.5524
132.517
15.1242
14.5214
24.041
15.0605
146.876
39.4199
140.786
12.9699
37.1697
14.7053
14.2834
11.9103
112.413
27.4347
11.5045
11.5541
136.739
19.7414
126.097
12.5334
46.7318
33.7529
4.59349
3.9236
14.0209
31.609
27.8417
23.4985
14.0118
9.65825
4.48294
190.536
14.6197
12.9999
119.229
15.5144
99.5743
14.3436
3.88414
129.35
12.3055
26.5444
4.62824
15.3651
15.4612
13.8381
127.945
35.7481
32.0652
15.3267
31.2531
3.71986
4.15306
4.57605
5.17248
13.1217
4.59412
139.063
14.5097
4.10687
4.28583
31.8028
13.207
15.8615
23.6814
139.17
76.2134
14.2008
13.1113
137.983
21.6351
254.574
202.914
26.5603
14.6414
101.932
17.1413
25.9083
72.4405
4.39224
14.0311
4.83727
9.78062
4.59356
4.03382
29.7699
18.9211
5.06042
4.21395
116.158
4.63689
26.0289
157.661
32.3572
13.6976
18.4069
20.731
4.57078
4.8889
3.78727
53.2158
78.1311
11.2339
12.7631
33.1601
5.60303
150.786
16.4051
351.742
15.1473
181.854
13.693
5.61037
5.38831
15.0342
17.3316
189.542
16.2008
14.945
28.7738
5.0232
37.6172
88.8939
13.3432
4.97523
22.3276
218.068
33.9198
140.213
12.5096
119.942
216.327
29.9769
117.238
16.5247
60.5246
3.39757
120.727
4.76384
185.169
18.8488
12.8041
96.6003
7.31394
7.36338
193.303
40.2051
4.84283
16.2151
5.44664
32.0295
4.69086
16.6843
4.9104
16.7085
134.357
56.9327
5.46971
29.5713
187.839
31.3596
474.166
149.291
68.2242
10.608
15.666
16.4265
247.598
158.522
12.2917
5.66021
5.42568
209.621
6.38529
4.85428
204.183
30.8486
23.9982
12.4648
282.255
13.2021
18.3543
184.549
5.25338
5.76741
65.4159
192.067
4.97917
112.564
11.9016
15.9952
17.6081
243.493
21.0935
183.664
180.428
166.179
112.242
168.001
18.0113
18.2611
101.885
122.687
30.5056
8.0503
50.2673
30.0915
17.4383
12.6964
39.7049
37.072
82.521
126.726
92.8595
34.1534
32.2722
13.726
48.3698
17.8166
175.991
35.1516
61.3566
122.734
69.5537
16.2304
4.30217
164.73
32.6364
3.28471
34.297
127.944
109.316
32.4033
14.9886
33.0195
14.1108
98.4285
2.9143
108.762
168.998
121.65
48.791
59.4225
29.777
42.431
133.578
27.0411
60.3582
3.06997
31.8186
3.98484
14.4175
116.485
35.1935
122.599
167.812
82.3215
15.7194
20.9022
143.965
55.6844
240.83
119.152
138.368
253.067
23.5832
108.053
10.8351
32.4042
20.9162
156.807
35.3962
54.6251
15.7872
26.2065
24.5205
29.8398
9.85273
107.683
68.2789
4.06982
13.4589
8.59683
3.54287
16.377
126.392
122.561
41.8647
14.4064
20.9641
45.8162
240.378
31.657
118.978
110.326
31.572
61.5861
126.98
11.6684
24.1151
120.746
97.6636
10.6457
14.0818
10.7888
3.75382
9.17533
110.218
3.63362
4.73922
3.66153
107.103
3.28634
118.248
11.1951
11.1663
144.767
13.6672
9.86739
96.4405
14.8743
3.46822
7.56994
113.994
9.88538
18.1218
13.0027
3.9769
10.9779
118.401
108.724
4.41694
3.85919
4.17263
14.0718
15.4949
4.90291
4.51644
14.7563
18.4877
14.0367
11.2372
12.15
11.3997
24.2825
3.93616
12.5175
17.1108
3.49076
149.413
9.06832
3.11028
13.9678
9.91262
58.3835
12.2143
83.6066
12.8221
3.31456
11.3411
3.98569
24.9076
16.7518
3.38094
4.10293
11.8158
21.1668
13.1003
12.4301
3.96968
3.35184
13.2161
10.5767
146.003
4.25504
116.837
37.3731
81.1108
27.4682
143.627
3.21822
22.211
120.907
13.2801
137.161
3.98906
14.7001
76.1046
3.888
100.258
11.9433
119.38
13.602
13.4308
3.81655
15.2082
12.6668
6.69476
115.63
118.54
356.016
70.7793
14.7868
38.7548
170.383
278.489
57.8708
26.6993
46.9045
33.627
5.31221
138.779
30.4616
16.842
4.04646
157.854
67.051
34.7221
10.721
11.6253
13.7711
52.4613
160.598
76.0962
153.845
120.379
163.647
147.323
153.661
42.0491
168.498
148.218
26.6383
123.174
139.48
43.5117
76.3675
326.873
122.751
31.4105
67.707
4.74598
56.6064
44.0714
115.109
15.2481
54.3512
36.9827
119.571
46.5251
145.932
36.3563
111.31
10.6375
151.168
114.098
741.425
121.188
125.219
15.0329
95.4119
199.624
162.592
4.82127
14.8472
167.525
37.954
49.7248
3.68726
57.2443
44.2821
128.326
42.5305
30.6868
3.46843
14.8067
163.875
38.2819
169.216
109.067
219.424
53.4289
9.70519
47.4492
46.0068
29.3508
39.7091
51.99
126.681
15.1401
79.6433
38.8634
105.48
98.527
67.68
20.5519
147.287
94.5261
23.8712
85.5813
135.591
71.2304
120.133
147.811
135.939
178.551
22.8956
136.242
57.9263
27.2103
131.519
98.8384
122.081
40.4296
121.784
165.816
138.456
155.864
147.735
186.816
52.8224
3.1661
158.749
229.887
38.3156
185.925
129.981
110.238
101.172
158.721
203.833
79.9802
119.168
188.498
122.532
170.631
42.1559
74.0861
157.832
143.391
126.508
128.792
152.933
159.368
149.548
139
37.3774
198.533
148.119
121.222
20.2155
162.617
201.82
202.458
145.134
197.889
205.241
26.9361
124.63
93.5253
102.135
130.574
176.013
291.339
189.94
146.52
80.8922
31.5594
148.209
17.978
58.2067
113.917
47.0777
58.021
114.084
121.234
45.2479
115.448
159.56
159.213
114.12
135.352
49.4681
35.8475
46.6585
50.373
124.839
130.598
35.452
121.653
235.947
125.569
190.831
176.27
217.663
111.64
137.26
223.832
37.0015
32.2088
37.8561
13.4648
18.354
147.389
23.1296
19.1874
70.213
33.9861
92.0447
10.5022
110.813
146.451
45.989
3.35666
138.968
58.2573
1459.52
42.8191
13.47
75.382
89.526
26.8722
97.5116
87.7893
69.2711
50.4231
37.5372
46.0199
44.4206
150.601
115.735
15.7691
52.2486
118.225
259.385
140.037
36.7137
3.74095
196.732
96.4171
44.6403
72.1679
26.2138
31.7407
100.278
100.094
3.81494
137.164
224.566
31.5564
181.315
105.748
126.35
45.7105
91.4986
100.965
113.641
16.6821
49.8952
5.46417
28.5991
96.0488
45.132
143.086
12.7659
18.7066
24.8189
14.471
3.27393
135.573
3.55323
101.952
36.9196
149.471
36.6447
104.421
23.8871
23.8597
124.918
87.2066
16.1692
13.6814
167.05
145.525
60.7601
4.43285
158.182
26.1482
108.092
95.1967
19.8068
295.206
123.84
90.6716
131.429
253.271
31.2712
118.745
163.376
37.2793
184.127
24.2791
157.309
16.5966
137.481
126.286
143.289
181.859
116.38
150.208
62.3572
76.3102
148.988
149.285
252.733
127.666
102.091
27.0487
147.859
134.986
119.289
98.6362
157.8
122.856
12.5256
119.326
152.809
248.771
101.629
104.657
145.401
167.27
22.8753
162.362
123.91
20.3719
150.661
4.11048
159.26
122.348
138.046
75.4469
90.6137
14.1625
91.6467
55.6614
63.4764
79.2776
9.70151
31.9215
150.179
151.522
160.998
230.927
132.112
136.879
116.374
3.63965
14.1529
172.997
187.705
243.682
16.8451
158.475
24.2448
148.901
15.1969
155.691
11.3424
112.864
191.635
209.762
10.9702
198.62
24.4445
3.80573
139.868
168.139
64.8664
135.082
3.15202
24.4113
21.8316
120.26
3.23395
236.524
151.336
103.213
210.835
162.955
17.1972
168.04
202.932
121.281
150.599
76.2832
4.95773
120.05
131.301
17.6488
29.7754
68.9942
181.101
168.129
27.4688
127.141
22.0514
193.697
156.075
145.728
22.9201
100.296
53.0649
76.9252
25.6256
155.368
28.1545
196.863
173.751
159.171
141.582
40.9385
119.188
154.764
109.751
178.708
166.064
26.3496
154.867
124.432
38.1014
113.085
12.4833
163.769
75.0966
17.7943
125.082
80.4682
216.9
153.373
170.997
173.737
153.475
20.0281
172.742
167.671
196.971
22.812
42.7771
28.2365
143.169
229.356
74.4451
145.438
25.5502
140.881
24.4262
162.393
124.382
185.776
24.4138
131.451
70.9301
118.517
37.5303
15.8483
126.437
238.758
37.3135
184.332
258.103
22.5807
157.498
79.541
73.5298
177.308
136.507
203.946
149.756
101.853
13.2062
34.7492
150.902
146.704
20.5407
227.36
28.0453
127.475
150.823
68.2174
213.578
119.721
187.797
82.3968
55.423
133.974
115.785
31.7863
18.042
162.972
99.6479
3.28146
129.436
87.4548
115.124
40.5792
47.6007
99.7014
20.5614
33.5548
116.433
72.4805
180.717
13.2185
201.332
72.2988
75.8806
105.468
42.2324
177.451
120.14
28.3952
3.65781
98.7512
81.9237
3.77613
31.7512
25.2434
111.638
62.9321
127.382
125.204
30.7574
135.23
156.595
134.981
118.097
39.5046
45.561
78.096
42.4751
11.1533
98.239
128.907
49.5527
33.659
114.788
162.249
31.5249
181.788
56.9202
86.9479
79.1012
78.6487
3.95459
129.746
158.261
149.819
98.5687
114.905
30.7326
147.316
94.544
44.3711
34.7416
11.9473
176.619
14.8551
61.9305
14.0728
107.827
110.861
103.931
3.93238
78.4349
96.1626
98.0237
16.9464
43.9384
24.4994
127.687
21.251
32.3668
40.7936
17.9413
200.592
63.0196
154.957
209.138
86.451
102.919
57.2673
31.9618
14.2164
51.5419
28.1783
14.49
163.486
25.7773
131.151
22.8941
203.609
27.1788
31.8446
98.058
505.871
72.9618
113.63
19.9375
27.3036
166.79
157.49
23.7404
20.7887
319.592
46.5122
37.31
34.4966
1398.29
2.62375
22.2247
49.8336
86.6124
26.0667
11.5372
13.5898
130.014
15.6611
226.148
38.4721
252.526
77.2788
3.21124
20.2514
121.988
133.336
145.504
168.644
117.793
135.219
14.302
3.40109
46.5843
10.3967
240.518
2.6475
15.1989
3.83799
31.2599
18.7961
118.926
11.738
27.7376
9.82367
117.583
121.341
126.898
17.946
32.1928
2.2295
149.391
33.7613
41.3262
95.1079
87.6654
32.8921
59.7696
39.7011
43.8972
126.552
12.7889
20.4312
7.89385
29.6653
107.356
9.65815
75.1621
21.9776
10.256
107.199
75.9792
121.171
2.53406
131.238
10.9387
49.3826
12.6095
164.32
31.1106
93.5225
12.3944
10.7812
15.1609
149.993
148.038
98.761
13.0912
11.8154
136.057
150.245
39.7337
138.418
20.0549
31.2166
3.1239
29.9836
101.788
12.8542
117.774
287.642
111.548
10.7928
124.943
13.9855
160.324
11.406
71.6367
131.687
12.8308
3.96607
116.287
107.371
134.11
119.992
100.207
156.47
3.21658
3.3647
200.454
11.4096
3.45628
13.3547
105.223
124.056
121.773
32.6538
11.4293
41.4377
92.3303
264.033
16.1552
3.12226
28.2603
166.864
122.305
27.9003
157.438
11.3213
3.5175
106.877
28.5966
108.334
18.6653
124.922
3.74539
84.5705
3.50447
104.003
129.039
193.032
3.13975
61.4484
34.1598
137.263
12.2549
106.539
3.17087
14.2723
142.625
93.4285
80.8033
23.996
18.7932
14.7819
138.225
12.3799
135.727
136.639
32.8903
19.1802
10.6463
10.9133
43.4494
3.86103
3.43603
27.2081
19.1142
3.27979
37.1539
3.11073
11.6754
32.1914
13.9731
168.295
194.415
102.859
30.9943
130.063
129.92
11.9571
5.56825
145.476
11.6375
12.749
10.9204
4.05187
37.5412
111.564
44.5567
92.2079
23.2472
29.1005
15.5071
14.7351
15.4302
111.857
39.2629
25.4321
71.8909
4.11201
283.176
165.894
40.974
12.0561
33.7951
14.4031
63.3273
27.3999
26.602
3.72123
291.904
102.399
112.706
64.0985
4.16583
3.35399
30.5462
13.9515
3.95758
59.2699
79.1429
3.48157
19.866
60.7923
27.3065
16.6232
19.2889
237.255
3.45298
169.476
44.6134
162.786
40.0468
16.3683
12.5108
135.169
20.7476
119.291
2.83073
119.926
158.116
176.763
64.5952
177.756
106.157
4.22169
4.15341
68.6854
3.9139
16.5448
10.1275
259.316
15.9827
63.3305
12.9228
12.1991
175.872
11.8098
41.1394
13.9962
140.928
256.143
149.886
182.565
104.533
32.0323
3.57632
25.7354
10.2191
386.602
129.9
112.971
51.85
330.385
291.064
13.8482
36.4735
32.5488
27.0617
34.6853
107.273
25.2417
49.9745
75.4496
90.9869
120.573
26.9289
18.39
152.107
159.238
52.3058
131.357
12.0749
33.3559
115.144
37.9266
43.8294
23.6249
43.4975
69.6703
121.147
89.9955
34.1026
111.804
26.811
27.8339
87.5518
154.857
40.3815
70.6666
35.9065
31.9668
36.8836
27.2052
39.3604
151.449
33.594
121.295
180.775
177.894
210.324
34.7642
119.611
64.9184
206.584
42.2128
42.9047
104.53
92.646
49.2844
35.7599
56.3896
28.5112
80.1903
35.9378
57.5223
15.6364
22.1765
40.6303
41.7255
22.4899
22.4358
3.07273
138.049
58.4938
25.5586
1699.62
51.9432
99.5045
46.3338
39.0383
43.6857
118.007
41.1255
124.283
13.4432
48.0448
16.2861
26.8572
60.6957
167.666
34.4171
135.819
377.277
26.3032
30.4629
48.8459
37.7331
16.6481
25.9645
67.7849
26.0919
133.96
38.399
25.8359
107.058
120.138
15.7942
47.7442
132.203
107.41
14.1489
113.4
12.5363
22.87
106.633
12.7798
30.1738
13.2984
9.97017
12.3152
2.99124
3.0901
12.8615
12.6242
2.98139
14.5665
8.11005
75.9176
2.94954
12.3353
11.2686
68.0328
22.0698
4.13827
8.53689
138.004
8.86016
3.14515
45.7229
2.88967
13.5874
12.7761
4.08405
145.029
76.3699
11.7792
9.73587
11.8017
12.6722
107.53
20.2302
84.834
8.26536
20.3211
12.0729
11.0873
14.2632
13.0793
22.7695
29.0845
122.803
9.70633
49.5028
12.5668
131.234
3.06252
34.0845
133.572
30.3294
3.21765
12.2532
11.3088
10.2078
3.36001
19.09
3.40559
112.997
18.9825
26.4183
10.9333
9.97418
3.64735
3.03031
10.5455
3.50428
3.21756
116.764
8.74429
14.2232
10.1729
2.69613
15.1736
100.976
3.93459
10.666
3.4804
109.698
150.74
17.0582
10.7869
21.0914
24.7
10.7591
11.9153
14.8493
3.25941
11.9267
12.9007
103.579
143.256
42.2993
48.6424
145.715
185.685
196.782
47.9372
89.907
31.1832
111.272
154.782
188.48
173.284
162.899
93.8713
216.533
122.955
181.809
21.5008
136.766
222.181
40.4925
24.9567
35.9914
31.5411
55.416
39.4731
13.3062
39.5498
37.0705
115.083
37.1388
141.035
104.307
64.3553
207.177
94.6328
43.5479
159.365
196.119
4.40297
136.603
141.718
94.7481
37.3869
30.5589
42.0367
61.4076
155.664
12.4862
55.4104
26.1312
18.2791
197.805
102.557
110.308
22.205
145.088
17.3884
146.4
91.5661
109.766
129.099
146.804
41.3405
114.073
140.764
166.162
130.429
116.086
42.1453
4.63508
32.0004
161.1
170.587
312.97
47.8262
183.077
22.1851
5.09696
177.915
19.5469
121.118
100.272
123.574
11.6413
19.1728
195.393
29.1387
134.915
222.964
108.421
35.6047
28.0939
96.5623
4.30233
83.7752
43.9029
38.2822
119.659
30.6976
111.189
22.9934
124.686
155.42
51.4444
155.797
79.1836
174.486
143.997
146.274
83.9717
49.7729
117.865
36.5867
10.0519
204.503
48.1978
20.2818
133.831
179.067
188.095
90.3803
148.76
78.5646
134.904
160.868
163.457
341.673
117.351
127.934
127.112
98.4875
66.0663
39.1301
55.6222
138.101
114.504
212.013
125.767
148.729
169.375
95.467
23.6339
28.1249
31.6307
125.353
118.131
123.542
80.0728
131.327
38.7688
89.17
199.775
148.541
58.2038
156.129
30.615
144.001
45.7571
132.101
157.004
105.876
123.256
36.7712
104.059
45.148
120.959
149.401
120.678
20.6577
160.501
134.751
36.311
144.102
149.81
148.758
160.212
130.583
154.931
143.631
192.455
123.396
118.029
179.711
90.4249
210.127
150.09
30.9818
120.708
162.688
130.101
136.198
34.6679
63.3281
16.4557
119.99
26.7317
29.188
144.282
80.9395
39.3208
149.141
4.77639
36.7464
183.672
124.334
14.135
115.728
23.4696
96.8326
192.654
31.9393
158.698
120.546
45.9683
19.0839
110.202
118.077
47.1101
47.9431
42.4872
29.7998
98.6195
9.30422
100.179
27.3006
205.693
154.359
41.6425
42.2715
32.0738
99.9229
83.419
141.015
77.6261
175.922
23.8606
100.87
125.533
21.2775
37.9507
106.531
23.3392
99.2966
31.8563
46.5181
26.2927
217.604
22.1657
24.916
3.52821
32.4765
109.316
273.564
119.245
204.377
37.4669
30.2412
115.303
99.6184
31.0887
116.221
317.402
100.434
54.9686
114.563
37.4414
29.8968
49.8516
39.4284
75.1872
59.6027
166.108
166.39
170.692
121.327
230.39
186.06
132.542
52.2892
41.7911
41.9686
436.534
145.192
125.447
126.899
37.547
164.335
114.463
32.3196
38.4561
103.402
79.941
28.2351
30.33
86.7229
72.2352
25.6594
51.9115
125.166
168.364
40.0306
170.128
118.969
180.933
144.095
126.089
142.137
120.195
156.834
129.76
158.161
114.467
32.3381
98.1289
169.745
17.6712
190.717
17.9706
204.977
136.669
126.011
172.038
16.5986
31.3979
26.1764
19.0578
111.839
41.3131
165.331
186.483
181.925
119.452
76.7505
108.374
154.957
26.9775
100.532
169.548
142.459
171.293
148.915
239.728
64.5735
36.0311
115.713
125.835
16.3265
86.4505
122.98
139.412
109.391
202.507
106.665
133.758
146.882
69.5453
123.163
140.207
139.748
139.685
57.7028
155.101
93.2804
165.493
160.403
100.297
154.4
113.031
22.4005
208.578
99.1261
146.88
41.2764
26.7659
136.309
146.156
145.652
114.581
134.372
212.633
19.6359
204.983
79.9017
136.903
159.472
133.45
102.586
69.024
45.0596
25.1261
118.784
141.411
173.231
178.242
138.329
138.101
61.5464
775.266
134.976
17.3675
65.1881
39.4704
79.025
127.249
72.7098
156.579
29.0162
164.166
26.6074
22.7568
46.6103
183.361
225.777
37.9317
39.871
147.542
35.6725
117.154
78.6388
133.233
43.9665
19.6513
84.081
125.149
125.35
303.879
139.436
42.5303
35.7106
19.9757
128.522
28.82
34.3009
29.3055
19.1755
190.138
133.856
585.266
178.445
33.9217
61.9945
25.1309
181.083
127.921
48.6889
178.604
31.8632
34.8224
165.775
22.8351
220.454
114.998
45.1443
75.4444
278.728
28.9682
124.233
36.1058
39.8104
28.9247
156.06
38.7355
45.8125
162.63
35.8255
110.139
181.042
152.028
35.2518
146.702
129.656
15.5
143.505
42.8768
87.6493
29.2238
256.613
61.9399
134.712
175.409
34.1155
31.4612
34.8053
44.6027
186.426
26.7835
32.2318
171.616
142.882
22.7458
124.305
160.212
45.4297
23.4361
31.9504
50.9656
141.281
51.5548
184.57
10.5453
3.90878
110.42
52.8918
76.2931
31.7011
99.372
50.9119
126.494
27.6301
35.4806
138.725
51.4348
61.791
104.814
60.3244
87.9317
236.11
109.386
62.2141
37.8998
64.3405
21.3423
98.2508
37.2823
168.05
40.7748
87.2233
110.503
149.157
53.0804
94.758
8.0132
43.2192
149.287
1992.74
26.4295
20.5078
141.146
41.4675
168.945
41.436
62.0784
130.954
1631.59
10.1911
23.6716
105.833
63.3412
48.9627
93.3256
2.64094
148.983
85.6548
95.3449
61.3213
121.668
40.332
117.361
147.685
198.87
26.3566
181.129
3.97875
10.2022
3.95311
47.6643
13.9545
48.5663
17.9658
47.5267
144.631
9.08479
59.1301
44.0613
3.15446
64.348
59.5866
7.55709
151.747
23.5711
62.2406
16.0814
99.9256
3.08868
11.2665
60.6307
33.7141
51.7512
114.715
132.063
9.81168
19.9958
128.091
73.2421
75.2017
58.148
30.0619
11.378
205.572
55.3806
18.1429
149.885
377.272
195.837
62.3536
81.9269
32.5558
165.032
193.768
17.8057
182.019
192.319
38.1105
106.498
149.566
168.518
34.7986
32.7966
27.8119
41.8843
36.5126
150.669
37.0343
138.894
163.451
38.0425
21.8856
48.742
151.409
26.3535
35.5332
240.791
28.7178
79.4662
196.864
176.29
107.139
55.2893
218.704
62.5156
173.783
171.082
186.06
17.1925
206.304
40.2346
36.5989
42.376
149.999
21.8958
55.1124
34.5028
250.623
161.856
178.932
20.0815
44.9699
123.209
29.8283
47.425
171.836
30.9573
42.1673
87.6214
193.407
32.7069
32.3229
27.6161
167.578
156.206
32.8829
38.0754
44.5239
94.8404
43.8647
95.3047
145.172
62.1194
37.9526
33.9173
141.444
36.4918
221.389
41.7096
50.2327
36.818
224.844
28.5504
37.4413
56.8608
35.0297
144.267
133.329
53.5152
30.5751
154.648
190.088
132.607
41.7149
30.7372
188.737
21.4369
51.95
32.7216
40.2404
172.04
159.052
172.316
62.5666
32.1764
91.8133
142.6
121.601
43.729
31.8067
35.2935
67.7188
247.413
40.0869
762.617
46.9404
41.1703
53.1778
102.643
38.5739
60.0867
85.6242
65.6098
42.2458
50.2494
50.4577
22.8901
38.1992
27.0471
54.1008
183.733
27.9914
160.244
54.3597
32.3807
42.3732
19.6398
26.7186
82.2531
67.6362
31.7181
94.2342
31.9132
13.5071
202.625
70.9122
47.088
96.9258
54.6923
56.7215
54.0086
427.921
327.308
42.1761
44.8288
27.2703
128.363
87.8168
44.3148
40.8367
36.3255
36.1662
36.9613
44.026
342.814
89.6429
31.0596
223.013
48.9874
86.738
239.86
71.6238
166.845
29.922
45.8491
203.433
69.6962
19.0734
186.619
40.6817
100.456
89.9678
126.732
48.4021
69.2799
32.613
159.282
1546.51
29.0998
40.1115
72.1351
151.449
27.9412
21.3359
154.834
118.909
38.8031
83.5244
19.8549
28.875
19.7713
112.198
12.8903
476.058
39.043
13.6896
95.8811
36.8443
289.173
88.144
12.8371
26.9909
30.405
10.9012
129.923
32.0617
70.102
23.8064
98.5518
4.21514
198.922
34.0406
2.52065
12.1439
10.6334
88.0932
123.577
41.6415
10.7677
24.8486
20.1119
143.2
125.952
69.4285
25.5911
24.9345
11.6487
32.5016
146.679
20.6451
92.3397
40.082
25.6574
121.443
141.924
10.0355
119.147
11.4918
109.529
19.0917
204.677
124.735
55.4666
120.266
31.3993
505.414
11.7896
153.67
203.031
18.9308
23.8116
12.2146
167.343
148.499
212.645
20.301
78.5894
10.9807
29.6027
166.824
64.9686
62.9385
10.537
10.7747
77.5608
46.5978
111.437
4.03255
149.705
259.035
30.4772
40.3493
83.8887
131.934
8.02505
108.842
19.741
56.7249
27.9313
73.7411
13.1057
18.4512
33.7801
28.1421
20.1056
24.196
30.8001
154.652
34.0806
116.393
13.3419
15.3665
33.9818
21.0123
31.2995
19.584
27.9426
99.3054
65.7945
26.8757
107.782
18.5069
10.6196
31.0252
24.3496
33.9795
17.2681
183.322
30.7278
27.1307
129.557
34.4248
1349.75
2.81155
180.542
12.7518
85.3688
33.1014
115.537
12.424
29.6463
28.2423
99.5915
20.4248
16.3699
111.375
29.1683
141.973
42.5949
131.773
47.1901
30.4095
23.3247
12.1068
29.2685
3.24729
9.62965
80.053
26.609
44.7128
135.438
153.124
123.154
119.458
109.717
136.652
10.5448
112.763
131.6
29.7529
17.5237
34.7918
19.9947
117.878
23.2285
3.34977
41.3401
33.1454
22.8829
13.7173
120.566
31.7557
57.2357
176.841
39.9674
48.6347
40.2875
157.039
27.4442
138.383
98.1362
12.5109
27.438
24.6793
26.0147
125.852
29.9331
127.604
46.7991
94.0375
25.6513
30.6127
18.2058
30.0464
4.51689
11.0769
8.10702
142.031
11.309
46.7004
10.3711
28.7791
9.02403
135.639
126.292
125.746
2.89588
27.5479
120.648
10.3751
24.9516
9.43789
22.3669
2.63804
203.482
7.99077
38.2186
26.786
27.0445
136.762
11.1725
3.05464
10.0571
9.77356
2.83736
12.709
13.2053
88.8605
42.8328
22.4485
36.8135
13.2296
14.3347
3.65575
3.57499
76.5883
10.3351
25.7836
2.90548
12.8737
23.968
44.8508
2.92917
35.1766
3.55152
14.269
24.7572
113.714
88.8601
124.741
20.6705
531.442
17.3059
27.9017
42.0792
167.796
12.5742
9.30741
25.661
11.2564
12.8345
143.345
14.0818
20.2095
45.0191
20.6125
20.3311
21.3243
20.5161
128.968
124.668
2.92277
20.192
3.32611
92.2553
10.641
7.18038
3.05678
164.383
49.7515
37.0255
6.36447
8.93872
18.8122
497.971
33.9942
21.165
16.5886
20.4079
2.9827
2.52342
10.5421
86.1633
851.141
36.2355
27.3628
33.5351
69.7692
8.31801
49.1389
31.1847
95.2205
69.5749
97.2465
181.84
22.1229
44.6654
157.97
33.757
20.5409
47.2183
208.542
221.923
154.138
37.4807
28.3268
1403.52
34.7441
33.8136
50.8504
95.9924
105.382
129.235
24.7035
2.40831
391.373
24.2549
133.004
115.095
27.797
143.706
27.004
26.1565
161.983
21.2008
133.884
140.697
109.973
26.4903
12.2228
45.7049
140.507
50.405
143.632
152.917
95.9272
99.1946
110.065
327.757
51.5339
9.73176
32.8863
36.6401
253.842
54.2307
846.493
107.131
62.2949
324.211
162.04
24.1635
12.7754
20.056
44.0732
2.8899
29.182
162.36
72.5574
2.78695
46.8377
567.077
428.805
2.51104
1090.76
18.638
27.2829
17.9595
39.5096
25.1419
19.3576
52.3525
13.1289
89.877
14.5321
2.51004
124.446
74.6144
39.6355
224.989
136.18
33.8463
42.3199
25.908
127.874
148.456
40.8579
11.6125
3.01083
9.43592
145.725
31.2369
52.1214
29.0706
21.8807
125.722
14.8871
126.997
809.41
24.973
36.819
3.14232
156.202
27.2038
38.3447
16.4329
30.2018
16.3764
17.2499
126.827
51.8541
105.288
19.1919
173.587
13.2302
23.4183
82.4985
171.382
78.916
175.83
14.3618
10.5581
213.256
5.36787
52.9771
8.48853
124.392
20.7686
283.198
19.0571
42.4627
2.77281
3.17652
109.041
16.7563
21.5749
2.78392
18.3334
357.889
13.2523
25.4372
3.29307
11.1333
12.638
107.127
186.017
14.3547
211.018
38.1655
22.438
3.10795
69.4123
40.3808
127.161
32.6643
896.793
7.1292
56.504
23.3346
24.4381
3.86119
177.142
12.546
53.0093
36.7676
2.4936
36.0562
175.974
14.0243
24.524
47.1764
23.4401
138.333
98.0943
21.9469
16.6895
10.7452
11.5065
16.6461
208.3
148.361
42.5553
10.2182
108.85
40.2831
20.9807
56.8367
104.597
16.7875
18.7809
126.884
43.254
15.024
51.3439
51.924
39.4489
189.394
35.7787
85.0072
28.7665
213.703
60.9724
14.7698
148.579
134.176
57.6723
33.6365
49.6519
110.812
17.1729
51.6101
126.732
20.8692
23.6027
48.9362
40.6539
22.3368
119.375
38.3036
62.0356
168.791
35.6985
101.895
142.622
230.412
169.161
101.724
287.051
99.7414
44.8773
16.5111
139.741
38.6365
32.5281
107.272
31.2271
48.1852
40.675
153.765
36.053
24.9706
213.814
33.6717
170.661
139.391
22.2395
32.5391
44.5645
116.469
112.71
185.923
98.1674
139.452
19.7532
18.9013
111.116
81.4175
22.8302
251.566
53.1787
65.8366
122.291
218.5
127.879
109.484
43.4802
175.104
126.707
27.0847
207.38
69.7149
143.277
45.1671
76.9868
51.2983
41.5298
24.0561
179.443
47.8139
475.812
27.7551
25.9944
20.8116
27.6456
31.982
17.9849
121.835
2.99874
30.8209
14.6362
9.44641
106.506
164.556
35.6232
125.1
25.746
24.521
32.8619
135.708
22.5883
10.8833
10.1658
131.459
2.63282
268.407
154.67
42.8049
29.7131
128.812
11.002
222.768
127.42
35.4898
222.662
18.3253
147.9
192.29
157.133
177.895
27.597
7.77212
3.20913
24.2734
3.39756
8.81393
3.50371
14.1957
22.7852
40.2772
22.6971
13.8705
11.7035
3.85458
42.3507
161.318
152.299
3.42243
11.4579
11.8975
149.493
3.20167
14.1103
127.219
12.4168
20.7838
33.7749
26.5465
147.457
45.2904
39.4619
26.036
69.0893
41.5108
26.5776
37.3197
159.409
237.155
165.308
30.1917
177.609
11.1332
33.5875
46.9143
37.645
826.273
14.4154
50.0249
243.153
28.3817
42.4953
53.0175
3.73025
173.256
205.588
723.211
12.8058
52.046
17.9502
186.425
156.468
159.54
23.9558
30.0276
114.721
29.0702
46.4159
61.914
68.9582
148.056
73.1667
97.0409
26.4506
63.0488
30.6819
62.0894
20.0435
36.6995
17.338
115.814
4.78968
53.488
168.414
99.7152
90.7244
48.4129
103.886
4.29478
106.972
74.6152
71.4683
26.1328
59.7779
20.249
25.3768
90.5932
4.37208
47.6456
32.588
124.801
151.146
109.64
11.889
30.8632
27.7882
79.419
123.974
115.976
113.873
53.7838
37.6984
63.253
137.091
39.6806
90.4475
34.9385
34.4935
34.8891
111.909
38.3844
27.0801
24.7371
69.2946
34.9293
27.8504
102.792
139.192
29.4
45.0298
35.4746
45.7058
106.048
135.232
4.66557
163.949
62.4538
53.1053
43.9957
108.275
92.878
49.9996
35.0332
37.1904
256.786
55.183
37.3158
245.669
106.642
107.21
114.105
48.4843
57.2881
84.877
5.07703
41.24
38.9733
34.5456
19.6334
102.462
35.4464
141.625
80.9523
136.74
24.5982
84.2294
37.5386
79.897
33.6378
25.1187
43.5923
65.2917
46.3701
22.6657
35.1945
85.7944
38.0514
55.4177
42.3349
58.822
245.947
37.031
47.5395
180.472
77.9439
166.794
213.946
54.3971
90.6097
89.2473
45.5449
58.5468
80.9139
37.0866
85.7027
61.3788
181.774
42.1095
32.8843
50.8132
40.5815
104.924
38.0478
5346.52
50.7863
44.0792
49.9417
55.2221
40.9015
59.5648
30.5652
29.8009
140.435
57.9643
46.0636
82.5404
54.03
57.1013
63.0189
51.6968
94.1674
37.4563
27.6767
75.4967
105.07
67.7211
51.9685
58.2015
54.9153
74.8457
55.1354
80.4982
52.4281
46.5656
179.088
58.7135
53.1284
64.8012
36.2819
31.3523
39.3207
72.2706
43.1733
45.963
191.452
50.8289
144.8
39.0012
56.963
75.3465
68.4686
55.9983
103.058
60.5892
52.7593
43.1688
166.27
66.8856
62.1413
53.1442
36.0263
103.609
42.1704
31.8397
54.3386
30.6065
6.15907
12.3096
3.69931
11.5694
377.266
41.5823
4.63196
34.3461
29.0662
53.0386
3829.96
3142.43
26.8124
3.54636
12.8415
3.35814
4.32833
39.1041
23.4747
75.6627
11.5366
31.6017
13.0757
30.6251
27.8737
13.9944
6257.38
13.0061
3.58446
4.03503
124.958
13.3276
4.11271
10.529
12.2539
471.234
30.2807
14.7856
138.12
11.377
3.57489
3.20099
12.2336
324.465
12.781
45.2514
17.7673
14.2635
4768.48
11.5322
35.1293
187.208
23.2181
125.887
12.0379
11.7618
27.4963
163.279
12.9677
12.8657
131.966
1620.6
15.43
14.6407
169.478
3.6248
552.894
13.4124
27.0052
26.1155
11.1005
11.7772
111.424
233.175
4.20008
3.14856
11.9983
4.17883
12.9937
3.60324
11.9524
3146.16
10.5633
13.0359
38.7409
10.0514
29.1789
3.77578
21.7883
12.9826
14.754
14.2697
145.252
9.67077
10.8464
42.9593
4.05498
11.0894
1308.76
230.433
4205.85
294.849
407.023
558.502
402.69
246.592
225.77
1991.92
382.759
1538.79
55.2738
1956.66
321.034
398.831
290.975
406.34
191.831
326.388
252.323
333.644
23.9216
292.628
294.972
162.726
141.002
473.475
71.5776
395.806
128.125
27.2833
286.428
27.0538
429.312
320.275
71.7956
338.836
42.6887
518.901
285.747
80.8026
261.974
248.774
973.154
39.151
1266.06
70.4346
130.761
208.063
2341.41
251.75
129.786
127.421
57.3811
1629.99
264.462
33.2969
66.2255
410.704
44.6063
263.186
505.799
340.363
192.842
972.263
285.659
266.327
79.9274
53.9093
9711.32
234.085
292.566
1759.98
270.364
42.1325
2775.29
1164.29
345.158
295.887
15.0748
278.168
307.528
1593.1
396.985
59.678
625.47
31.5452
74.0218
1849.25
181.526
378.393
46.4827
480.977
304.391
143.439
2352.57
349.244
40.6626
123.417
162.515
79.8587
51.2559
13.2399
13.9024
12.3944
4.26072
99.9488
20.668
9.9867
4.16431
3.8198
29.3019
56.3969
3.58411
150.752
11.613
116.19
12.1629
13.9469
99.9258
8.50896
11.8924
13.8505
12.4712
29.5937
12.7988
3.88229
3.84939
11.164
23.7518
13.6059
10.9757
3.5607
14.4409
4.09699
3.74011
3.59375
43.7598
3.74498
11.1785
16.175
13.4534
86.2289
47.1028
10.1918
10.8267
21.386
16.0037
4.11372
4.26869
10.7842
156.984
50.1516
3.56165
3.4723
3.85481
14.3165
103.706
26.2142
11.8052
10.8527
108.322
19.5727
13.4521
142.134
32.6299
13.5436
38.263
3.56911
143.743
3.52456
243.826
13.9421
12.9208
11.9586
10.5982
11.4245
129.974
31.5465
10.9974
36.4363
110.454
3.84399
48.695
15.1344
107.559
3.56643
3.52768
13.6595
12.2407
3.80066
42.6768
208.297
12.3657
11.8982
22.5016
21.4828
14.4357
11.8993
11.7724
56.2727
15.5993
30.0185
229.844
23.4748
29.3606
127.063
15.0155
13.0028
201.627
29.38
28.267
10.8965
11.6996
11.5299
2.85633
13.4726
3.05256
31.845
3.46875
2.88807
124.54
28.8547
44
77.3724
28.6281
11.7348
345.228
148.563
231.986
3.2153
30.2428
58.1575
55.0212
23.287
12.9953
3.11632
282.188
46.6585
14.7666
28.7917
61.5146
36.7753
99.2712
13.9703
13.3667
21.8251
3.17768
261.505
3.16043
3.09802
10.38
10.815
13.9223
2.85221
121.971
3.05632
26.3049
38.6089
100.144
121.346
188.08
3.52122
93.4032
167.117
10.6063
267.998
13.466
46.3284
3.24501
146.947
3.40025
133.447
62.4363
119.715
40.2634
13.1375
12.6222
12.1115
2.80056
11.8143
190.7
32.7451
19.7009
164.7
207.145
11.7406
45.5792
114.286
2.80045
139.176
24.8588
3.16217
3.22021
39.8833
23.7591
175.635
2.7625
104.153
2.89735
12.7258
32.0333
10.1841
12.5132
25.8333
175.757
3.35299
12.825
12.2531
15.3345
16.7289
5.28338
140.837
10.5199
13.1906
42.6901
14.4386
13.5556
5.9533
34.2842
153.171
3.48452
144.777
13.6263
12.3302
13.8514
122.423
10.5454
3.75946
3.02987
10.1348
166.134
9.92784
11.202
193.709
97.6928
11.7115
23.6814
9.98732
6.21029
11.6355
11.9878
36.1473
34.5085
3.52845
13.7022
107.436
3.44872
11.5813
148.789
14.2141
3.65961
46.5025
12.2778
14.6004
174.279
28.9247
14.6558
24.154
12.0662
105.948
123.088
63.0812
12.5463
23.7001
3.44691
10.1964
28.0847
12.4166
38.5702
179.481
12.9614
113.256
26.9162
3.90683
37.7229
13.2625
4.79219
14.737
3.44359
11.0904
13.3744
13.9615
60.7289
3.21025
5.69572
157.675
13.7806
2.82397
168.174
3.44007
13.9071
16.8829
137.184
53.2265
11.6238
35.4531
113.875
11.6881
15.1696
12.6441
118.471
144.689
141.538
149.033
179.761
199.504
150.569
176.667
217.505
120.394
185.432
225.234
16.8799
123.684
390.147
41.9186
16.7536
33.7544
370.68
52.617
128.322
11.2772
171.349
383.265
167.677
147.538
446.668
46.2635
376.209
48.5734
722.064
93.4992
284.229
118.554
173.442
55.4052
179.726
26.383
21.7619
146.4
61.6861
14.5993
729.368
608.417
207.673
408.256
155.27
147.545
332.843
187.232
145.203
38.0574
381.062
173.296
340.916
39.9571
84.224
187.998
172.796
271.52
136.296
96.0708
14.9338
369.257
116.272
470.26
187.992
174.046
346.582
755.572
371.932
464.394
139.888
48.4697
200.991
207.243
254.909
75.1176
259.641
229.548
18.0755
33.4692
16.5893
176.457
254.063
279.814
896.23
160.588
492.972
136.75
169.87
54.5621
200.358
32.9501
23.739
165.334
327.95
209.353
363.746
183.732
14.7951
32.5453
5.47345
18.5639
10.8079
5.03398
10.5945
5.41386
148.325
4.83229
15.8197
15.7864
9.42389
12.4272
13.9658
624.618
133.279
4.77743
4.35086
14.7329
4.7394
12.1924
12.2949
13.6828
81.0977
319.831
25.1821
149.103
21.5102
62.2191
20.6332
22.082
4.28777
7.39018
195.085
24.8261
78.3063
25.1308
4.51529
5.27255
119.521
294.975
11.022
13.3529
32.9792
35.4488
18.3772
4.51644
4.40351
9.51982
11.1672
20.5979
270.112
615.192
33.0211
33.2281
8.43798
12.3404
15.4463
123.887
140.786
16.7798
181.105
12.4913
5.00338
282.639
194.596
5.86027
15.6043
34.9474
4.79948
30.7082
42.0757
4.71954
4.49201
14.2327
31.3367
18.507
52.5355
33.6877
5.14093
21.963
23.6204
34.4916
23.3432
13.5019
31.0328
30.1472
30.065
29.1837
16.153
11.2895
12.2196
16.4209
166.231
5.07194
348.332
118.561
82.6414
22.1002
38.2511
58.074
101.464
42.6212
31.3473
49.2797
46.2441
93.933
167.741
100.143
24.9154
111.523
203.544
75.4805
57.5506
39.3762
92.2022
123.117
56.7497
16.3677
83.1721
15.8493
44.676
184.91
63.3111
51.1866
85.9474
230.539
115.288
339.232
63.6618
421.166
69.1272
143.508
41.8611
48.8782
178.885
79.7427
131.103
57.6377
171.152
42.2013
55.5945
12.8061
138.815
167.148
24.2539
219.877
151.232
37.3863
27.2275
170.055
91.1584
146.795
64.3502
43.0979
97.9707
162.042
39.6098
39.6076
28.2739
50.8199
49.7279
5.99741
283.741
30.0018
40.4257
30.5008
214.104
126.199
98.5954
69.5538
15.7719
111.312
63.9025
204.786
50.4437
58.3107
222.453
111.908
126.018
113.653
107.555
56.4832
77.0264
124.236
39.3434
28.1578
102.482
44.9105
18.9394
62.5934
40.7666
155.023
121.688
108.084
37.1513
54.524
57.6851
156.292
71.9532
51.8232
48.9563
224.322
21.6052
3.8513
185.899
33.9149
35.7321
431.488
28.3315
57.2724
201.637
289.446
12.943
11.7242
13.8349
45.9721
4.62869
33.3359
44.4686
4.78793
256.256
181.672
329.455
38.4057
11.2826
31.5796
93.4306
19.4962
51.004
232.407
46.9347
45.8123
11.4246
32.4195
42.6313
35.2918
78.6141
55.0966
141.034
170.405
57.4809
38.9664
69.6789
260.118
241.518
65.1144
40.6681
33.0351
79.1043
156.047
17.3502
369.232
65.5271
5.15867
21.4954
140.479
3.94444
54.8393
123.879
53.5234
9.29052
52.4436
310.646
482.321
40.598
332.333
41.7798
21.5228
138.191
159.683
34.2453
36.6979
167.338
25.7471
217.508
35.3554
154.378
169.771
18.377
31.2039
30.3505
356.957
104.251
306.978
33.9182
42.5228
27.1633
4.70871
29.4593
378.745
15.5973
235.159
28.6085
25.3842
7.7207
12.9327
94.6189
69.7221
40.3718
31.1127
143.499
53.0599
24.2166
11.5215
10.7634
31.0591
24.5035
3.90422
53.011
155.227
39.1385
4.8391
175.62
14.9799
45.1167
40.186
14.4964
3.98396
11.6379
78.5258
5.05031
135.864
13.0105
4.5884
11.9944
23.9726
12.8841
218.071
105.088
136.126
57.4408
28.818
161.564
4.99303
9.56226
12.0951
249.816
4.8711
16.0185
67.5922
55.2609
567.615
12.4955
37.8779
13.6468
40.1034
159.823
46.066
294.05
44.2064
24.3456
48.8189
36.5386
51.2908
32.3557
109.17
4.64745
29.1361
4.70418
116.069
3.49583
4.14815
25.1793
3.49442
33.0577
15.4319
29.1176
216.536
3.89106
4.85053
36.3067
170.727
139.117
170.594
195.646
42.4208
10.5239
10.5726
10.7067
4.91175
15.1778
244.998
51.8574
179.129
10.5725
11.1199
55.0451
212.723
161.747
11.7996
62.7973
12.0377
55.442
3.95231
10.3549
35.237
15.6263
105.197
9.24291
55.7986
4.78631
4.02393
4.80547
42.2111
16.9331
14.6755
44.2511
114.809
3.82985
48.0156
41.1373
4.44892
4.51521
13.6238
31.5297
15.0206
14.4665
35.7743
36.5564
39.111
26.7784
4.83592
61.279
4.78236
5.15629
13.4837
59.3384
47.6723
23.9999
177.625
4.93908
24.9878
12.3908
10.4519
15.7889
4.43987
12.3962
4.78463
9.83841
23.2485
18.608
16.0539
18.2131
76.939
13.608
5.18572
2789
39.077
204.035
27.8437
32.4334
91.6879
16.6601
23.3756
16.0628
4.21188
62.6693
269.314
4.98979
64.3179
13.1706
23.6422
49.5726
16.8832
24.4457
15.5166
50.993
30.4918
14.0268
4.31464
297.261
10.8978
12.1496
13.2311
14.2854
17.7915
14.6384
14.4761
43.3833
32.111
99.8637
72.0604
4.82935
14.3426
102.206
45.7074
165.586
33.0246
12.587
288.803
33.0528
202.058
126.201
14.5199
15.1117
10.7533
4.34917
13.1782
235.953
183.567
2535.41
166.961
341.235
20.1267
91.0641
237.044
34.6502
303.98
40.5507
221.38
277.337
61.7925
457.369
450.573
228.319
23.7621
39.4284
21.9659
29.3641
60.1098
188.622
25.5396
113.162
562.331
376.751
301.892
425.768
187.007
115.443
97.6375
13.6763
295.392
393.168
14.604
356.586
199.456
383.756
41.985
568.226
296.716
34.4539
60.7633
31.8671
241.682
254.159
850.194
215.787
434.283
249.92
211.478
352.289
83.3477
86.2915
49.1061
12.6272
304.348
1664.05
248.258
21.3741
282.517
421.993
381.544
54.4349
192.615
308.054
286.137
306.757
220.101
248.841
1549.92
26.2341
392.041
251.592
199.145
105.221
60.3207
301.283
51.637
291.494
507.881
2192.37
397.527
147.489
34.2295
234.338
532.679
70.6818
290.141
167.983
247.979
336.506
104.584
369.753
76.8816
28.9897
37.8779
277.126
111.256
7.36138
15.2676
26.5129
116.438
86.1957
145.458
203.285
13.5122
223.212
15.9278
17.2165
3.01449
7.85022
47.8017
50.6221
12.2277
10.0968
506.381
123.408
501.225
4.36054
12.5321
3.32795
303.235
3.64405
143.984
190.93
80.9632
9.79102
117.496
62.6339
3.57793
40.6386
211.646
18.7287
4.52564
13.4826
13.5073
162.688
12.8594
15.339
132.903
42.8215
14.0318
4.21878
3.72238
142.32
3.55321
3.82795
13.7666
73.9599
12.3134
25.1165
84.5103
306.223
117.211
126.441
250.678
3.84088
4.26967
24.2459
104.683
34.4084
179.161
17.4763
17.66
334.441
4.46886
177.13
225.707
114.624
182.238
4.06354
198.525
4.49569
12.5067
224.687
11.9992
13.6257
34.2634
56.8627
5.13677
12.0168
10.084
33.6855
171.53
53.6933
192.452
47.76
10.9303
14.4688
205.63
12.9985
14.1042
12.5618
111.705
63.0735
113.109
13.7289
275.261
24.697
116.715
136.698
54.1885
131.306
134.257
33.1591
188.285
199.679
210.815
322.763
380.201
43.3892
42.9181
169.411
298.839
216.74
74.2997
186.392
38.4234
199.315
130.303
208.485
498.639
30.742
24.4616
61.4442
189.141
39.6986
128.443
123.513
162.337
269.316
71.9298
411.891
171.298
19.9479
26.6041
27.5688
140.539
36.7892
39.2636
163.203
44.5063
29.4799
335.43
269.389
211.924
174.051
20.9649
144.349
220.959
36.4316
73.1975
89.192
174.192
52.3234
354.321
179.397
129.398
40.9526
102.207
19.2114
27.6597
48.9896
62.6246
44.8561
26.024
115.39
185.815
22.296
54.8813
194.006
171.948
26.6646
42.9039
167.701
239.834
25.9504
149.035
46.5349
36.7407
37.068
47.8375
160.059
38.3386
77.8072
147.942
133.568
145.948
45.8897
193.901
318.726
26.7465
149.951
79.0139
22.51
195.784
193.316
254.209
49.1414
55.2351
40.2407
29.8382
41.1696
94.8893
781.228
29.1522
36.7501
337.332
37.5059
39.2519
60.1147
34.7397
61.8908
92.0188
36.9963
49.821
205.783
51.9009
279.384
14.5073
387.678
68.2493
14.3757
37.1539
50.7229
49.4708
63.5177
43.3206
44.5579
41.9253
98.8809
118.704
38.1467
59.596
272.978
165.973
75.8127
45.0431
74.0791
175.915
32.2689
5.59638
38.746
35.2233
50.0264
48.9296
46.9488
13.5948
45.2151
33.5319
123.897
32.5309
75.0901
244.586
5.55363
32.1258
48.4725
35.1877
47.0631
30.2784
131.902
52.3451
39.8137
36.9339
12.9619
38.8791
35.1963
39.7112
35.2639
80.8936
52.9165
40.6224
185.686
43.7969
266.457
47.7485
35.7109
51.9119
43.3024
43.2136
27.7127
74.6996
13.5541
201.786
26.602
63.1219
4.01776
38.2796
218.95
15.4102
36.418
78.6585
27.6986
15.1104
36.499
31.2158
15.7152
229.622
34.0442
27.5508
136.551
84.8673
34.5487
48.6718
39.4059
81.3164
20.4765
191.623
37.3348
27.9415
173.257
100.614
129.891
22.106
11.225
32.6566
172.662
35.561
46.7937
119.783
38.6547
70.4978
39.4628
24.0666
44.848
36.6267
91.5873
42.2589
20.1061
111.796
142.988
37.5691
117.64
95.2811
4.01597
91.9163
43.1152
30.8234
95.0649
865.936
81.1635
126.113
23.3236
37.4447
106.322
25.9928
49.8861
60.38
41.8628
76.3372
48.2444
34.392
32.6334
16.7773
44.0993
20.5997
31.6924
209.794
22.5939
129.861
43.3523
32.625
40.1152
19.4292
77.8839
137.146
297.31
30.198
87.1683
33.4788
68.068
59.3942
167.938
38.327
22.5988
46.1176
34.4155
31.5592
24.8628
108.94
92.6772
80.9146
44.5327
31.501
44.6832
18.856
31.1863
23.8783
12.0992
137.122
157.266
32.0227
99.2979
130.702
27.4708
34.6378
58.0842
118.759
15.5084
42.0696
155.486
18.442
243.153
147.663
2.92717
10.7172
91.0929
4.90286
9.99236
2.56839
12.3341
11.04
17.956
9.03369
3.16118
258.281
12.8078
110.241
12.9377
171.452
20.7998
39.2057
3.84151
3.76845
11.3487
11.4906
33.3271
9.30808
72.575
11.7131
10.223
107.313
52.8585
58.9248
185.959
3.2425
35.2969
117.865
3.73268
79.4782
26.7722
66.279
3.21078
123.602
3.51176
12.9118
77.7024
11.0901
17.8725
11.7575
12.4803
3.76114
13.9545
14.36
137.67
36.0995
139.082
3.76496
28.0226
12.1561
111.914
13.1158
3.29389
4.07971
138.077
2.1805
3.07178
3.09652
2.59631
3.34845
9.50623
8.32756
20.5917
18.7066
12.8337
25.665
13.7762
144.85
29.7962
18.8335
9.01372
227.055
38.3279
118.72
3.34626
2.99721
50.4032
3.33566
90.5196
10.4953
4.83429
3.41239
12.7333
176.039
13.1843
2.85514
27.1141
26.4473
210.283
118.448
38.447
26.1594
43.0709
58.8152
45.7602
39.8093
60.5199
58.9192
141.55
43.802
48.8404
42.213
33.2491
29.6187
76.1647
32.6165
28.6917
36.7793
53.3887
334.226
35.8749
25.0206
353.522
52.6902
14.2795
33.7854
221.796
3.22333
51.3664
45.4835
33.8058
27.9842
78.9211
177.415
40.9388
25.2177
111.103
13.7942
53.9566
114.813
33.9002
36.3067
38.8894
31.9802
234.146
127.841
41.1599
63.7429
42.08
205.386
170.101
43.5815
183
239.611
34.9087
62.3101
27.4419
217.401
28.8191
35.9568
39.7973
32.1963
91.5514
30.7037
202.898
31.7542
45.4244
26.0922
23.5929
43.5577
216.077
156.24
57.2655
40.4988
111.157
34.6708
41.0181
71.3992
35.0835
47.6019
110.739
31.3238
98.0355
52.4142
45.226
327.37
51.4284
20.5355
19.3616
17.565
404.244
81.2034
48.2168
28.9822
279.68
3.61659
3.51162
235.702
114.274
25.1473
36.406
60.726
137.668
25.4046
49.7487
85.0493
43.2433
31.465
166.167
11.0175
137.617
204.293
235.949
182.145
53.0937
71.2327
114.846
134.488
39.8946
43.2385
22.3996
214.692
67.1105
46.5566
37.5339
52.1631
44.112
125.653
37.7342
25.3934
48.561
110.958
27.2862
24.5651
119.72
42.9626
67.1112
57.1467
40.3819
58.0627
153.627
47.6899
31.8828
82.0412
50.4397
37.4227
136.873
143.641
38.2886
91.6892
141.105
27.746
114.493
147.209
217.038
85.5098
84.653
160.113
91.1509
223.458
178.971
30.181
30.78
160.17
88.2253
108.691
224.237
25.0372
35.6008
89.4933
21.3666
18.2755
37.0012
20.9495
38.8475
36.7296
29.0291
292.606
113.199
28.6616
187.134
24.9682
67.4618
50.0026
27.3848
147.867
164.799
134.15
24.9025
164.988
22.6549
37.1445
32.4446
33.6926
32.1919
134.83
41.0999
36.3601
35.3694
26.0201
44.2226
88.8415
21.3935
59.4406
260.961
88.4342
27.6315
31.3177
47.7511
24.3178
55.8727
102.104
229.477
54.9935
39.5048
48.7234
35.7826
38.8117
72.4258
37.7927
41.3955
55.0089
35.8037
53.5315
73.9495
42.4176
40.8252
47.7922
63.3158
37.2251
26.395
33.5784
57.5278
23.2765
74.6619
32.29
12.9321
40.7385
50.6606
27.1239
58.6389
27.4948
211.246
13.3109
3.70762
34.8599
188.72
37.8263
116.38
38.8622
29.1127
23.0124
233.654
11.4063
43.1571
29.284
43.1541
40.8042
9.79045
36.3853
40.1259
26.9801
58.5515
31.524
9.76635
39.8346
32.4122
2.92824
28.464
206.634
430.544
31.286
29.9937
24.4131
49.3947
47.2642
132.781
52.9758
45.215
29.7109
31.4325
57.6203
33.5934
41.7001
43.2915
44.5936
29.0321
35.533
53.2796
54.9851
45.4407
131.464
83.63
298.402
24.2504
142.317
34.4935
194.856
104.574
101.761
21.508
81.3067
164.491
19.7373
180.458
34.7724
118.062
181.445
15.1475
125.4
130.498
139.487
119.684
353.299
292.455
224.044
179.921
40.3653
205.8
175.615
122.541
205.993
16.7416
243.802
47.4744
139.566
197.869
299.62
194.261
127.667
120.553
61.9741
23.9819
164.376
138.185
122.646
84.758
23.7192
109.291
134.976
188.728
195.154
120.138
23.5191
155.619
35.1751
191.112
29.5982
10.6017
170.153
145.489
146.278
215.237
156.813
79.5434
92.9023
63.2584
155.72
193.204
38.9362
116
106.552
529.714
22.7319
125.868
19.2098
343.594
91.1119
58.1128
203.061
18.3126
189.755
29.8657
104.717
20.2219
170.849
247.035
82.2484
254.819
208.433
134.81
166.373
212.9
73.8959
179.328
135.979
162.07
124.312
25.1908
148.927
138.474
196.408
93.1941
136.055
142.325
66.8947
18.2013
183.819
69.0893
429.027
22.1992
33.4274
46.9913
27.3604
27.2816
43.2075
89.2729
27.5348
160.345
114.952
36.7041
109.095
54.8549
41.6722
23.3626
25.4835
200.449
32.2511
48.4111
32.1049
20.9296
18.3768
177.119
44.8461
50.3201
31.9951
233.921
23.9642
115.085
34.4537
25.6827
33.002
279.952
406.146
24.9965
138.01
55.7202
28.1793
203.638
24.0656
38.4472
48.2349
56.0507
22.7096
29.5049
186.545
55.6417
137.071
18.8865
32.2223
73.6899
28.0017
1114.82
44.6791
19.4503
23.5617
28.8164
48.0112
56.8664
319.396
186.737
30.7449
34.2872
77.9586
155.281
20.3318
26.0965
27.2682
243.285
38.7752
60.349
18.8624
25.0506
42.167
123.186
37.8219
29.0428
340.182
131.645
38.1661
29.8563
235.409
262.066
27.2915
36.1018
30.365
45.422
19.8598
26.6537
41.1951
76.0059
25.8951
27.9128
39.9183
27.7226
45.8321
27.2745
39.8168
143.682
126.231
21.5889
12.2919
47.3051
52.8281
96.6681
175.179
60.3751
47.5473
49.8033
47.8544
79.1962
23.602
25.4534
162.311
59.6588
68.0571
90.3332
62.6484
34.5517
22.428
23.3224
35.7467
11.2329
3.8468
17.665
84.1611
84.0955
148.051
154.508
79.0881
40.3842
28.513
13.9128
54.4378
149.475
31.4791
20.7122
34.0872
61.5341
258.526
48.9144
63.5603
14.4798
97.2026
47.4569
30.1489
3.5425
76.3222
158.058
120.613
69.9813
28.8142
36.6889
30.0654
65.7175
73.26
63.1055
73.0206
65.1086
115.627
28.986
20.9653
3.17577
156.648
23.7477
29.2538
39.0136
25.4027
43.0061
78.6524
5.16278
87.6403
185.197
70.857
29.4471
33.3253
38.0821
108.273
66.6635
156.511
28.5101
152.163
72.3776
114.376
217.926
98.1965
14.4496
59.3747
79.6274
56.0702
85.4023
89.5738
30.4634
100.046
29.1608
27.7349
20.8813
23.873
15.3295
9.88288
25.9012
125.872
10.6641
154.593
64.4335
13.4964
3.70788
14.1884
56.9291
9.70082
145.045
8.335
10.6841
10.0629
27.5379
23.9588
10.7633
3.91038
16.7454
180.242
12.0935
8.73924
10.6813
8.78275
3.59127
13.3644
8.18232
12.4779
89.9985
11.0592
9.14806
9.8242
98.916
12.9618
10.6441
11.4052
11.4169
3.43111
11.3419
146.628
15.2004
59.762
11.8779
2.99838
144.349
10.6748
152.366
13.4493
6.88948
26.0052
4.77869
3.72711
3.74267
9.92175
3.335
11.2348
143.031
143.958
10.7888
10.3206
13.0644
131.203
100.261
10.8814
114.31
11.2926
3.12988
67.1851
9.93826
85.9405
43.8932
108.753
17.9087
11.3432
2.98084
110.469
8.68925
15.9389
3.14082
63.4823
12.6039
13.419
3.17565
3.65089
171.325
11.112
2.98436
116.597
2.79599
10.856
12.0068
25.9034
9.74743
11.4658
98.4876
4.50543
10.7735
92.831
30.5233
13.9116
122.452
119.838
2.60183
129.903
11.5942
19.0806
97.2009
116.959
15.3089
2.56612
2.70083
24.6186
39.3157
174.762
13.2125
130.222
158.973
16.3076
226.323
120.299
213.076
2.65488
19.7562
137.841
13.176
149.641
49.546
18.5168
83.8833
104.11
104.845
2.71157
28.1782
93.8072
39.58
36.1328
31.2844
30.5223
25.8163
118.315
216.22
2.28497
132.474
13.8424
15.2856
165.679
11.5672
13.2269
194.451
88.5397
2.44909
150.039
14.1234
27.0909
3.00366
13.8005
22.6067
180.336
89.1816
2.67849
12.639
16.2606
15.3865
100.206
41.0512
2.70615
78.2293
18.9861
19.7253
11.0319
261.74
51.9225
19.8978
229.56
30.6777
91.729
267.82
56.2261
10.4702
15.319
207.804
2.84574
34.4174
30.296
11.6616
110.253
182.101
164.989
43.2377
7.51343
10.1165
19.1463
147.777
178.384
118.012
73.3933
70.1229
210.086
14.848
4.63755
15.6228
9.06953
20.8061
2.56312
11.6425
12.8118
35.3604
95.4159
11.9067
12.5424
13.4462
133.256
3.1715
28.7324
142.132
13.6063
11.756
31.5545
2.78944
13.0533
10.9743
19.8355
13.8254
75.7571
11.4934
102.945
2.50259
11.6658
9.37641
23.9128
2.9714
15.5728
2.78135
26.1916
6.32912
3.13715
13.0758
93.9363
112.184
25.5915
82.5381
13.7456
9.92509
32.2024
568.553
3.80271
21.4189
11.6767
9.89235
4.17018
4.66592
101.901
9.32212
21.3844
105.378
3.36028
2.59939
109.929
22.0634
95.2181
112.31
76.2663
16.1222
139.078
26.0079
11.087
8.32804
12.7706
12.0254
128.901
88.4718
38.0239
11.4338
89.0218
2.58031
232.434
13.1338
2.6551
15.7995
17.303
7.33389
68.9672
3.11707
10.7759
9.38199
11.6861
10.0749
179.449
13.9524
91.4589
12.8073
19.6165
34.8833
4.00961
11.8696
109.376
102.757
9.96224
35.2815
33.6131
29.3876
169.55
23.8307
284.215
112.581
68.8269
26.0464
153.883
23.2533
30.6589
17.1109
37.0847
22.1536
32.2609
22.9942
28.633
19.1608
3.46159
18.7895
389.575
63.8693
25.1241
42.0762
33.472
585.442
36.0747
68.5174
185.351
12.9049
31.8814
42.0502
28.4298
220.326
117.952
122.92
108.443
26.9717
20.9334
24.3671
20.3862
33.2535
265.555
17.691
45.5052
65.8405
21.5762
18.6942
36.5902
9.5316
35.2157
17.1433
28.2565
38.6392
29.8411
176.784
80.8393
34.2689
132.997
155.731
113.23
37.9435
155.059
132.789
62.7517
157.596
31.4588
18.1634
105.457
36.2281
31.4552
20.684
23.4187
30.4824
31.1095
115.117
61.1921
22.2646
57.8491
35.8512
34.3804
22.3861
33.7566
24.0418
15.8296
97.1324
3.16716
33.6502
131.546
112.287
28.9453
45.0655
10.3476
20.8526
14.3396
23.4352
29.3018
68.8153
32.2982
29.366
73.0518
12.4415
11.2778
8.96483
10.2313
15.1369
12.4633
29.4905
10.4769
29.1658
11.3888
339.426
4.12511
77.8983
15.1238
119.004
11.5901
18.5122
26.3034
95.1592
21.3735
76.6084
4.44352
229.974
44.5976
3.80728
11.9175
29.4379
10.8967
19.8776
4.39041
13.3257
8.75459
8.51659
13.641
22.2675
3.84032
15.049
51.4426
4.04119
14.7574
88.0083
50.2014
27.9096
235.31
36.5932
110.145
14.0482
23.2954
83.1796
10.7434
4.22561
4.26705
4.08313
11.4494
10.0356
10.3051
20.0889
32.4455
128.57
37.1029
76.5673
9.54115
4.54551
4.49057
11.1114
31.3465
18.3349
4.14019
4.84111
48.193
3.9956
4.54318
4.37224
9.85738
33.0071
12.4931
10.2057
13.2186
23.7638
10.2112
4.44132
55.6537
172.645
3.99386
12.5091
7.62221
4.21215
22.9792
240.202
116.714
3.48318
19.4496
35.0865
13.9321
9.02217
12.715
4.37174
10.7852
55.8889
30.2995
62.0601
45.8725
36.7111
78.9251
119.149
4.53186
44.3869
28.9782
33.6893
117.514
20.32
28.7558
89.6511
123.754
65.6889
15.8994
64.1268
28.7727
19.7189
32.6416
81.8352
4.2153
50.9919
44.1126
182.136
50.1019
38.919
19.1552
106.758
59.0674
79.3976
99.8424
22.698
51.0144
139.217
8.43805
84.3389
51.798
31.7753
54.0348
171.885
112.713
118.058
89.6783
37.4721
149.187
14.7381
35.864
57.4315
30.7932
125.455
23.5706
135.736
27.7399
39.232
94.9426
13.6481
34.6418
123.076
47.0836
77.2345
21.1353
219.662
55.6857
135.63
26.9774
3.54102
15.822
32.4525
76.9553
65.5884
76.1993
38.9665
34.5488
146.136
28.2967
30.4029
54.475
70.2046
38.7253
101.806
94.3869
95.6906
3.76879
3.72657
25.7133
40.9855
136.571
12.1538
31.2988
44.7795
132.6
111.669
146.452
48.0819
178.912
19.2526
17.9882
87.589
120.554
97.0916
192.316
38.1807
94.1609
51.5811
38.4473
104.308
114.068
28.4263
37.4204
23.6041
40.5152
88.0897
24.8117
511.124
116.104
49.1033
182.1
101.305
148.973
46.687
51.4814
40.6316
26.2444
99.3042
104.584
97.0999
124.825
115.089
121.522
126.351
27.6129
160.794
111.842
27.362
94.9392
120.006
104.335
85.5947
67.7837
95.8144
58.7525
179.763
43.2336
45.1701
1032.06
165.972
85.0095
169.644
63.4891
33.7703
34.5828
362.989
37.3528
63.1202
150.642
177.714
45.4761
68.421
22.2103
60.6794
27.8646
30.2388
136.295
28.4606
140.146
37.8432
132.909
124.944
119.822
25.5154
25.4701
82.7739
155.934
145.692
48.6934
160.827
73.5478
31.7262
94.849
86.9917
25.5961
43.6423
22.1787
38.0771
119.11
43.1042
101.616
40.9413
141.61
18.0248
41.781
27.3904
45.2578
23.9592
37.9049
37.0567
77.3246
33.3612
115.267
48.9224
147.719
231.784
126.833
31.7952
40.6433
69.8753
32.2802
115.488
28.8086
163.707
184.231
44.0493
44.7602
57.1779
32.5811
40.4981
158.55
18.2303
111.171
87.5957
40.1486
109.562
20.2978
120.39
40.1864
12.5205
134.414
119.523
51.9917
182.562
27.237
11.5019
68.6698
114.225
43.3807
30.1202
39.3768
48.1724
32.3861
108.187
53.8015
13.3469
109.154
93.2836
3.39416
191.358
48.9197
117.578
62.6603
183.003
55.7043
193.812
104.959
40.225
150.117
41.384
362.919
148.664
81.2543
246.358
95.5891
130.565
111.205
147.619
101.192
157.723
33.4014
111.676
203.116
92.1338
31.1983
163.298
275.682
14.816
121.92
40.2563
105.611
118.685
143
94.7514
31.4304
86.5737
28.3768
119.377
47.063
115.296
49.53
1214
32.6726
102.768
44.1662
163.015
35.86
42.1209
327.504
224.999
62.8335
148.392
133.82
136.394
28.8012
130.443
15.3783
143.353
87.0765
23.9379
172.986
3.16765
3.92259
17.5751
23.4439
82.4806
134.682
128.768
12.6368
168.72
16.3818
139.881
160.866
192.218
153.576
134.494
98.4503
131.896
206.703
114.065
148.897
317.701
155.423
26.6283
161.711
23.888
95.3199
152.605
114.974
149.34
130.891
13.4805
123.766
154.456
21.8201
152.924
121.408
151.89
27.8319
166.958
184.474
24.8525
4.11873
117.989
153.218
28.9049
27.7249
128.965
28.3405
138.921
172.406
158.061
112.888
125.867
203.241
146.734
111.616
158.024
32.6847
134.833
14.8884
178.423
154.888
27.0178
192.078
164.488
14.8747
189.537
116.517
156.426
18.0898
111.464
115.614
33.2219
122.485
140.08
2.79242
160.887
3.32542
23.225
155.774
123.533
125.594
42.3977
210.952
19.6889
31.8047
10.7886
3.14197
132.762
124.622
129.364
50.934
38.7698
233.134
44.2817
44.0115
74.8369
43.216
198.55
69.7919
76.2901
30.4387
39.2869
55.5983
22.5055
65.3411
42.4145
108.633
170.022
26.9636
44.5572
78.5509
24.5141
148.522
53.9605
55.4413
31.061
22.8295
199.713
28.3784
43.8989
73.8292
118.784
22.4889
143.618
54.3341
58.1187
357.769
192.72
48.7086
45.3166
39.0903
51.0998
143.185
54.8394
144.394
162.264
31.3916
61.5906
35.2064
155.872
144.387
179.058
53.0729
24.8353
116.795
19.0885
42.9955
142.658
33.2153
39.3247
143.253
305.857
195.65
32.0894
133.678
31.4933
27.9959
375.915
161.222
37.2764
222.49
191.146
223.837
170.183
184.817
43.1906
132.734
30.5428
137.598
151.827
34.9244
54.6117
36.1428
157.553
156.74
157.787
36.1104
57.1818
18.7522
164.504
135.568
147.016
75.2678
49.103
33.8917
154.335
57.9554
32.6258
29.7065
52.174
201.913
83.089
49.5476
130.274
46.572
159.159
174.647
157.868
18.8927
10.4405
19.6272
25.7822
3.02728
110.585
192.827
60.6704
91.1876
81.8725
69.5025
90.2638
181.036
26.1371
9.05718
16.7095
103.954
93.9103
91.1277
69.3732
29.0557
79.9061
124.11
36.3494
21.3676
141.621
186
126.267
48.9997
214.495
62.4869
244.375
87.2171
43.1906
47.8004
16.7924
17.6454
29.5776
33.3706
23.787
39.4037
10.7555
44.0711
25.7466
74.9332
68.2632
55.801
43.7712
44.6295
89.6786
32.7652
18.9858
169.274
120.401
64.6133
127.382
17.7855
17.9705
17.9786
29.003
29.6656
21.9825
99.7155
31.2087
21.7698
30.1814
45.027
29.9072
25.5364
54.0951
50.4083
19.483
7.2325
60.2023
269.661
85.1333
17.0126
260.393
21.9168
54.2544
59.5594
35.4053
37.3527
41.5091
28.2401
19.632
98.2069
90.0052
166.394
72.3285
61.3544
106.404
20.0481
140.825
28.3216
43.7022
140.193
17.2091
39.5951
106.599
43.2557
80.8425
59.5134
230.106
158.269
997.186
161.139
167.416
93.9486
38.3806
156.461
65.7335
84.0051
35.5535
145.04
101.409
98.1379
126.828
32.8469
53.0879
175.307
83.8948
26.5482
135.848
130.34
26.9533
27.6385
26.2235
36.7666
49.4008
117.793
36.5219
67.6001
83.5426
256.282
97.8664
154.319
97.0412
88.3871
114.695
37.3408
117.643
166.344
30.3892
125.594
123.339
25.6554
130.173
212.296
182.514
121.156
186.539
110.908
29.715
97.1328
67.2059
114.405
224.241
149.649
144.519
191.597
130.41
18.5958
156.719
85.1537
100.32
154.967
187.886
121.744
48.7114
98.4941
90.2625
347.892
27.6088
40.5272
88.5684
60.6724
154.734
133.193
171.539
282.766
27.8878
39.4497
50.8007
62.4638
98.7523
112.535
97.2189
114.49
77.0516
18.9832
136.016
72.4243
12.4302
224.058
197.447
28.7876
33.4672
138.844
143.506
11.0777
12.1708
32.0594
40.6992
2.75706
89.8499
915.385
8.84822
2.94336
20.6653
2.71819
117.262
235.87
60.3666
496.658
198.857
177.866
121.161
225.74
14.5314
313.35
38.3585
12.2678
211.93
1195.16
186.893
257.244
24.87
64.2521
337.653
231.715
280.743
382.611
91.7403
26.3506
199.084
209.38
208.239
125.483
90.7533
12.1335
10.3848
237.737
47.565
315.711
152.248
2.94148
368.593
55.2199
3.30177
184.081
3.24976
2.65464
8.51381
162.031
241.965
83.9928
473.221
126.282
426.982
148.707
10.7737
156.924
39.8995
2.30389
364.825
8.5169
11.2842
301.918
193.986
13.4249
238.063
137.452
197.394
163.22
111.719
175.799
49.4417
2.93331
196.545
58.7343
71.0776
16.1826
53.7558
230.475
316.342
9.10116
294.219
25.7868
164.727
91.5945
764.968
44.9742
30.3067
58.7404
172.417
96.3051
193.998
49.1311
167.467
72.2854
445.404
33.6895
20.803
22.6208
240.853
308.276
54.887
276.383
32.1654
72.7985
541.267
37.4413
34.6095
40.715
234.342
24.949
198.403
50.0897
38.6557
40.0824
110.692
330.892
38.972
57.5126
33.1782
266.96
33.7256
247.582
60.3438
325.648
33.5651
37.3533
149.549
103.135
220.894
32.9908
409.856
64.8161
446.042
326.364
119.2
635.994
78.6425
177.37
186.383
357.624
291.458
294.098
48.7345
705.909
110.305
284.656
376.579
412.348
111.897
48.8934
54.5316
145.073
72.3573
96.2889
286.297
46.2816
219.541
175.161
305.518
221.868
369.425
282.008
47.5254
261.828
58.5665
27.6708
372.444
37.7411
54.1211
177.63
142.985
7738.17
42.8886
153.538
457.362
229.057
31.3937
273.137
34.4755
32.8813
347.712
605.849
761.061
1091.77
121.322
67.795
279.651
144.146
120.394
18.7668
54.9972
95.7981
13.9956
188.295
35.5242
15.8627
66.7849
121.803
2.47767
40.8164
216.651
14.5427
35.7359
119.425
36.3733
139.273
87.7271
13.9023
22.1337
118.835
122.379
55.7758
63.1409
46.9241
37.2735
92.6527
117.383
41.8174
80.6582
173.891
132.148
61.6922
90.7899
93.5423
145.4
16.3218
25.8133
78.4308
105.869
104.687
47.6988
41.5288
13.8842
114.455
80.6938
87.6835
90.3227
36.0202
56.4948
131.169
11.352
71.6904
97.5425
131.346
128.88
90.6963
196.85
18.2989
32.0414
28.7128
170.037
29.464
21.8109
11.7584
171.57
13.5387
86.3262
168.728
141.484
29.8783
111.182
323.305
150.347
59.8342
12.8102
102.735
40.149
70.2515
89.1906
78.0289
39.7204
13.3675
97.0823
109.135
32.537
59.9952
38.2819
98.6919
43.5665
46.9605
9.75546
214.118
38.6938
33.0751
109.623
12.6762
104.999
200.761
164.619
116.687
29.8175
105.047
118.559
12.6616
127.527
148.503
185.826
60.586
151.013
163.744
109.757
170.549
177.778
22.1748
116.432
265.058
153.34
21.643
20.6131
285.63
168.183
173.995
18.1085
107.408
38.0847
137.682
170.688
87.7904
165.779
57.7113
83.6169
124.65
115.61
147.721
212.733
194.31
195.849
109.05
184.017
216.921
184.553
130.807
138.663
142.808
17.6874
229.808
150.98
47.3176
167.537
191.915
131.791
126.695
150.755
190.981
18.7115
17.9311
25.9696
55.7504
242.726
36.2699
167.317
146.026
51.5384
125.845
54.1391
110.904
176.501
106.175
140.21
19.4774
35.8598
179.523
116.757
33.2409
158.438
232.456
203.041
108.376
221.81
133.816
124.764
119.502
127.217
169.312
19.7496
14.2436
119.218
132.609
115.318
145.636
24.9346
2.74337
115.164
20.2711
35.5939
155.964
109.631
98.5156
204.653
21.5471
20.0333
155.623
20.1034
161.079
40.1767
19.8553
143.054
160.916
35.6151
45.1906
23.4065
87.3137
29.3878
20.1142
135.737
40.7703
37.1645
34.1505
174.88
38.0397
84.8518
23.6546
164.286
103.972
146.117
216.548
21.702
58.6581
142.114
26.8672
29.3635
36.6759
37.1269
159.342
132.855
54.2284
43.0654
44.2501
50.7228
19.3813
189.94
46.3252
185.968
192.769
37.8689
174.954
22.4702
132.414
161.179
146.471
160.022
27.9488
193.909
162.614
202.892
41.3902
41.1167
61.009
151.723
94.5605
33.605
172.151
48.9709
163.347
133.211
249.212
159.099
29.4735
123.819
21.6734
171.183
190.308
173.397
78.9454
68.0445
195.709
52.3083
33.3616
78.5517
20.9879
186.351
68.2809
24.1164
19.0964
18.8307
49.5059
182.557
38.3637
447.084
39.7317
207.783
365.969
142.496
28.8633
30.5455
25.1476
89.7343
19.2465
15.2615
19.5674
46.0011
50.2637
2.93951
26.2557
31.7974
91.1844
3.50213
13.3431
43.6407
105.215
82.801
24.9321
24.5367
217.02
156.19
4.17867
48.9763
60.8056
80.676
110.123
154.246
123.24
26.8792
25.0871
4.44344
161.262
87.9857
31.3357
59.477
84.4773
15.3309
117.703
59.9256
69.009
86.0458
79.2719
3.54167
28.9825
28.6484
24.2247
41.8416
80.2284
125.229
66.6572
17.0161
33.3271
27.8631
131.318
44.2694
110.915
96.3483
55.2582
113.558
3.74715
100.663
127.434
102.686
117.012
72.7162
94.5019
105.323
89.7896
19.0888
8.47841
140.88
95.2282
10.2822
25.3336
26.5611
26.4028
30.7644
116.105
114.52
169.843
32.0599
104.114
132.355
38.5363
30.7308
55.455
16.743
184.874
26.7042
64.2611
24.35
162.614
44.256
27.4302
25.5645
32.6421
2.93676
12.291
52.8618
45.242
5.46286
4.79466
9.89403
3.99036
3.33371
9.83098
13.2952
4.19822
4.12874
118.519
13.8325
69.7906
147.996
13.491
3.49872
11.5615
111.982
3.83676
13.5778
9.84431
13.5602
15.0546
17.164
3.41587
183.071
49.7279
14.0089
32.595
4.11227
3.6817
16.5512
12.1045
3.7448
98.3228
12.4251
3.44049
66.3215
42.4509
35.5547
94.0348
94.2595
9.75599
13.703
45.8105
5.27903
11.6505
10.9479
12.1773
3.8148
12.8456
13.5605
4.37771
24.7603
4.28648
10.8802
11.5142
165.874
3.70407
4.17744
169.24
12.6961
29.1223
3.68381
177.845
3.87514
3.53366
3.88259
3.98616
3.61954
4.2776
10.5262
10.4738
13.1496
135.98
4.40765
3.30654
212.393
195.435
13.9776
3.73382
65.8003
18.885
172.507
12.3742
160.439
29.9854
4.50294
13.6417
179.277
3.7248
14.1597
15.2641
15.8268
4.00331
14.5749
3.59108
3.324
10.005
197.557
3.60485
207.123
9.32957
65.7315
148.799
59.5759
36.1192
100.027
136.165
130.714
34.1508
4.8768
34.8926
21.321
48.8165
44.252
33.0511
51.4128
142.149
40.246
57.8392
37.4982
308.287
104.229
112.952
13.3689
35.6422
116.001
38.9867
15.3026
226.752
88.5669
46.7349
26.8629
36.4239
63.927
55.2834
25.3172
9.79945
265.466
28.845
39.4965
5.8589
281.074
90.1173
161.877
35.5439
31.0851
86.4687
101.441
62.1231
38.7622
5.63892
32.6588
41.8335
162.598
37.5795
12.4465
94.9265
30.0581
77.8601
240.02
39.797
12.3045
100.709
40.2274
44.3497
32.4857
228.547
68.571
12.9143
31.6367
131.463
91.4052
152.069
24.6579
73.0281
79.8206
91.7764
5.68229
56.1802
123.027
12.3531
51.6316
50.3603
129.247
46.1123
35.2217
101.493
213.343
75.7891
22.39
43.0874
113.873
92.4283
54.8993
77.6966
114.38
98.1952
40.0533
85.6882
