192.585
834.027
241.339
108.091
83.2776
137.057
64.2529
40.9864
140.793
1332.08
854.302
88.2506
760.154
327.197
164.611
920.805
54.5139
5.19947
600.746
800.401
831.942
36.8845
112.925
512.497
155.43
65.1872
32.26
394.361
19.2407
70.2364
841.315
116.227
47.249
57.2221
4.18476
41.5422
50.1899
76.9946
68.6288
130.607
86.8585
75.1332
87.1597
25.1891
102.415
100.851
933.749
25.5694
37.7037
173.803
156.847
907.973
107.896
706.356
43.4042
44.0739
60.9049
451.408
649.126
283.813
58.737
86.4695
57.7588
86.6602
491.387
659.894
626.223
705.667
5.03955
87.2985
195.012
125.478
56.5073
52.0024
48.1735
23.9584
120.346
393.87
54.5968
52.5336
84.1219
95.4758
81.6646
165.533
329.661
145.065
4.55289
5.44261
233.994
81.7667
392.577
273.935
3260.62
173.769
14.814
53.4267
589.929
148.346
48.0872
508.206
4.93288
167.754
162.791
120.249
3.8136
48.7621
3.63293
4.4314
18.0764
198.931
4.27982
19.7186
5.23719
147.862
90.4683
204.369
4.50531
4.24377
4.44927
198.337
100.32
29.6102
22.9324
108.256
24.013
4.40139
118.851
145.236
40.8477
3.50613
162.056
4.5563
4.32028
4.0957
213.998
3.85965
143.866
137.184
182.922
18.9366
191.248
14.452
128.806
38.6224
157.178
214.991
186.23
162.626
182.087
3.62824
2.91786
144.844
33.5352
15.6392
4.32222
3.00812
4.10212
222.376
158.213
3.76958
4.2212
140.086
167.368
99.0556
3.42401
27.9549
179.491
115.692
3.89834
4.52732
3.079
4.87125
4.53711
143.969
170.204
4.63127
47.5677
4.24893
19.1649
55.5229
3.92351
5.22771
182.038
187.189
98.8731
46.6909
3.87642
18.1463
4.95191
3.43988
3.66942
136.191
20.7505
189.551
39.1349
164.109
39.9914
200.738
161.929
172.374
11.1005
137.706
339.838
63.0476
26.5355
63.0819
986.195
28.0691
108.404
47.6647
113.706
38.6347
4167.67
35.9337
16.4765
3.12145
37.5864
29.9195
536.992
308.762
43.2407
41.5469
3.13688
32.6047
24.0203
13.0385
36.2708
52.9604
41.0979
3428.42
31.5399
113.999
23.0684
30.074
40.2444
41.6102
95.6617
35.4562
44.8816
38.7711
3.12264
78.6191
2.2893
98.0495
148.749
2.48001
25.1116
40.9314
349.75
46.1328
32.3091
22.9825
73.2019
6803.88
77.9077
63.9682
3893.74
16.2704
3067.58
3.1645
21.9096
43.2079
2876.67
34.0193
37.6557
3725.79
7638.54
46.8552
2882.7
22.658
53.1691
430.823
83.0346
118.718
319.952
462.395
168.37
30.7445
95.1768
111.755
28.9888
34.221
2100.69
37.3048
29.2548
8235.12
591.665
19.9023
2.77282
30.4441
1227.98
35.1839
24.0437
21.8936
35.9175
97.718
96.5365
50.7631
51.8667
29.8032
153.022
739.606
871.66
39.0653
114.071
1882.54
1444.97
15170.6
132.795
2276.36
138.841
257.688
1462.36
1334.84
29.0633
128.184
858.012
788.122
44.4942
1921.02
175.592
1881.7
1205.42
693.015
2132.3
113.972
112.031
864.22
117.868
1025.25
1325.19
1214.5
1082.33
1226.24
1951.66
1484.49
30.4209
44.0745
1248.48
1053.68
135.997
130.003
19.138
149.924
794.461
950.521
165.62
920.856
1117.04
1123.93
96.647
418.528
78.2837
409.397
212.316
1115.25
1575.97
2346.16
1583.64
88.3596
29.0628
1859.48
1047.54
19.637
26.3771
1135.68
1583.14
71.4167
599.693
21554.8
1910.82
51.0739
1329.12
1979.3
69.0751
88.391
978.496
130.706
1023.18
1894.44
153.455
17.2621
123.719
1846.88
1079.81
1231.93
1594.89
1297.87
74.8605
20.5259
235.532
1361.16
63.6141
119.877
809.098
75.5031
109.437
1444.5
175.076
86.1557
21.6108
124.575
137.14
114.9
3.71773
109.141
40.0728
57.6033
3.89634
1658.73
1352.06
95.4072
30.5213
25.2046
18.7732
92.4583
124.119
56.5192
765.589
1223.47
18.175
113.209
119.286
183.018
322.287
1327.3
31.8155
2.84124
113.65
15.2109
1461.95
730.936
75.7921
22.6231
144.848
206.47
162.954
23.2959
3.29941
88.6424
88.8965
97.2592
98.5182
1106.5
109.541
132.551
63.2322
20.0018
404.076
125.106
182.911
103.578
22.7682
3.26018
44.319
176.647
25.5957
887.665
163.975
32.3124
137.474
395.238
3.42937
797.113
1088.56
34.6592
3.54081
1134.22
1431.37
100.614
959.07
3.14092
357.371
3.81524
96.9759
65.9738
830.078
22.5971
3.25202
59.8554
136.014
37.1573
3.37315
32.6617
79.7636
133.62
646.439
79.5561
3.50799
67.3892
119.667
88.481
3.84838
143.465
36.9363
3.52263
136.696
117.262
3.80384
64.2009
137.479
127.721
192.157
22.3057
143.044
161.955
136.597
3.78649
312.045
145.817
21.0067
119.123
213.813
4099.01
116.621
126.357
4.19418
141.788
142.254
110.126
212.945
123.532
179.435
130.577
116.713
177.871
135.274
151.121
3.12388
276.914
4.03523
58.1007
161.138
34.4112
4.01799
158.348
188.622
158.37
3.44062
113.207
67.4958
33.4389
136.537
171.899
188.499
123.365
46.366
159.587
118.819
145.303
166.558
154.85
3.43885
163.706
201.199
143.714
134.207
110.803
13.2311
19.3178
129.816
155.634
18.0215
97.1818
101.989
134.004
1550.44
3.8556
86.9861
83.1701
255.76
83.63
102.895
216.778
4.4688
129.551
105.296
272.262
828.7
15.5635
3.68867
145.411
3.12335
3.66504
11.7628
99.6635
1202.15
17.188
4.36164
124.423
3.60275
13.2469
162.562
134.35
3.72381
145.974
144.76
174.919
3.20772
107.109
74.5238
24.6018
27.9836
206.268
14.7127
112.093
29.0134
23.7726
1059.62
19.6963
22.8168
48.9626
44.6556
155.247
116.114
3.68339
37.3771
122.058
25.0986
18.6847
122.473
54.0554
65.0056
3.78559
150.881
757.201
18.6832
17.8613
3.58739
107.713
121.153
130.007
3.82011
19.1117
815.626
20.2379
82.7038
16.276
13.7533
32.0622
16.9749
33.7433
16.9211
49.8412
134.713
61.7056
33.0768
104.959
3.81937
49.4858
71.2349
33.6394
58.6684
126.79
23.0846
90.1249
391.364
26.3106
719.808
65.0279
195.673
682.523
28.4109
82.5911
20.6548
20.35
36.2389
20.0154
62.2049
19.5454
21.9987
3.49684
80.4513
22.9607
107.571
114.607
777.54
22.8524
20.3551
939.549
19.5281
3.98974
133.38
60.3666
178.107
88.1393
3.25938
32.2844
26.6099
3.4075
3.48462
127.822
4.19891
40.8443
17.7661
24.1432
91.8409
751.902
16.14
134.832
1309.03
44.8709
35.0949
2.08061
28.0305
82.7774
19.321
81.3542
50.5253
1201.87
87.3919
82.0948
32.3258
25.5053
27.9088
664.13
61.2538
70.0483
30.069
355.302
2039.49
61.2687
60.3688
11.3151
2.00627
36.4018
26.4192
1131.48
28.9003
2.63945
870.662
24.2802
95.7799
34.415
22.9754
105.121
39.6358
53.07
60.4495
38.2258
2.33227
27.6039
127.123
33.8213
161.362
33.897
77.6606
73.5346
128.53
448.838
33.6476
50.3617
93.1124
892.092
87.4409
2.23272
835.284
1820.65
31.4431
69.4992
49.1225
71.1632
21.4522
615.288
2.59231
36.0772
970.853
98.2575
145.453
37.0066
1239.8
59.3204
40.5318
100.51
720.031
656.142
90.3456
146.65
109.47
64.0401
797.615
105.315
3924.35
374.476
756.56
13.2602
54.6296
13.7564
701.832
43.6104
75.2724
27.6536
74.2686
1023.88
94.5357
60.5017
14.8258
2.36855
83.4926
36.8996
4.45888
91.0944
24.9918
31.6531
224.493
22.6491
17.8749
27.9048
5.21198
74.4275
201.68
140.66
4.51559
13.9504
132.128
89.4371
21.4616
4.05173
17.6434
13.1323
17.3673
96.6838
103.204
24.5087
32.7147
17.596
4.75183
100.678
122.531
100.622
33.3064
52.6914
12.1093
17.7935
94.0898
20.2752
15.7555
126.51
19.8331
155.892
16.1293
4.45282
17.4611
144.865
23.4104
4.25477
18.4384
19.9091
22.1189
32.0576
53.9831
14.4614
147.847
105.855
136.375
15.0154
209.861
45.421
129.622
49.3323
143.249
17.0743
41.3654
143.933
4.15644
16.0663
3.95179
137.138
201.77
159.884
158.577
23.208
23.0944
22.8003
22.4588
4.33366
101.427
31.013
126.869
136.001
4.14469
119.717
17.5474
170.56
3.85576
16.4701
78.0442
19.6266
32.7306
158.475
176.123
31.3619
4.02594
151.877
154.095
4.60316
173.341
14.2911
102.29
4.05898
160.797
111.891
131.545
80.0563
15.495
5.06078
13.9875
24.8387
175.47
13.2117
137.343
134.345
107.58
33.7902
39.7722
92.2274
76.5045
141.02
18.2204
18.2097
24.3642
111.564
196.142
19.8839
140.011
33.8824
20.0131
95.6446
23.3428
61.3835
105.542
122.607
130.155
34.5856
159.917
71.2048
122.009
20.6028
123.291
23.1871
38.2288
28.0545
124.306
134.775
27.7414
3.46718
22.8956
24.3857
13.481
20.4513
32.6464
122.327
128.915
12.8959
193.679
18.6913
75.7463
51.4918
109.247
20.0833
17.1026
18.478
39.9056
48.8137
31.3108
109.564
21.3059
140.431
219.798
30.5266
14.3526
4.68108
533.334
25.7828
16.6738
186.397
207.468
90.014
21.9834
163.717
98.6659
87.8576
186.834
104.83
23.7781
74.5667
4.67462
111.13
96.2094
130.726
19.0552
27.32
101.697
3.86502
16.4879
101.469
31.1533
3.97343
155.188
93.712
47.819
88.568
3.46083
3.5064
40.2679
158.347
3.56002
2.84212
3.01283
3.12011
112.883
24.4081
189.437
21.7464
263.838
2.92125
3.15065
105.916
134.164
3.25796
50.0533
46.4239
3.25441
249.345
136.854
116.378
722.636
221.041
2.66893
91.2565
1073.32
35.9485
35.9998
156.939
11.6734
15.9351
127.791
88.3546
20.4926
58.7202
2.84005
146.134
154.022
66.0658
107.317
129.84
126.137
113.158
38.7443
85.5849
109.176
1813.55
20.284
17.3135
1087.34
244.668
2.97939
5.28177
445.043
4.66384
2.92776
151.026
19.2879
3.19107
1412.05
143.566
126.725
185.168
3.38274
122.323
3.45289
3.01614
17.9706
14.9089
53.1745
10700.8
3.46108
86.3264
121.844
3.59626
196.94
143.829
4.50735
1096.97
43.8047
86.2789
137.167
105.022
49.8408
217.401
98.4475
37.1566
141.775
2.95692
3.16913
39.8064
240.095
55.3561
16.8308
2.92593
24.194
24.9739
26.2916
27.4387
18.0996
3847.87
32.1817
25.2179
18.5059
32.3892
75.0844
70.775
47.3538
35.5239
18.3425
52.467
49.3846
24.2339
244.635
64.039
26.9776
26.9739
86.5185
38.1384
21.9093
74.915
25.9614
41.1269
50.9405
20.3341
38.5235
38.2109
35.9638
15.3786
16.4745
20.8144
24.5491
15.7778
22.8537
51.1573
15.4365
23.628
34.1301
18.7011
4.35353
18.0633
42.6203
43.4851
97.1172
19.3437
23.8302
21.5115
18.3605
23.9943
84.3537
283.498
35.3772
15.4614
42.7955
23.3629
21.5307
1226.82
37.1737
20.1253
17.7537
23.6154
31.8138
20.7859
23.5417
137.843
17.6755
14.7579
21.0675
25.7288
34.3895
3.68123
20.0228
15.1945
24.9498
39.8988
19.4582
24.105
18.6189
41.1502
24.2451
25.5894
28.4173
2318.58
32.6914
25.9569
15.2813
26.436
29.4324
49.1228
44.1112
26.8206
28.572
54.6365
21.8823
18.5347
4.21358
1070.51
166.821
52.2
1517.66
1628.21
166.093
186.458
133.851
1893.47
23.583
146.619
2688.66
1671.18
48.9027
70.4288
1830.98
1952.73
1558.38
5.14354
1931.2
46.3054
708.817
371.856
75.718
202.889
1892.96
4.60108
4.75839
2037.2
79.7943
120.148
158.764
51.1482
149.021
42.642
75.2332
111.357
275.659
179.504
52.7072
2152.29
1872.58
64.4252
120.094
82.3622
151.184
58.0593
545.122
29.5977
118.24
31.8689
18.6675
288.163
1813.1
25.7215
809.91
1311.41
70.4255
132.783
196.882
4.59598
136.415
194.736
145.648
24.5981
74.188
164.22
62.438
145.266
1260.89
166.393
175.431
327.22
79.633
58.2583
1436.67
179.481
1843.48
227.04
1920.7
67.687
818.227
189.324
4.05076
2576.14
85.7614
1223.21
26.519
230.408
1990.4
25.9155
42.2967
5.32276
68.5928
114.282
1125.18
4.46024
183.483
223.322
67.5742
49.5666
132.575
50.5027
138.935
44.0184
39.7279
39.1008
91.0774
43.273
1166.1
110.18
859.882
151.969
887.862
95.0378
87.4544
70.4072
130.58
134.276
65.6888
39.6884
27.6627
85.6454
54.8382
70.2417
38.7651
46.4153
1453.85
37.5173
103.715
50.2226
26.4058
34.4043
23.2319
34.7838
29.8456
43.6042
74.5478
629.794
78.0707
53.3253
94.8708
37.1479
60.4967
38.2917
39.8604
34.5895
28.2841
43.479
101.283
98.5713
1104.09
35.653
44.8117
136.958
61.0072
47.8919
443.219
1101.86
32.2788
108.376
23.5257
39.6886
90.7134
55.6377
51.6729
103.586
1618.42
64.8625
43.3526
199.718
404.054
149.269
63.6972
36.4285
39.1197
232.78
1650.67
67.8271
47.7629
1429.66
1577.21
633.012
79.4616
187.347
56.0039
51.2051
57.928
36.5922
62.9108
54.7792
41.616
42.5488
61.7451
33.5454
375.243
59.9737
30.1062
48.4687
4.37072
4.00061
12.5627
3.79832
95.5813
3.53573
140.302
10.3221
210.306
12.7908
68.1544
109.655
3.75573
94.191
12.1202
139.611
12.8139
14.3851
3.32735
3.29338
117.137
11.5605
3.76373
3.78705
95.7943
18.3092
17.35
11.171
10.0787
120.179
11.1124
3.37514
3.19306
25.1566
122.444
12.1674
3.19396
120.068
114.898
14.5434
94.4083
104.714
67.4423
3.25748
142.762
3.275
13.0428
10.745
4.03938
84.2315
12.8694
3.309
14.0949
14.5884
17.6178
23.955
2.97997
3.54327
22.0504
13.083
15.562
3.14833
4.30025
14.6748
15.2074
87.2144
3.4167
3.69325
13.009
69.0528
104.524
4.39809
85.3656
14.6271
3.54936
12.8582
184.225
4.30143
14.0935
3.40164
102.858
89.3235
81.4979
123.518
18.0609
16.6182
16.4637
3.11028
3.26036
134.968
3.08304
4.32238
12.3175
12.7521
112.763
76.2211
164.634
3.80133
127.995
105.947
36.7978
36.9184
26.4652
22.1558
71.4121
619.244
36.672
16.4828
89.5381
15.6447
30.4097
21.7748
24.5818
32.1649
114.839
3.72873
16.3711
137.37
15.0155
12.1139
4.95285
117.227
35.0563
775.12
25.549
24.0707
14.3594
23.0515
5.25325
14.9872
39.3168
19.9046
5.04007
617.152
30.4063
108.563
22.9851
551.052
18.8331
80.0579
738.005
4.11108
381.254
92.5454
157.698
139.862
170.681
115.178
287.505
23.9773
19.0354
3.78424
3.8969
99.0238
1349.69
673.635
4.69161
30.4794
111.792
56.404
16.3155
4.72967
20.941
20.3885
19.0175
20.8156
17.1458
4.1027
167.939
20.6392
4.00054
18.8142
130.6
22.8887
21.0285
159.465
71.8437
76.0105
3.85358
98.3463
17.8478
823.597
4.67265
111.41
137.516
142.169
70.95
31.7984
3.57888
4.10034
85.6693
186.519
4.46582
179.287
19.4799
23.9835
113.587
150.865
5.10448
35.8412
92.6286
35.0995
113.534
96.6933
56.5042
31.0816
198.108
32.6708
47.1516
93.2229
627.005
26.6381
27.5735
199.054
105.278
33.292
89.0462
2272.59
63.4485
40.1532
27.5522
60.9423
80.9071
33.2462
1464.55
39.6203
31.8638
121.575
36.8311
19.7839
33.0751
20.1929
32.5669
28.0927
34.5894
114.565
37.8149
2394.11
47.2071
33.47
89.5083
24.092
29.8902
31.4845
876.111
30.0094
43.4672
44.5195
46.0329
37.2903
35.3686
907.35
49.8054
533.553
245.33
28.5088
40.4048
1790.11
134.98
104.659
25.2616
40.7934
386.374
28.9191
4200.82
22.4448
33.1271
26.4244
34.4241
80.0864
2422.22
29.6623
334.205
33.9192
33.0387
35.5116
25.3339
28.7058
45.1502
40.6486
95.7652
88.3923
1191.27
42.245
26.3612
97.113
673.034
179.371
24.8788
57.7675
37.0553
95.1168
57.8524
21.2611
35.0975
54.5335
11.7955
87.8885
112.109
28.5289
165.243
14.7519
119.756
126.541
129.665
22.7822
266.305
25.1344
5.18502
21.5117
27.1038
19.9011
24.5778
119.247
13.5213
113.326
26.0563
20.7876
27.8979
95.0471
3.43683
69.0909
32.682
100.985
19.5167
113.383
21.8095
14.6788
44.2344
110.582
38.126
80.934
22.5586
136.792
84.8333
5.1201
40.5016
18.738
59.6043
54.7543
123.848
892.753
27.6236
208.996
58.344
98.9149
39.1537
36.8283
43.846
19.5258
169.368
81.4067
50.3574
890.557
115.533
82.5898
95.9301
71.3563
511.809
22.0568
17.2011
132.53
133.479
31.8284
34.4525
170.639
115.08
41.8559
81.7233
57.9426
3.75839
150.113
37.8641
19.1667
140.195
13.833
55.0837
17.1
122.995
641.767
163.718
19.2999
65.287
187.924
55.3269
35.3309
19.5562
90.0267
32.9033
15.6039
598.101
40.447
102.184
49.9599
120.72
17.6522
21.0563
192.515
89.8656
19.1495
142.783
120.349
179.704
131.974
116.323
132.554
107.979
157.17
154.853
143.208
70.0108
98.3464
185.203
149.778
148.56
228.641
154.729
159.596
153.148
118.499
121.821
114.066
148.475
136.527
131.723
136.575
105.777
304.595
137.596
123.693
256.126
146.227
115.97
111.393
121.613
256.879
5623.81
106.527
114.294
192.63
164.64
137.017
181.067
1749.43
115.034
104.742
187.544
143.616
238.474
182.987
106.875
157.02
151.662
211.332
65.5826
139.63
139.225
157.712
148.211
320.949
130.456
83.57
149.667
133.934
176.089
167.859
161.555
246.122
1000.61
148.963
151.201
138.888
133.143
74.681
149.062
925.621
118.979
181.445
170.824
153.699
1444.69
285.31
119.769
149.892
183.926
2446.72
146.862
128.88
130.795
213.748
154.059
125.473
112.134
195.021
122.597
1681.76
122.999
178.094
148.916
89.7406
58.0516
57.8336
25.0797
1065.75
20.8608
62.7928
3973.83
58.881
16.851
44.8933
245.941
35.8046
51.2382
62.4219
21.5598
22.1751
43.8769
69.9737
61.8168
60.9671
37.9759
32.193
147.988
40.6095
19.8713
1702.89
39.8938
101.597
43.8533
128.847
30.5765
40.2084
1014.73
784.528
24.7989
232.342
41.6231
100.307
119.355
83.7296
89.6196
25.1939
48.5997
80.2385
72.5651
95.154
45.2822
29.5651
70.1081
36.2611
24.1291
55.4689
57.5587
39.758
77.9161
26.3519
19.4184
52.7283
1935.33
135.061
16.8645
119.029
4.65498
27.312
58.0295
50.4447
81.5906
41.6703
58.8209
28.1482
978.867
43.2128
721.623
50.9612
223.88
32.3757
906.478
491.001
53.0361
18.9691
925.567
100.466
52.9246
55.9344
75.563
30.2401
772.928
47.1734
133.664
1947.28
38.5575
49.1063
45.5281
299.265
86.8961
26.1475
17.9292
39.3705
47.1275
41.7338
40.6801
45.0461
113.814
50.1753
131.126
122.346
72.7014
4.46685
49.9548
76.7925
79.5045
88.1376
629.349
72.2018
72.2924
53.7259
44.4725
348.075
102.294
31.8052
69.7944
102.401
168.407
812.73
227.077
73.2416
94.2627
100.957
118.394
629.101
1323.76
135.672
18.5812
1129.49
4.7907
107.901
96.6288
4.11428
96.0197
102.553
33.8658
37.1694
64.6704
611.272
49.7615
24.5245
25.8263
264.432
78.5427
5.6761
4.74451
115.123
88.8395
19.1698
23.5325
101.207
37.2452
63.3085
37.2152
86.4494
79.6879
5.07896
81.6917
83.8029
42.0311
88.3407
127.809
111.445
93.7072
41.9944
1329.4
84.4021
36.505
29.2157
22.6812
1019.63
89.2776
1031.89
68.5265
94.2038
95.9601
278.091
156.351
1567.42
95.8703
81.6677
76.2549
125.382
94.1867
88.5497
130.56
92.4127
151.477
80.0694
124.389
106.954
675.968
24.3815
203.939
197.469
99.8666
11.1224
553.047
95.3237
36.9127
63.2126
22.7
16.1795
17.2352
42.6986
39.625
29.0437
15.5819
27.571
38.6615
13.2963
25.5044
22.2158
37.0281
46.2429
14.0954
23.0566
23.4794
106.925
87.0015
26.5402
31.9601
28.5955
11.1099
66.53
134.835
42.5426
34.8274
33.6638
16.3838
34.8652
59.7101
29.0671
105.708
35.3702
67.5098
105.598
10.2281
20.9242
23.5944
42.9242
23.7153
37.3729
134.474
31.3968
22.7756
33.8076
51.8623
28.1895
7.65308
19.3206
17.2413
364.106
34.6076
24.6384
44.4717
18.0707
60.1122
46.0809
24.8563
33.8054
65.4766
236.173
66.3366
47.8879
65.0361
47.1693
436.687
31.7918
23.6279
54.6732
138.323
18.4708
24.7278
18.7358
20.6047
74.6152
52.7896
22.3672
27.5049
22.8035
85.9649
33.6551
26.3243
34.5663
74.4821
17.0479
23.4019
59.5786
23.0964
47.1273
26.7355
69.9017
1240.14
22.2184
18.499
12.0741
137.617
91.7084
12.1164
3.49094
15.074
13.6321
71.0473
15.0562
123.81
93.7721
182.547
133.65
99.1511
112.122
11.7636
14.5614
94.7548
182.005
13.1851
113.709
159.447
8.3065
176.867
158.323
110.277
42.2874
4.24814
144.74
4.43789
177.731
4.48572
15.0773
151.907
14.3748
19.817
3.75145
3.53513
197.572
146.421
16.5099
3.76678
67.7561
19.4028
18.8413
4.16419
3.73054
159.597
87.3452
126.173
177.697
14.2774
15.1619
143.473
4.10989
12.6912
158.588
97.9606
11.3297
3.75428
25.0634
12.1003
11.5224
15.5721
42.8221
15.8519
187.579
101.318
10.7207
113.733
101.29
9.00056
106.519
17.3014
280.246
158.326
14.7837
3.98645
15.1909
187.418
14.6518
4.05137
3.45182
104.61
53.2874
42.7908
129.306
17.8243
160.907
69.1469
146.277
148.356
3.66585
3.9455
3.76636
2.92002
144.977
21.3183
4.01295
73.2544
88.417
128.189
3.12473
85.8696
51.0382
105.943
2.79285
105.654
123.238
78.9279
75.1055
126.608
54.0115
3.38635
84.7309
102.714
90.9273
87.5745
3.36509
2.98995
3.73518
71.2513
3.13325
68.2215
24.1028
108.012
67.6405
75.7112
102.357
71.8447
3.71176
91.3017
74.8966
3.14254
104.338
66.8092
131.559
41.5526
102.798
3.18194
2.72601
3.28278
3.37049
83.4477
3.40939
2.95541
69.1221
3.03983
138.022
79.7237
92.5481
86.7005
2.9123
92.6673
85.4934
67.1034
72.8321
83.9148
96.1687
134.346
3.32275
66.9715
119.083
117.327
136.024
4.12841
78.9757
128.901
134.789
132.045
115.403
3.30588
3.11196
85.7038
242.264
86.0737
109.519
56.6975
86.4456
3.46792
3.58109
99.6801
3.24075
3.4967
83.4716
95.6384
3.24044
86.2461
3.4434
74.1826
96.7402
78.6523
92.4358
64.2853
111.638
3.20676
618.767
3.87593
211.767
37.9594
117.392
35.5387
103.669
36.3718
32.8286
29.3165
123.002
2293.36
139.96
30.0862
138.212
3.97309
597.157
55.36
35.4698
46.3006
34.0916
104.71
14.5292
30.5543
96.2945
1803.05
3.92492
117.694
27.9904
63.0003
152.82
19.6359
59.7266
17.4151
127.566
17.2943
23.7973
156.094
143.762
96.2384
507.305
51.711
18.9155
92.2558
127.576
16.1102
28.6521
110.922
3.9477
28.549
85.0693
203.672
72.3801
724.952
90.3337
120.899
97.6438
22.7394
27.4207
25.9299
34.8181
147.902
1252.27
3.7908
700.14
113.331
25.1426
19.8838
144.746
43.7779
27.9695
102.813
47.1095
49.8564
41.1007
23.3313
25.4458
21.4149
17.9462
133.335
21.2989
29.9668
23.8592
19.6321
41.9338
79.1531
4.17858
25.267
46.9145
29.1221
42.175
45.9131
33.5387
149.837
37.873
26.5265
108.571
4.54584
26.232
20.7005
113.782
34.9536
25.8123
3.31088
3.47751
50.2687
20.3201
70.4707
3.36956
151.55
76.5738
3.75162
116.559
127.917
154
94.065
99.7583
129.771
98.5798
102.405
3.09362
142.463
3.82337
51.2691
159.958
3.95088
149.625
112.916
3.36481
217.441
131.133
69.7937
201.23
150.359
129.035
185.714
125.95
69.1677
104.896
160.066
131.347
64.0749
125.526
166.401
3.36005
118.337
3.52761
153.175
129.113
143.283
3.65542
979.697
756.147
152.093
4.57643
175.712
109.277
64.1054
102.488
168.45
149.311
121.008
3.13842
35.4329
3.23501
48.3179
140.711
160.047
124.254
148.496
122.166
4.19683
118.08
166.383
148.405
103.993
36.8766
165.735
140.765
17.1524
260.298
146.381
163.404
874.133
148.984
49.0103
159.987
140.597
120.197
112.829
116.631
29.3468
120.918
122.75
121.866
18.7895
126.651
111.476
90.1931
135.713
85.3938
93.9488
47.0408
103.049
2.1389
26.9087
174.482
108.541
106.303
140.476
12.6495
94.8339
206.622
2.28083
86.9861
154.16
20.2147
98.3761
118.532
144.9
2.77915
103.133
7387.36
22.3125
79.0024
17.8976
122.88
148.363
103.939
93.2016
2.39349
80.7129
9422.6
1427.84
1.95462
2.03258
16.1901
108.223
107.113
2.57021
2.31756
99.4589
82.0053
2.3873
157.662
98.0903
111.135
109.3
84.6963
156.79
112.97
2.68061
71.3574
2.13474
1.95553
118.115
2.10715
81.0801
90.3749
91.1734
94.0602
71.4294
116.664
3012.09
132.695
216.773
11.441
2.02082
12.9032
96.5312
10.6611
1087.3
21.277
141.23
79.5385
14.3901
107.668
8.24555
2.27914
102.363
106.403
99.0675
113.725
102.548
96.9706
104.845
77.3793
22.902
108.028
17.6626
1746.1
1927.08
210.482
14.5604
92.9723
2.0844
705.57
92.7754
10.9274
25.6504
2.44356
93.5381
2.40995
68.0321
4.11225
4.00334
121.275
68.4721
96.8638
4.56655
4.94308
4.74908
3.79702
4.56821
4.60816
94.5363
101.272
3.98945
130.844
94.689
134.686
69.3209
68.2912
73.1589
120.419
4.32261
72.4461
4.89427
4.13943
4.03566
111.505
4.25342
146.933
4.08124
5.37318
144.245
85.5168
4.44843
3.83061
3.85063
5.22286
127.418
4.27083
4.20798
89.8543
172.808
139.833
137.591
3.54343
4.61368
113.853
3.81114
77.181
4.06576
111.904
130.476
58.4453
4.2279
181.313
3.73773
130.611
4.75577
96.242
4.77122
4.29042
4.48191
68.6531
4.42974
102.104
124.09
84.14
4.58289
3.91154
85.2361
127.533
144.529
152.547
4.93858
4.74675
3.97053
133.862
109.359
120.996
433.019
92.1603
3.99063
124.781
4.6463
3.6498
93.1071
3.87408
4.79272
5.47493
3.87114
161.99
3.99695
4.76397
4.14638
4.80928
4.05163
4.42393
4.42459
4.30923
3.12765
1398.85
3.70695
102.086
3.49581
129.324
122.931
123.173
2.93294
2.88453
23.1304
134.426
112.052
120.597
78.0417
111.047
102.083
110.779
3.59322
92.166
100.251
170.687
98.7055
138.737
3.31165
4.09136
2.83052
112.341
94.3532
3.87039
53.6564
97.1138
101.925
3.82219
3.54081
142.773
2.9165
264.53
1235.92
64.6378
115.53
281.351
107.318
102.09
113.227
3.18533
537.463
94.8139
158.693
131.308
1754.92
3.20124
3.47035
3.18542
122.906
127.952
152.237
3.52829
133.86
184.144
14.9224
73.6247
3.64104
3.82044
1530.24
21.9476
89.3678
13.9885
156.197
3.95465
123.243
3.61781
3.33141
3.87568
136.997
89.6408
69.5669
125.345
84.1696
57.6289
120.099
4.12677
3.14677
144.553
2.58741
90.2279
133.041
117.224
106.327
103.811
3.23521
125.386
11.7962
102.277
46.0681
3.37958
79.7848
2.83716
93.5568
136.819
101.639
123.42
134.869
788.867
763.077
44.0597
47.3319
9.14269
2.48385
53.8016
38.6474
30.2109
22.8139
44.2414
143.675
69.3347
31.4348
84.2546
26.9309
59.2477
55.8676
57.7832
32.6696
8600.07
39.3119
80.2819
120.009
130.033
77.2854
40.06
56.8515
51.6491
31.127
1521.42
45.1806
18.549
105.103
172.973
108.081
49.2195
25.2901
40.7326
47.7883
27.02
144.21
264.165
1009.77
53.3563
30.6876
28.0677
222.896
34.1345
51.5884
123.624
6165.33
401.784
30.6328
44.3587
18.5675
66.8626
34.9756
59.8106
32.7768
158.496
881.268
34.5256
83.0675
51.8085
30.0342
136.015
152.305
44.8225
74.5824
65.5413
39.74
55.1388
38.6869
102.579
42.0706
68.378
261.169
35.8982
38.4112
64.3791
133.264
43.5443
19.0814
14.7685
130.613
561.785
35.3604
282.371
91.5999
69.7248
27.4688
71.2206
44.4751
14.2682
797.785
418.046
132.407
1900.43
1846.67
173.683
1415.93
1465.88
907.829
1135
64.0044
71.2418
1247.41
115.941
30.3732
132.65
163.019
127.565
1186.56
1026.89
1509.46
97.8024
1328.49
123.568
3.59297
107.285
800.46
1342.18
73.3111
3.73711
145.433
129.806
1265.71
81.507
1784.44
90.0134
1015.61
1985.18
372.365
120.904
3746.85
131.301
178.447
87.9793
83.1713
64.1046
115.634
105.196
133.289
966.793
187.143
1695.41
72.7137
1151.25
725.593
1314.87
839.195
1234.7
1893.61
1384.18
179.699
703.378
1141.36
980.309
59.1904
2407.6
1197.44
1433.88
778.953
134.782
1187.63
425.821
1694.54
207.807
97.865
108.613
112.589
45.7669
225.969
139.939
2018.15
106.546
68.9941
1376.46
58.1584
15.0919
1009.33
96.0169
1586.93
108.969
103.912
140.857
1864.37
37.8005
120.542
1252.87
1713.61
68.6978
84.2046
1165.34
1419.39
1374.87
66.6009
110.084
44.9243
1353.59
81.894
75.0915
43.1943
57.2193
61.0008
127.354
1550.83
23.0911
46.2639
63.8107
39.0842
64.7502
65.9715
111.522
60.6566
1390.55
25.6529
24.5527
48.6889
32.0282
100.206
112.142
603.004
46.0904
47.4708
112.883
50.8638
77.7076
37.172
195.284
48.9591
77.5433
330.659
3963.24
37.3456
41.9922
40.602
59.253
1076.3
40.2876
71.5089
79.8929
33.113
790.96
38.934
37.8319
30.3679
58.517
643.966
34.6368
50.5908
47.4083
36.3414
21.0219
49.4379
1120.24
440.645
35.8989
36.065
46.3512
34.4378
66.6214
32.0937
28.1723
154.181
39.7054
35.8675
33.7125
35.6497
84.1489
71.0845
44.8302
42.6841
151.859
81.0526
24.5794
91.417
41.3971
95.1606
93.7691
70.5546
40.3629
56.3993
45.6492
80.2873
34.1252
230.247
46.6724
294.852
35.7522
1103.7
1751.6
39.138
38.6169
45.5991
67.1215
219.616
3.14253
2.75082
97.1776
163.961
178.394
3.02076
3.91621
107.48
213.535
4.16687
151.872
122.72
3.34294
3.47457
3.24497
3.99316
4.09105
117.679
4.80585
79.4384
127.726
124.471
20.3728
132.922
3.28868
161.508
3.59387
150.327
109.192
3.14742
3.92643
144.552
119.254
87.2651
4.78626
141.347
192.856
73.346
3.26275
123.486
4.16677
101.425
135.927
145.207
57.3889
3.99897
3.85476
37.3243
4.01492
3.80943
139.752
1247
145.604
4.0493
106.38
3.94249
105.685
4.15643
144.265
155.978
3.97259
3.74858
110.507
3.28492
2.88576
2.68866
183.471
3.33609
3.64584
4.03198
4.03672
2884.97
221.021
145.81
111.563
91.8659
136.089
105.162
156.551
110.489
4.47471
4.27996
124.271
148.516
118.338
157.927
112.055
103.418
179.249
4.45048
2.93123
19.3439
201.832
135.319
4.29999
177.379
3.64482
148.482
133.932
11.6505
3.45438
30.2319
3.90737
4.27936
18.4662
17.49
31.6434
3.41408
3.59659
14.3823
5.05274
14.9535
19.2094
29.4095
3.75704
3.40847
33.7597
50.8848
3.97365
3.91806
15.141
4.3867
3.51091
161.308
154.619
3.69128
3.50081
3.78078
4.10968
15.7129
3.61291
142.134
2.98402
103.1
4.95745
17.5519
4.05575
15.6628
31.2533
144.024
3.52396
3.57888
111.65
3.71168
4.18996
100.747
3.69201
3.89874
84.4446
22.3305
17.9402
13.851
15.6999
3.81554
74.4745
3.59696
3.05627
20.7227
457.4
25.5275
3.52037
96.8829
3.39546
16.989
4.10088
143.522
15.1148
142.485
16.8469
20.9708
3.91391
71.999
14.3086
103.758
3.55985
3.20387
3.55579
3.59565
27.8324
3.65946
24.3097
23.47
20.5822
3.61768
29.3027
3.18048
4.20433
3.27311
20.66
3.5729
25.2824
31.86
3.28993
3.17993
4.29379
24.6142
4.42455
3.70485
13.9843
239.518
136.399
3.26313
3.87047
100.422
92.9885
4.03802
141.351
144.767
115.638
99.6328
84.2928
3.14189
3.41111
103.561
107.103
4.44949
3.75371
3.23573
148.558
165.012
5.13354
4.51584
3.67314
109.61
3.99458
208.182
98.3978
113.836
138.32
112.401
3.93766
91.5287
82.3894
133.827
3.19741
3.53808
107.014
4.09415
3.56756
109.281
83.9533
100.23
82.7568
121.513
3.84603
130.518
135.001
95.2684
101.027
102.667
86.7163
3.69085
97.4118
87.7204
110.233
3.30729
3.27383
190.022
84.9466
4.2503
3.16228
4.14181
94.7654
3.32829
3.25623
3.6818
4.03283
79.262
119.816
3.06438
139.756
103.898
2.98188
95.0312
3.64255
3.18843
95.9592
68.0069
3.56737
107.21
168.076
192.316
91.0109
96.7967
4.13624
3.84287
3.22953
151.711
4.0923
4.05823
116.552
116.676
3.31464
83.4826
84.9277
4.55175
144.637
124.321
110.774
3.15477
166.866
166.437
74.4714
157.289
2.80961
151.828
3.25964
170.593
132.038
156.825
148.141
2.94344
105.619
300.222
3.10591
1258.74
2.4838
130.936
2.82718
1116.1
153.544
129.287
100.257
152.004
236.067
99.6633
149.657
1209.14
151.636
253.817
1043.11
1738.05
1922.83
1517.6
161.14
189.927
169.412
2.98178
3.1944
3.17363
1216.72
154.175
131.577
151.404
2.76818
214.787
1620.4
2701.82
85.6188
2.84075
2060.52
1037.5
1663.85
2.93498
218.072
114.123
161.897
2.9403
887.21
901.993
99.5464
3253.68
211.792
380.883
143.463
159.73
127.529
123.016
856.39
208.909
137.038
1639.24
2803.62
3.18368
195.227
1155.53
1146.04
3.02953
2.95213
713.349
1079.8
159.68
1841.92
172.569
3.17179
163.092
158.277
1543.42
155.864
84.1082
1516.93
117.363
1989.59
138.895
1164.97
1412.45
171.296
151.144
1846.25
99.1059
100.503
189.236
180.273
98.172
3.41143
137.386
3.09066
104.817
3.30394
128.204
102.139
1114.6
3.553
144.961
3.08278
9.71851
4.20163
85.9452
5.29486
4.30849
4.29055
109.364
117.35
3.37609
237.77
87.4207
3.37106
3.24291
2.87882
116.313
3.42604
126.628
2.71572
129.007
12.4063
88.3423
200.573
4.10419
118.242
3.09287
3.61605
3.19315
3.03295
4.21903
4.85913
3.2743
3.18459
3.29013
20.8717
3.22505
154.493
2.82258
4.3864
82.1764
3.81123
92.4413
108.107
3.50058
119.859
3.10214
3.37147
4.71081
3.10867
3.05052
156.709
74.7471
3.65634
86.3202
2.85156
142.147
143.34
172.101
3.11649
287.005
136.975
118.825
90.4705
138.898
3.45908
77.9564
3.1758
105.138
3.5201
2.73128
3.61552
2.99407
148.541
119.958
3.44071
103.731
58.2806
127.255
135.816
108.946
99.2493
106.127
96.5575
157.909
144.735
2302.47
103.066
134.417
27.9584
48.8075
111.646
119.848
105.231
106.433
121.865
182.755
1275.52
79.1393
1396.26
49.947
110.602
35.3324
1201.66
1033.9
141.949
32.4432
2245.9
733.154
23.9446
144.249
140.998
1199.09
158.218
53.1692
70.8358
123.245
96.7059
35.3157
879.597
70.9752
90.2574
141.27
73.3323
151.301
29.2127
3.63547
75.8715
24.3937
216.006
160.246
102.005
121.095
5981.76
124.95
172.404
213.464
92.4732
87.8467
143.996
541.408
131.52
152.624
33.8892
82.9081
54.0376
1842.49
54.0361
120.225
4163.06
1304
164.584
121.434
170.035
110.27
79.1722
192.917
212.324
29.6703
164.061
100.46
27.8037
127.456
1435.63
101.413
34.175
147.049
106.522
80.6387
87.8947
2571.86
1237.44
54.0933
131.88
2364.91
108.252
122.646
72.727
95.1359
158.311
137.793
33.5615
84.1429
75.5754
234.365
107.065
4.72052
215.022
4.2241
184.305
131.14
216.094
248.318
4.35126
182.505
4.37372
154.173
4.52464
113.328
4.53439
4.39088
4.12755
4.67318
170.068
3.90374
162.745
212.797
136.351
4.12523
168.216
177.426
4.73114
159.834
139.967
4.74081
1414.63
4.23181
151.05
163.35
186.002
4.31778
4.25737
4.33043
151.768
162.835
173.699
4.2834
268.33
132.69
225.688
3.86657
4.08939
237.621
230.553
167.122
181.754
319.727
234.706
5.10601
150.856
4.43013
4.68942
3.38271
4.57798
4.88882
1051.03
4.62749
4.49832
1258.45
3.40594
174.975
160.095
3.95548
4.74768
133.952
4.19231
729.125
4.67625
208.741
5.0485
3.72194
4.73615
143.83
3.67061
189.867
4.16698
1743.59
3.99782
224.745
4.73179
802.989
3.61331
4.44129
5.08451
4.46149
4.44072
177.975
198.56
215.764
4.68815
4.21448
240.858
4.78917
149.43
4.78552
242.47
15.2663
85.4063
151.825
41.6299
36.9098
15.0681
82.3801
26.6018
19.4864
25.5087
1.58512
41.7275
65.9387
28.0709
41.3813
2.51399
48.8759
13.169
43.3498
2.06076
37.0485
129.879
17.396
42.3331
38.1902
238.466
1.75222
52.0324
175.572
56.5562
86.5064
27.2538
844.063
19.7659
35.0171
69.6939
18.0653
1.83252
2.07028
100.566
1.8515
48.9873
88.3249
20.6011
131.763
74.7266
29.4785
138.391
48.4302
122.655
96.0508
24.9283
130.83
76.1124
223.426
152.361
49.2372
26.9841
60.9916
35.1752
11.6331
323.241
7.78982
1.85054
84.2582
42.4048
33.8281
30.5856
55.8937
2.67455
13.5102
264.426
118.32
10.2304
44.8345
68.4188
35.8006
42.5433
28.7741
27.7863
31.1584
250.358
27.025
282.591
16.8438
14.6875
1.92979
12.4123
43.1074
63.3596
1.74312
165.534
24.6204
49.3419
97.9007
180.823
35.6538
13.3216
46.8336
9.61462
19.558
18.1176
52.2276
87.9434
25.67
76.7717
100.359
59.6866
668.652
6825.43
2.37393
1417.78
1438.71
15381.6
5791.39
14834.5
1448.4
4135.17
2.52088
2045.19
174.387
2129.5
5573.17
5344.65
47.8637
16319.3
14425.9
12473.1
3.01791
487.451
151.937
23.3342
4956.13
27.0406
2.58025
50.99
25481.3
17.0478
2692.51
2.45531
112.963
5748.46
56.302
54.4812
316.81
28638.9
4897.65
4009.54
17.732
1023.27
97.9462
2397.04
1232.25
44.5916
86.1809
1272.01
29.72
1633.79
114.397
14781.9
2.50466
39.71
71.0417
18.0819
56.381
101.82
26.0512
2.2826
23201.1
17621.7
5165.62
2788.91
122.936
7303.76
2.82011
35.7117
12.2368
2.52997
21.2059
29.1391
34006.3
13465.7
41.1512
4013.04
29.255
3684.3
3.12874
41769.7
17697.4
1047.18
13.6366
57.743
98.5059
53.2936
823.124
5044.27
7975.25
2.89141
4972.77
14829.2
8.20528
109.507
885.98
20.945
2.6524
1.86551
93.5642
10.9104
2.234
17.1634
2.12621
90.0973
66.5793
2.35037
2.4515
160.855
74.9314
2.43672
2.56098
93.3876
51.7436
864.971
92.2852
103.55
2.42583
76.8271
12.909
2.25789
2.06712
12.4238
2181.62
2.13071
2.32635
2.51898
267.51
93.8668
13.43
56.718
79.6591
1.96076
16.3804
12.7377
49.409
2.21653
81.9736
2.13351
75.5262
98.7432
2.46214
88.1306
207.374
2.2202
10819.8
1.91592
84.147
127.725
2.26245
16.873
11.3458
542.643
91.7329
43.3029
2.72245
2.34176
2.09314
197.336
36.3095
432.813
2.07592
88.191
1.98233
2.11387
71.8737
2.28707
2.56493
2.20381
95.6132
83.2047
1.95919
79.7375
1.81166
15.0755
2.29045
2.58455
117.652
15.184
96.4344
142.231
2.72366
103.973
2.22192
97.1035
123.524
2.04384
2.44583
2.30795
11.9092
2.28257
156.578
2.16244
31.1664
27.0589
23.0755
60.4455
95.6099
10.4437
92.5333
110.856
36.194
28.0589
55.9119
83.0129
102.712
17.7947
124.362
102.551
43.5789
22.8352
14.2754
65.2092
118.061
103.441
31.3632
89.1176
88.5523
151.422
93.8295
3.39166
113.747
135.483
21.4404
86.7825
80.1704
26.7048
110.596
101.902
115.598
142.34
107.723
111.102
6.69472
11.2465
21.1366
70.2626
19.5736
138.497
107.76
20.8248
94.8325
86.5484
130.899
11.219
64.711
56.9661
65.6096
84.445
106.186
143.715
91.6013
86.7683
83.1969
111.363
94.2665
119.913
79.7503
19.8808
136.877
74.736
160.602
49.3764
33.0373
31.7024
87.5957
23.3083
115.056
57.2282
24.5326
126.696
17.1881
66.2409
99.1463
75.6617
112.171
129.465
37.0624
10.1251
22.0008
10.6191
131.893
24.464
70.6608
14.1416
143.69
10.3745
15.5531
143.877
67.7765
14.3381
24.8099
16.0419
92.9054
14.3251
14.6914
153.03
83.817
222.988
132.673
53.063
64.5184
10.4086
8.34968
14.3705
35.4421
93.1875
24.5812
31.4946
24.5793
21.7489
85.9988
31.8949
169.189
14.7926
73.5544
13.5342
14.044
178.253
14.7061
20.665
14.5414
264.231
14.3612
40.2792
78.8958
22.6098
15.2848
18.3424
19.4347
19.6106
21.1209
36.1225
78.7265
75.155
31.4447
19.4401
65.9972
19.719
26.6752
39.6375
18.657
11.3734
44.556
58.9647
33.945
52.3424
27.1024
16.4155
25.4565
35.9249
13.5757
85.3937
88.5863
65.7516
37.8915
120.897
15.1677
75.0898
28.3972
40.4328
64.7708
18.9375
17.8024
38.7391
49.5044
25.9921
60.6299
95.6744
58.4215
14.7941
127.888
57.106
19.1377
84.7693
30.7635
153.952
12.9785
16.178
17.3503
53.7478
26.0571
47.9197
92.8674
13.7246
81.3506
16.5131
543.189
29.0009
44.659
34.8704
75.0349
2.64281
38.5241
19.1203
23.766
146.447
88.6921
20.5064
43.6617
189.517
9.79168
56.6243
27.4853
32.1897
29.4186
64.7646
12.792
23.9002
15.8518
30.8745
65.8626
96.4322
22.2979
22.9598
42.1088
53.4263
68.3289
130.761
167.372
30.6112
52.1314
23.3297
242.696
68.4229
23.1582
332.454
276.904
23.3612
195.6
76.5241
36.0621
20.6044
17.2098
52.3592
23.8349
38.4886
39.7352
257.742
1.37223
34.7911
25.6278
9.03656
48.88
18.1285
13.9446
59.4597
10.0368
22.3979
64.746
217.708
40.3918
97.1325
23.6416
26.3468
63.0091
62.8257
26.5325
27.8697
90.6026
185.74
83.1485
37.1409
28.5903
9.40479
47.9263
11.759
63.641
11.0799
17.4485
61.1532
31.2887
26.3659
46.2729
313.035
32.5483
37.7753
40.6017
41.4946
12.5871
10.5383
33.0792
31.3467
31.9654
76.8426
7.05623
27.6555
36.8605
23.6415
70.3017
32.4607
64.4971
30.5099
2.66449
15.6511
14.6004
2.64489
96.7463
2.89585
12.3778
146.09
101.071
2.76142
2.63701
12.5435
15.4841
95.9633
13.6782
2.80944
16.7577
15.9762
18.838
3.29281
117.912
2.60242
16.0199
2.84353
14.1962
15.125
2.61873
2.8347
93.6649
2.57087
2.65702
13.0223
2.71147
12.2381
12.406
3.71123
101.179
16.7781
3.05187
88.206
14.8701
109.069
2.30865
15.616
2.61276
12.881
11.2328
2.6772
2.58185
70.2827
2.85665
80.1916
2.63375
16.3141
2.29135
2.74598
3.17563
93.7832
119.738
2.96257
13.869
14.2485
99.3536
16.7278
79.5441
10.9881
13.1387
123.353
2.81594
119.478
2.6699
2.72345
111.387
17.4276
14.3162
13.1715
30.3991
11.911
2.60342
13.5941
17.0217
13.239
11.0742
2.6951
14.5857
16.1821
2.95994
12.7166
93.4446
2.41218
3.17652
2.26868
96.1391
3.24874
2.23615
2.69184
106.054
14.7422
14.1292
3.1601
14.8662
210.519
13.0348
54.0976
2.02948
2630.43
105.216
11.179
12.5266
12.3546
71.0849
2.00234
16.9686
11.7192
2.09701
16.7224
10.2264
96.1295
9.80158
15.126
2.53764
104.321
95.788
12.1729
15.4007
75.2323
119.748
9.59822
90.5611
14.0117
106.571
17.1053
11.7743
44.5615
25.399
10.8099
14.3041
111.272
13.6107
13.5798
10.8735
20.1606
77.2805
2.44877
13.9361
130.897
11.8656
10.0285
4763.16
10.8809
107.783
49.865
14.7181
118.868
23.4499
17.1656
16.1712
11.9221
12.5323
30.5433
624.066
86.6124
22.6434
2.78102
14.5163
93.7819
2.32506
2.68804
71.9665
17.0736
146.965
2.5478
11.5998
12.4211
14.5707
12.3936
38.0855
1709.55
12.0894
12.6289
58.2444
14.4633
61.2689
47.7215
12.1214
11.675
39.6359
23.994
303.849
17.1082
95.7569
9.29096
17.8045
96.9746
4867.29
11.8675
129.084
11.025
18.6234
2.20343
445.002
42.0062
36.9985
47.6061
941.007
3744.42
74.974
119.278
50.6254
59.0772
167.881
51.104
3885.42
127.139
33.7315
931.875
9.87225
65.7605
48.5519
3999.56
78.9372
125.965
2637.1
54.4053
17.8983
101.993
498.124
53.3776
45.35
76.0153
89.412
42.8472
434.059
72.0069
20.768
127.753
668.356
554.439
34.184
926.758
376.269
303.558
73.0506
428.372
33.7564
67.2993
26.264
32.1926
80.7607
105.449
34.8975
933.14
33.9574
95.9114
46.6409
11.7953
285.239
35.8872
15.518
68.1433
907.069
1911.53
2393.33
123.446
25.9241
138.683
22.5149
332.392
2089.04
94.2585
1780.91
1706.73
31.6252
175.492
81.6138
10.0361
58.5252
34.5179
64.9117
64.5934
80.7347
116.748
49.4482
78.1431
577.925
5161.96
36.5241
68.2572
46.9117
34.0924
34.8609
85.0355
51.2084
100.611
18.4806
86.4086
60.7558
446.383
326.195
24.2887
48.5733
28.4493
585.513
47.5068
769.152
33.5148
52.8998
26.0773
310.154
45.9109
101.477
50.0641
86.0112
51.3258
44.0079
812.752
29.777
89.7524
18.2551
46.2416
51.9082
20.2635
55.8742
83.5801
32.0492
51.5848
249.812
65.0629
690.972
39.466
139.884
58.799
45.5968
807.899
49.0364
120.537
53.0305
122.046
146.481
17.6822
846.27
78.7799
107.827
46.735
133.984
32.6331
51.3796
60.0339
50.6171
994.542
45.0424
117.361
18.277
50.1868
45.4666
121.532
75.9561
44.3386
33.5147
45.8826
33.0218
82.5383
27.5614
100.665
33.6929
33.3637
36.3376
35.6857
66.7586
27.0712
41.059
216.714
101.538
47.8132
49.1833
92.4597
34.3179
41.6874
26.538
91.822
48.5744
99.9781
73.8792
24.2634
138.515
78.2446
835.777
101.773
22.9687
34.3126
31.0875
43.6945
349.258
82.518
60.2874
36.0586
38.1752
1058.76
36.4774
76.0786
1425.86
32.3196
61.2032
60.6657
34.0817
37.7088
1004.28
33.9116
40.613
39.0158
55.9549
1004.9
334.769
209.026
335.427
17280.7
41.5232
73.2415
4390.7
80.4802
332.867
20.3814
48.8551
20.292
43.6262
70.6036
34.8266
61.5392
66.84
859.927
563.95
59.1888
49.9834
73.5684
33.2246
32.507
40.9277
86.5645
25.6157
105.32
115.509
24.9849
69.6824
46.2167
71.035
51.8167
367.437
944.489
87.4695
2074.65
52.9934
18.346
48.3367
38.4028
2055.05
41.3796
81.41
69.3932
1835.87
20.8915
19.5135
68.1557
24.9115
29.5163
63.5216
36.243
17.4622
27.28
31.3729
153.225
56.6951
64.7841
52.2356
21.6202
49.3648
39.9853
89.0376
525.595
42.3327
40.4467
445.813
26.2371
36.5926
1147.53
35.6976
1453.42
107.376
35.3561
142.996
41.3624
41.9179
28.2469
36.0512
634.757
900.426
31.4531
49.0626
64.1685
60.4048
59.6646
33.0824
46.6897
26.789
33.0372
34.8876
27.7486
22.3576
35.2733
94.5395
10.0633
28.3861
37.7305
22.2563
20.8733
14.2876
37.7014
23.9761
39.3473
55.0865
27.881
39.7372
23.5575
30.9332
76.638
32.4918
38.6435
17.5658
535.783
13.7356
11.0864
48.3321
25.7129
31.3072
33.2917
38.7244
28.6083
33.5185
39.7997
32.8292
1098.93
24.3016
36.3729
21.1613
26.9092
22.6577
29.9412
42.3008
43.4839
101.033
26.5587
20.7075
51.6943
26.754
39.8574
37.3166
129.116
65.3848
44.3541
37.415
30.3757
31.8272
26.0301
28.3416
23.4647
28.0411
27.5742
40.0193
35.8232
20.8271
89.261
43.2713
39.6834
38.8877
38.8232
10.1799
42.0904
40.3762
28.3708
136.444
41.878
45.953
93.1669
29.3509
12.0087
36.5091
28.8852
35.8264
35.2502
612.216
39.4277
33.3034
129.904
57.1954
72.322
33.4761
23.818
116.533
16.2203
27.2443
22.3233
11.5373
32.5641
9.86437
21.6541
28.938
16.6697
14.8564
28.7542
22.4149
13.9062
11.8588
40.4337
46.8363
104.184
28.7187
25.9232
112.249
11.9068
28.8282
24.2386
12.0261
33.0398
34.6949
63.4952
76.3232
14.7618
8.02249
17.2952
11.2512
11.8075
16.1091
11.2844
12.2573
113.25
19.9294
33.1794
9.81634
65.7167
10.249
33.3479
25.8013
18.2553
2.22582
14.7258
13.94
2.69406
24.5588
90.9551
81.144
39.273
11.2729
14.5193
18.5891
14.1115
27.0686
26.2502
21.0174
81.8106
52.3787
45.5122
87.584
2.91582
27.1014
84.8242
26.3261
9.55265
12.5974
14.9318
21.5342
65.4737
21.5327
65.8568
9.91993
15.128
67.4065
80.3753
9.92732
11.1283
31.7419
47.5688
13.9601
18.2796
20.5381
18.6841
38.4431
27.4995
54.7122
15.3505
24.8839
15.5532
30.9003
15.2501
21.2539
664.962
118.883
20.4974
53.1754
75.2662
14.7832
18.0975
65.6055
1635.85
2.66106
12.5935
85.9825
14.9867
70.3113
25.5926
26.7489
10.8048
11.1366
2.26958
1704.39
54.4898
2.37237
81.9972
12.0724
118.511
14.4742
2.58916
11.8714
69.6561
32.0018
67.8116
12.1223
13.1111
21.3586
1.92349
64.325
15.2647
91.4097
361.632
14.8232
2.2773
55.2463
14.2017
29.3008
12.5402
2.46789
66.3491
8680.92
40.9694
9.79591
285.946
81.1188
109.408
2.60324
88.7348
138.786
2.7059
13.5251
2.5141
2.63532
13.3248
2.57078
17.2656
58.965
125.259
12.2867
90.1713
12.7148
110.915
87.9947
16.2949
12.6621
2.48845
13.1774
86.6973
2.58569
23.0198
2.49052
9.16546
14.5307
11.1122
13.9905
57.9043
2.76222
96.171
101.669
11.7782
12.0987
17.3552
2.64723
63.4486
80.7228
2.49215
2.54225
1243.08
2.63822
2.14276
13.2272
2.77243
11.4203
2.49226
12.0896
2.31239
74.0144
2.77271
2.89897
11.4119
117.227
1025.1
122.754
92.0156
107.661
74.9627
398.092
89.3478
79.4637
893.434
90.643
75.7091
99.4217
107.375
164.236
96.8945
92.4098
70.0977
77.3255
1393.33
124.077
92.1025
957.58
982.484
29.7581
774.566
95.546
103.662
559.683
1984.66
1698.52
109.138
75.2113
92.6891
89.2865
82.3859
82.1795
149.536
98.2467
47.5837
1313.22
173.727
79.8858
41.7173
98.3589
36.2868
995.662
593.861
86.3082
1125.52
872.705
124.137
105.815
103.947
19.9297
110.869
113.41
44.8258
262.956
1571.35
80.9171
31.8436
98.761
28.4616
108.79
645.301
113.287
103.118
97.6436
84.9939
93.5066
119.082
114.048
762.964
115.22
68.6126
181.277
79.092
135.827
84.2641
125.465
85.684
91.2197
69.9864
98.9802
167.426
96.7049
892.903
121.724
844.018
78.7745
72.6305
56.7944
75.1403
72.841
245.266
84.5037
38.363
72.3007
146.796
36.4502
223.541
91.1179
11.3682
10.948
112.169
12.6163
22.251
11.0185
13.5854
139.668
22.149
12.0621
18.4539
137.425
59.5885
13.8922
70.1563
22.2841
13.7348
12.9012
110.347
84.0862
111.729
12.7941
18.392
2.31865
12.2971
2.3201
17.8499
38.4784
41.4602
17.1021
32.2419
23.7118
13.2859
2.64385
2.22364
13.5931
14.1293
753.172
14.7785
96.7879
11.278
85.605
14.3755
16.5525
2.72405
2.71904
18.4236
30.8781
728.828
72.2179
2.27863
2.15725
206.031
2.35581
88.0484
14.1579
2.23582
742.59
27.4776
2.53468
13.4372
9.13768
108.41
24.2716
30.0315
1.98433
16.7711
94.3456
90.2229
89.022
10.593
11.0804
2.04686
31.8823
119.799
12.0472
2.70188
16.0038
18.6351
80.2688
75.6054
12.5784
12.1354
11.3157
10.7991
2.31235
67.0822
2.03107
24.2641
12.6199
12.2387
11.8795
79.1109
72.0089
713.078
10.3074
3.84244
167.643
224.163
85.2047
101.15
110.581
119.005
20.9836
130.62
131.992
138.059
23.7432
165.093
16.4149
118.616
113.849
98.6078
117.028
144.622
89.96
104.328
22.9215
133.006
149.767
81.5492
18.6727
96.876
126.891
129.989
154.193
152.655
105.327
90.8185
118.911
160.823
318.232
99.0336
78.2362
119.974
101.359
163.814
26.1388
110.852
166.253
85.6017
100.631
99.329
171.037
83.2668
103.237
110.193
111.928
110.203
77.2147
99.2083
104.497
96.0131
85.3584
209.91
104.406
87.5764
135.777
94.2054
88.8736
156.053
101.486
181.507
20.7047
102.735
100.092
112.481
79.0046
101.307
106.684
19.5028
63.1641
98.861
28.1726
139.241
49.9657
171.892
99.1835
198.095
114.316
138.789
30.465
29.377
79.9351
30.3991
157.376
204.25
35.2398
124.728
103.016
148.442
110.008
84.9575
115.044
120.596
84.5315
27.6957
5695.5
53.7382
144.649
15.2538
3.09196
81.9277
125.108
70.3176
487.588
104.161
314.32
95.3839
95.3002
2.6374
150.164
15.7671
69.4995
567.237
83.499
124.065
127.042
2.9903
51.84
16.4484
94.8053
17.7452
936.382
1606.3
2.41973
153.797
96.2637
354.022
172.23
90.2106
91.5718
322.076
144.184
99.4023
115.853
3.01024
30.7982
123.228
675.017
82.6556
943.093
220.114
551.547
71.564
2446.89
41.1744
69.015
102.775
674.947
35.0937
112.247
69.4599
131.738
107.372
39.6947
44.2476
2.75707
14.8341
78.3555
522.046
212.344
254.818
1588.23
2213.27
98.4183
61.1852
570.459
36.4217
53.8056
96.0542
410.321
69.409
515.374
85.3374
1077
115.352
96.34
33.2038
38.7619
685.759
2.18483
96.4556
83.6528
52.711
1470.99
112.134
877.977
102.557
100.997
133.935
1662.59
56.914
90.9407
71.5749
89.4246
31.72
127.61
660.972
77.402
4.35079
3.96894
91.095
68.7842
1074.98
93.9825
112.533
27.3705
74.4365
136.522
923.831
42.8322
108.993
4.19646
21.1657
711.66
427.395
129.329
26.1808
89.6611
605.079
70.6968
223.432
53.6956
587.2
447.643
62.7766
4.01565
76.7827
50.3099
61.2805
63.8139
93.3295
641.475
53.122
870.383
3.94732
98.0231
82.7642
873.172
79.4049
78.3698
122.503
3.8814
91.2905
88.0116
327.023
88.9728
58.22
83.8601
60.0954
99.7841
42.9968
203.068
299.301
34.2735
113.14
1221.27
19.1672
55.6339
732.97
123.108
335.221
835.778
14.2756
84.4358
122.88
85.9513
21.4946
89.564
103.712
1028.52
97.2257
57.9198
89.459
140.951
38.4106
91.7862
356.787
131.949
51.1729
84.0257
20.1203
132.333
759.835
769.348
106.903
615.21
89.8941
848.751
663.574
102.391
88.5961
59.5382
64.0301
66.5066
39.2683
115.773
680.65
1599.79
220.806
106.741
35.9609
1414.06
678.27
47.9121
1363.26
1457.94
28.531
1734.95
136.562
123.724
880.337
120.199
98.288
1272.45
3663.29
63.0909
1106.17
884.95
646.509
869.527
96.9219
114.938
205.325
1611.71
790.672
499.527
48.8906
68.2544
1721.6
1526.25
50.2672
535.98
103.325
767.677
1013.85
122.103
763.36
2114.95
891.463
831.106
120.213
1212.27
133.885
1699.74
1109.66
68.8586
27.0648
1141.89
1567.63
1358.11
1084.65
33.0149
64.6123
1044.45
932.438
292.377
102.204
967.724
156.953
137.124
801.003
89.0854
1416.28
880.349
3.74429
114.184
1856.49
69.5072
44.8001
66.1875
808.832
1088.36
25.6501
46.7802
1574.11
37.5459
112.306
56.1442
1319.51
898.72
30.8126
32.7222
924.742
1462.82
935.135
1247.75
147.013
275.676
118.423
193.921
1085.23
111.441
991.84
114.933
329.325
124.753
129.02
139.21
131.102
4.08596
3.24105
145.688
133.767
115.99
110.576
4.21349
139.957
3.92668
139.324
115.679
98.9149
196.746
3.07141
2.87473
138.289
138.994
161.026
125.989
142.799
4.08111
3.2908
121.039
3.91432
143.545
137.11
130.462
3.66171
153.128
204.739
267.744
145.278
98.596
190.273
127.758
160
3.4124
138.016
4.25669
147.569
3.40726
3.13708
3.51367
165.181
170.642
105.756
112.139
95.2183
4.50954
3.16253
134.807
146.298
3.1852
174.382
210.598
155.195
802.995
231.926
154.709
282.508
2.93578
115.025
124.62
121.382
150.218
113.858
124.27
106.111
107.488
130.963
3.80364
134.561
99.9393
144.567
118.862
98.4822
3.58155
3.1583
3.20718
92.6948
100.99
170.258
127.454
2.98189
122.717
3.28452
99.664
99.2798
201.754
129.259
147.891
3.14829
145.968
3.64568
3.57214
155.891
9691.64
5868.24
3.53733
48.2424
966.358
3.4516
3.70343
1121.64
1219.33
981.11
1204.58
1376.93
612.372
1677.18
59.6509
44.4589
137.059
266.982
961.047
51.5546
41.8662
53.0189
1192.29
38.478
59.9586
33.0698
835.535
2819.56
3.53588
62.3284
35.1997
128.812
84.2316
1213.08
1003.29
61.9454
37.548
616.518
3580.6
771.701
173.632
3280.52
977.891
319.187
3.51116
75.3196
3.24182
1219.82
70.4824
13666.1
811.308
304.919
841.627
924.416
133.585
206.086
382.38
44.4179
35.075
1112.91
4420.33
43.6933
1070.92
1260.47
46.4844
72.5917
310.758
166.743
164.895
3.49652
77.5469
3831.04
991.777
50.7812
833.772
49.4017
3.91608
129.412
881.463
3.49797
1369.49
857.994
82.6167
4885.01
1190.25
67.4486
23.8244
714.627
3.60417
178.029
38.5685
35.8133
31.3631
45.4277
127.628
60.4955
3.38567
76.415
3.91213
328.768
30.9502
40.4212
6524.84
37.2345
47.7702
22.5506
57.3694
9243.41
39.0035
53.9272
14518.1
39.8085
33.7347
6902.4
51.3539
51.571
35.7703
60.4203
47.238
52.694
37.6726
2.42984
880.064
34.9307
599.686
34.4507
140.467
105.865
2488.42
35.5763
31.4187
41.1859
48.0455
37.9842
27.2307
2500.45
4509.02
1050.13
41.3686
38.3035
30.7374
2.14517
76.1027
125.542
62.1137
183.422
110.181
46.297
24.2671
28.6972
25.0634
2.37537
47.7892
50.3723
68.5368
3581.06
2696.63
171.137
28.607
48.5376
45.214
75.579
67.3054
60.0994
60.5035
778.233
26.0554
6758.82
176.344
1.92938
336.094
73.2851
21.3574
97.5423
24.6397
2.01431
23.3225
64.3413
18.0674
48.3081
45.4107
1.97773
44.7096
49.9659
4525.97
77.0731
290.261
49.4756
40.9988
684.628
11215
36.3332
171.445
2.32959
25.4427
54.7953
566.873
120.037
42.7603
6909.47
169.155
155.148
314.627
28.171
28.5886
1423.49
21.6611
124.169
55.6465
33.0954
34.1726
49.5806
1085.84
38.0764
5.25697
18.2156
50.062
21.7923
255.876
4.35485
32.7518
152.001
21.2662
64.2919
1234.17
74.6778
35.6023
1121.81
23.5288
40.1231
48.6736
34.4271
68.5621
1630.15
33.0283
70.0125
30.1193
57.2918
21.0466
42.7205
43.0185
71.6147
61.6836
99.2046
5.24079
27.9351
48.3336
37.4233
1640.37
23.5976
101.036
24.4782
146.856
2875.02
1272.91
134.409
1318.75
38.9432
22.3877
23.3018
27.7513
1710.17
1572.2
94.1056
1681.75
64.3505
61.9097
1133.51
18.5653
29.9809
1250.27
18.5827
4.09332
26.2519
1065.13
150.61
1104.46
59.6641
126.137
76.6131
98.1742
1090.98
4.71945
111.353
55.6159
42.0276
61.1891
1458.54
56.3872
1509.92
45.9924
41.7924
60.4757
222.535
950.255
27.84
21.8458
643.863
81.6881
21.343
1188.51
22.6315
67.393
92.4641
33.8227
127.346
981.324
1176.05
809.79
1223.1
761.17
28.9163
625.31
19.1011
1392.74
974.378
37.4921
503.245
897.908
779.623
91.7855
693.646
75.7712
601.915
1405.35
62.2318
995.047
24.7441
80.7776
597.478
499.681
921.155
26.1518
1438.24
1790.72
40.6563
1363.21
43.5591
118.087
66.9666
59.5969
120.181
34.7972
1177.84
1231.97
102.606
32.6363
840.606
22.7584
30.1967
750.953
93.797
86.7378
793.313
210.004
55.8805
1213.63
34.1436
70.541
60.6519
1091.62
996.471
1837.6
86.3663
855.469
105.562
2448.26
52.4423
1528.77
1014.84
315.691
108.216
32.9629
43.9132
1660.49
996.447
787.561
870.705
200.769
26.7465
53.8257
107.924
715.253
65.7091
872.147
98.0702
76.2715
48.4268
29.9903
2127.84
57.7369
75.939
696.55
1686.25
86.5672
351.706
42.7377
111.337
1014.13
57.1927
92.2882
1690.37
149.374
3.63256
3.25252
156.271
1322.29
3.62853
108.833
828.202
3.0357
3.59456
3.37792
1001.3
79.2218
3.53758
4.67216
172.174
115.973
105.515
100.115
127.927
122.047
112.379
155.562
897.759
3.23285
125.243
152.72
64.4067
715.859
3.95954
128.453
138.7
688.318
91.5604
128.696
93.7222
2.88895
1519.47
897.524
94.2056
3.32875
563.218
107.099
839.38
3.42521
3.13546
2.63914
3.62514
181.716
64.17
1355.62
3.24986
1547.41
2.78566
104.12
2.87514
88.5357
1552.5
178.585
125.253
3.49096
135.804
3.07629
3.40605
722.387
3.16036
3.09465
1000.33
3.15254
1215.61
3.13662
180.142
295.85
2.88182
3.30591
158.581
3.06521
3.21702
718.391
161.979
165.619
132.133
2.75145
109.49
123.334
1229.84
2.80342
142.456
139.832
2.78406
80.7874
2.74984
42.3266
90.4962
2.86837
70.3863
3.53249
2.93219
36.6156
617.238
21.0508
131.451
21.8541
3.90898
3.53093
35.8984
19.807
25.7891
3.42906
45.8188
50.293
3.88795
3.99944
3.93234
21.5991
78.0679
17.0697
20.2694
62.0761
21.4353
20.6391
3.90139
3.42378
19.4954
4.01931
3.67744
22.2628
3.44465
25.8618
27.9964
50.29
3.78735
114.189
26.4229
45.5496
121.163
38.7815
68.1439
34.1103
17.7689
3.84257
3.81832
36.8709
62.1323
18.9671
3.48385
34.4165
52.346
23.657
51.7118
19.0566
497.806
20.5562
54.5743
14.5324
71.0606
34.6413
19.6712
3.64923
17.8295
15.9233
18.6095
3.79077
50.6854
88.2736
4.23524
35.9483
4.29069
28.8425
164.713
3.82473
17.1964
20.1896
3.31738
3.50006
3.70908
19.3901
25.2868
31.1307
141.388
3.76823
38.8538
138.718
17.7089
64.6767
50.9068
138.985
15.65
3.86017
20.813
17.8824
3.94855
4.25889
47.8731
3.90177
40.1536
54.3864
3.90024
21.5585
1640.62
195.118
161.968
5.07967
154.177
175.42
4.81549
30.6618
4.89972
458.943
4.90584
4.35034
62.5852
106.742
4.03453
110.453
58.5433
144.545
4.70409
4.94878
2543.41
174.63
4.77758
4.48356
5.33712
4.81221
31.6808
174.581
245.984
5.73754
26.031
4.54211
573.942
6.10895
4.96374
5.339
126.722
4.34461
1423.24
1490.1
4.47279
1293.15
1665.68
4.34353
4.60576
4.5875
5.48905
181.042
1806.99
4.6689
167.684
192.379
4.24861
131.793
880.699
176.342
151.588
5.16431
185.658
4.57099
141.278
181.465
61.2773
181.134
4.53813
176.306
39.7122
148.279
174.575
6.10056
4.39748
66.422
4.04435
4.99507
1551.01
157.527
200.378
687.651
169.603
5.11251
4.994
1334.09
3.89004
76.138
140.072
127.568
213.448
5.01928
1439.51
193.018
202.967
631.733
21.6917
5.17074
5.6346
136.052
5.39109
4.4553
142.988
36641.7
2725.35
5442.91
44358.8
2083.95
1006.13
811.517
1461.44
23.4424
8152.54
6736.7
24658.7
6543.25
100.805
129.135
1751.35
10925.7
1475.52
8484.45
1485.29
15045.2
2046.31
246.768
5408.69
208.33
87.2052
461.589
4736.99
1782.23
1545.08
17464.3
1512.65
1854.79
90.9327
1848.74
1891.72
2351.97
1351.69
3362.06
2150.76
51062.5
1512.5
1569.74
1357.02
36.2047
1504.78
59095.4
1845.33
2948.35
117.957
1160.83
24978.6
8906.36
33737.7
1334.37
559.371
2131.5
112.721
6299.91
1971.31
6275.48
152.498
1484.99
216.932
122.155
1964.17
1913.78
1422.57
110.277
1889.55
116.716
4669.37
118.182
3710.68
1227.54
9927.9
9729.63
64606.7
48.5211
1859.8
123.187
47538.1
1364.51
2029.75
107.198
770.956
1534.5
3189.58
1555.97
1752.86
4075.31
6305.2
101543
994.063
4379.82
13953.5
1548.69
200.512
1653.87
204.329
3.16915
3.26746
3.66701
87.7822
3.12876
84.7567
2.9417
85.2018
2.93967
73.5908
97.4055
3.02483
132.281
2.84644
3.16444
3.27874
2.98086
98.1192
2.9941
2.83943
3.05056
103.648
3.49604
3.25668
3.64411
3.80723
3.9921
139.412
207.318
3.18153
203.712
3.26247
3.09008
3.18516
9.82716
3.10169
131.366
2.92693
3.95696
111.522
2.98192
3.18093
3.25705
36.8858
3.27608
139.802
3.5091
3.52535
3.04754
3.3654
3.44549
3.21527
3.18022
112.089
146.122
3.14102
147.972
3.2238
3.04523
127.383
3.09759
3.16089
122.212
3.1869
2.9874
4.09448
3.16611
100.792
3.39176
3.11182
3.17985
206.937
3.43865
3.0748
3.38396
2.88916
3.50384
42.4329
115.369
92.1294
3.08161
197.387
113.639
3.77225
2.83075
100.937
100.608
3.10054
3.10577
166.216
4.3616
3.9818
97.3545
3.15764
113.364
3.25206
3.45705
3.22753
3.00861
3.2508
48.9036
792.327
89.6895
32.5586
1045.96
31.0976
45.4448
38.8748
2004.62
831.947
38.3302
76.0744
1428.93
76.9654
25.8788
527.264
141.218
906.676
31.2037
38.1528
24.6543
31.6592
842.921
1153.55
23.2887
60.6812
1056.01
31.8745
99.336
29.4632
44.5103
80.7623
28.6745
29.3381
49.4671
29.2912
70.7506
52.8642
42.1011
50.8654
31.6428
815.444
23.1089
65.2968
1290.94
797.923
36.9272
30.2576
35.593
34.7577
35.2508
39.7838
170.312
35.2947
31.4249
41.5039
22.5439
1125.76
35.5129
19.7329
31.5133
38.8132
47.8174
105.55
32.7749
43.6568
1208.48
159.185
44.0491
54.9811
42.4707
54.6697
34.9213
517.039
1451.6
36.3588
1081.24
455.343
26.9368
64.0634
24.7985
959.643
39.175
38.5897
45.2023
98.3941
663.517
30.3501
39.6555
41.5215
31.6092
44.7439
286.94
1205.46
47.7402
81.392
36.4486
34.8022
24.3388
86.341
111.687
175.323
2187.3
28.2879
53.9646
100.97
55.6194
5251.63
6511.48
40.4562
1163.91
101.225
48.3002
44.883
120.13
144.166
129.222
33.1701
80.3448
67.2045
88.8534
33.5818
152.201
5164.03
1236.91
32.7355
140.998
129.374
47.4041
105.94
112.843
4636.83
57.6991
137.211
64.9161
1476.07
141.412
73.1849
1303.04
140.383
70.3164
2258.18
1269.7
143.036
109.62
118.203
9119.69
227.586
120.061
1276.35
59.8002
38.1501
1382.9
2112.31
1053.01
108.851
89.1307
4519.47
136.935
1016.25
50.5084
5798.21
80.0795
32.8802
95.8496
394.948
142.491
80.0895
773.859
4147.57
1006.86
293.405
129.474
1735.81
58.6432
155.222
70.9677
92.0407
186.335
81.4775
132.04
81.2776
31.5603
94.1208
5850.43
769.427
49.5006
161.378
2834.54
54.5562
1373.5
9895.13
107.503
5842.45
129.423
7959.91
202.225
39.7967
124.693
68.8563
784.979
1265.82
933.861
59.3342
1675.4
50.8032
985.418
791.011
882.874
38.6342
309.693
48.8458
54.7933
125.655
1455.38
63.9984
106.805
1067.06
88.2395
144.296
1457.23
809.215
1135.74
1389.48
40.8687
1110.32
657.347
1220.1
123.233
42.3239
597.539
28561
1065.88
927.286
815.135
1405.59
58.932
772.786
1209.81
898.213
43.6674
1056.63
739.867
1119.61
113.068
78.4028
230.794
108.177
934.158
729.714
39.7829
44.0863
64.7082
139.981
58.012
80.8357
143.211
56.434
1584.11
81.1305
1377.62
203.202
825.347
81.0162
62.0558
84.1455
727.322
1257.11
99.9293
1033.79
1054.11
127.101
605.406
60.765
404.759
1082.49
65.7795
1640.17
4371.12
103.472
1028.61
119.176
98.7768
1308.7
48.7613
179.253
772.787
184.75
1386.98
561.709
92.1337
77.3151
53.1492
100.701
83.5533
1264.24
72.2532
752.031
2504.95
55.8892
98.6423
105.52
270.298
94.3519
133.272
125.201
107.033
141.536
180.023
121.886
172.934
163.576
110.238
179.121
134.98
134.454
107.072
171.245
110.373
126.408
144.167
148.316
187.013
117.461
155.13
182.529
109.243
107.919
3.21476
139.095
121.625
126.956
100.843
216.751
126.229
96.0642
238.979
134.824
103.405
843.272
123.563
157.386
313.395
97.0536
188.038
153.676
130.283
149.496
146.773
117.944
130.271
163.349
227.646
113.198
158.778
127.659
2.9593
146.527
127.652
310.831
119.216
126.259
141.168
132.705
178.862
139.605
159.816
128.437
135.687
113.906
159.751
162.149
125.391
172.616
126.854
129.167
140.218
188.172
1782.44
122.952
131.089
171.12
180.054
102.203
126.198
159.753
153.333
128.124
144.118
175.419
139.939
163.61
325.359
128.542
373.171
154.391
161.099
134.909
120.197
189.957
872.026
60.6395
54.9502
155.371
836.938
232.075
137.045
98.1081
59.9002
149.597
136.392
282.368
119.46
184.471
1056.28
210.216
135.194
162.405
71.6338
158.165
142.584
50.3574
165.831
172.034
599.071
32.7983
126.369
143.672
1133.56
68.1
121.394
978.637
121.953
111.637
125.729
106.88
169.577
930.552
40.3743
766.155
52.0755
785.751
966.318
292.155
73.9232
564.423
221.541
559.086
47.4754
142.612
133.373
118.803
885.255
145.694
180.913
45.6265
3576.41
68.868
559.123
54.6703
88.8654
781.82
146.304
1044.3
128.37
116.268
142.102
788.841
73.6094
186.326
126.42
696.701
1077.29
1411.67
149.48
52.1839
118.544
1983.58
964.499
104.738
34.2704
74.2171
87.0782
154.398
95.9891
32.6537
187.428
1468.94
71.862
64.5272
41.904
55.4379
337.456
157.644
152.721
209.216
37.7021
121.346
123.393
155.409
91.608
646.734
330.141
30.355
3.40375
61.054
501.002
89.8957
23.9656
66.1236
3.39013
77.1687
98.9394
89.1951
36.8436
93.7572
63.9693
3.67059
56.9834
24.6759
87.5335
21.4848
19.1623
70.3012
84.3479
99.1591
119.017
81.6255
221.49
20.7645
419.487
47.7343
71.6847
85.4858
17.6251
40.1064
16.3522
32.0249
22.4203
58.4602
35.524
470.082
231.792
61.5091
19.5999
2.5996
60.4598
106.592
923.773
3.64782
782.885
133.509
48.9025
3.35358
77.7937
176.98
34.5281
18.3097
15.7434
48.5677
74.8746
3.46468
27.899
56.3929
223.535
19.7796
176.669
219.805
63.5674
52.1764
3.06086
49.6921
15.5126
2.97981
79.6411
73.6534
3.13244
78.9641
25.7429
55.8437
13.7
80.7922
224.256
17.8588
60.4017
55.8242
103.162
179.583
77.9081
3.14073
73.1724
80.6204
467.408
385.246
254.693
118.042
314.128
66.4522
259.104
49.8184
97.5426
12.5923
117.075
3.1142
113.832
85.2465
118.442
115.801
3.20616
143.707
3.04024
3.34885
166.098
94.0378
14.1513
2.87527
2.85867
102.966
88.9462
90.0596
83.4228
103.296
144.694
132.646
2.75264
3.08415
2.925
88.8116
106.905
141.125
2.79495
40.7227
3.85067
19.0983
98.9751
3.25964
3.36346
4.0947
188.184
2.79346
119.434
2.91674
90.0954
168.344
86.6815
125.405
90.3027
125.646
110.99
127.554
103.906
3.50074
152.613
10.6877
1248.98
12.4131
76.0343
118.406
80.4684
85.8572
161.216
105.29
111.597
88.3219
3.48299
3.01256
3.2887
90.8575
2.90348
2.68119
11.1678
109.434
13.982
134.616
108.89
112.302
116.96
157.943
3.62227
114.264
14.6754
133.439
102.102
3.3472
135.998
95.2603
59.3623
132.51
86.7092
107.337
99.6742
3.0855
115.347
89.4628
95.3828
109.597
96.9918
117.034
155.796
125.817
896.646
133.84
28.5598
44.5158
595.091
89.0971
31501.9
39.7179
3.13039
172.796
124.149
37.9484
54.8053
99.4429
1543.19
158.214
45.8249
81.2637
970.22
142.088
2.97612
2896.94
150.081
106.837
100.854
892.309
146.095
245.489
12.4701
108.474
42.8865
35.2143
3.0876
142.171
39.9073
53.9985
3.11712
48.1225
114.112
13.514
31.8603
3.98889
97.5603
53.4419
102.263
971.19
3.08454
89.3229
50.2418
127.465
78.861
2.85514
2.96443
34.1555
79.5325
2.84883
128.234
3.5841
157.384
235.599
51.2652
2.92507
37.7463
146.502
70.5419
785.381
72.18
1181.99
92.3394
177.929
39.3968
3.33073
102.838
38.1599
77.147
646.575
128.932
176.742
575.881
1117.18
166.394
14.6429
155.505
1194.68
105.619
94.0137
2.85681
13.0136
40.161
119.747
3.03318
48.6706
35.3433
2.84746
95.9778
239.827
2.95323
196.545
1311.06
147.067
11.3431
54.0216
73.4468
66.3265
8.50529
9.44805
13.5516
22.9761
72.6081
130.623
137.269
31.2818
24.5901
26.1828
38.5103
148.717
62.8516
100.916
43.8466
1.43227
28.3577
84.0767
30.1705
1121.18
122.414
28.0299
125.407
96.6972
38.6236
35.2124
85.751
53.7585
91.9652
12.0365
94.7528
102.355
66.799
41.6626
11.0361
821.182
24.4766
45.1884
10.2948
122.206
23.2886
81.4171
13.0132
95.5621
84.0261
193.746
135.959
100.165
135.93
42.0358
75.043
35.7591
13.844
1122.87
107.21
109.783
25.9726
111.235
89.1798
11.4126
837.138
90.5257
1.57462
10.8997
81.9955
143.609
130.709
51.9209
12.3996
10.7796
103.196
64.6045
12.3353
42.9811
20.251
104.567
87.4346
31.6775
43.7299
82.1386
83.7847
81.3502
15.0152
90.3307
105.738
36.4449
94.4155
94.0892
22.508
11.2359
84.2236
13.3274
93.5007
462.063
1.67449
21.5961
137.147
133.81
43.597
86.336
1002.93
145.239
122.555
143.877
35.3053
122.742
171.994
103.759
119.294
122.564
880.784
507.535
115.452
92.7684
126.065
130.425
46.0044
94.879
41.9156
682.975
113.815
98.3208
366.029
88.4873
54.5958
34.6538
133.866
42.3336
78.605
42.8745
112.983
137.011
96.6947
98.1429
115.013
125.678
39.3031
41.0913
43.7229
95.3963
1750.52
26.6848
127.677
117.189
110.089
241.543
119.934
128.933
114.142
115.728
115.391
123.886
66.4025
116.367
100.839
1373.58
108.567
40.7099
256.098
119.937
113.393
136.048
136.249
121.008
113.542
55.9565
1030.64
1253.43
144.157
81.7629
98.6253
109.018
74.3655
108.216
1155.69
98.3699
103.485
108.874
533.876
95.4676
152.199
48.6305
140.246
130.163
980.129
37.6544
133.602
631.21
93.1739
113.886
29.2219
148.128
722.599
205.568
120.992
73.1412
1968.96
522.196
58.3383
102.862
3929.08
1148.77
37.5299
109.686
6604.42
112.365
47.7814
66.7377
655.923
991.763
71.4678
140.309
52.2026
792.191
44.5805
169.871
1081.07
31.7374
924.464
32.0005
113.601
331.671
47.6559
211.506
106.478
253.404
51.0331
711.812
224.915
63.8736
110.926
622.433
1183.23
3140.69
43.3552
328.949
50.0222
94.1776
99.9042
1361.38
76.0057
874.082
131.74
83.6666
544.53
29.0543
1030.03
39.0711
106.848
19.8851
127.352
22.6979
178.478
91.2783
37.7092
28.7363
77.5899
83.9123
109.412
77.5259
34.362
964.989
70.201
42.9277
780.297
74.5916
36.5147
52.6821
85.3426
31.6038
97.3509
35.8633
43.862
70.645
109.812
57.8326
720.846
1383.92
38.2068
104.382
88.5414
31.609
1009.58
99.0214
113.09
64.2511
105.677
1295.38
52.5251
857.402
507.632
441.823
88.8267
114.593
29.0676
23.6179
81.9536
467.983
88.5705
75.4747
3.27439
1222.59
96.0241
2.85549
103.082
1156.93
2.99224
103.97
44.2469
2.81021
444.134
3.00506
436.293
88.7751
3.29577
49.519
99.1843
359.142
1143.03
86.8056
2.78783
3.29837
1773.03
98.5211
104.424
77.2321
991.091
111.273
2.79915
3.14277
2.87103
92.3369
3.08175
1080.18
78.6854
2.4069
175.623
2.41067
2.29217
2.90794
2.69093
3.30341
3.11845
91.3262
17.0293
2.34278
2.46682
90.0967
97.8975
3.00999
118.519
58.9714
96.2907
2.73467
99.7122
107.348
3.16242
92.6069
3.40481
103.683
2.83495
118.77
1389.77
47.1597
72.1
3.36566
422.857
3.55146
135.596
2.62759
1214.63
309.413
3.16084
122.327
2.48688
69.8753
3.25801
25.2595
3.10893
80.7343
88.0901
624.488
149.32
3.85573
2.51396
21.5093
2.90284
89.5567
2.63444
1117.12
129.006
117.06
113.172
38.3457
84.4511
169.63
111.482
15.5207
17.2613
3.66662
127.428
15.2675
159.485
15.3185
3.44218
20.5113
151.44
16.4654
13.2002
26.0296
93.2591
65.8629
21.1033
40.4361
14.9347
14.6444
12.5644
16.9302
17.9149
14.7451
13.1863
16.7617
99.0824
107.039
146.665
11.7346
14.2003
34.1384
84.9684
87.3164
21.378
110.382
12.9547
13.8786
90.5029
104.011
36.8433
21.582
12.7869
14.5898
105.78
15.7501
19.2202
3.2151
16.4276
12.2155
17.3044
100.851
99.4936
16.3834
115.907
37.6099
10.239
16.4856
23.7621
12.8166
19.7491
14.7298
3.61732
13.9126
17.3892
13.4893
113.057
97.4585
18.7946
3.51467
3.21089
18.5589
13.7622
112.275
113.787
11.1132
99.3239
113.802
30.0599
19.5274
18.1532
16.6578
13.6934
115.158
18.7818
12.9353
18.3728
81.2203
18.6388
14.1493
20.0178
3.45399
3.43299
11.6421
14.2796
81.6102
21.6002
28.8738
69.879
25.3478
169.339
135.279
4.28022
148.895
134.71
152.121
112.352
132.417
103.114
155.683
17.6623
22.3243
1870.7
114.906
1906.82
3.33248
223.539
152.274
140.569
183.75
93.1908
20.5186
14.6909
112.149
40.9494
3.22949
116.545
4.12133
150.598
98.0193
173.747
4.49298
183.71
17.8584
128.245
3.9999
136.836
136.695
1531.11
117.198
124.421
79.358
39.7133
111.25
123.939
15.901
141.058
171.844
154.32
3.68119
17.7817
219.281
23.3797
201.126
17.4207
45.4463
4.42337
160.819
726.185
155.81
129.169
141.567
42.8806
483.082
66.743
16.6261
105.98
114.898
1158.37
26.3658
19.4138
26.7316
149.11
140.291
1120.91
175.34
73.6168
133.557
22.2517
137.017
35.0358
141.159
1171.63
110.821
161.914
136.995
124.765
46.8926
83.8442
804.935
109.484
4.96278
88.2588
197.038
3.69655
138.938
55.8675
60.2056
154.688
147.059
113.125
92.3112
5230.1
42.9755
132.33
60.0207
19.9269
42.5499
110.256
925.839
89.8198
34.1966
61.3742
81.4787
45.615
39.7462
54.1876
34.7467
46.4569
85.5624
98.8936
67.5532
41.8691
45.6753
213.094
27.4329
85.511
32.4774
33.7466
35.3054
106.464
738.061
19.7388
1387.14
49.4
1214.82
61.3719
1763.88
31.717
33.7531
1024.76
72.1339
271.397
47.7266
18.0775
402.265
142.235
23.5111
49.8312
49.0492
94.4728
87.7107
14942.2
50.7778
102.147
4343.98
29.1427
1084.08
1728.28
3841.85
2205.34
1007.59
150.144
108.609
40.1932
141.493
1392.22
95.5837
599.625
38.5669
3.47337
41.2011
49.8718
34.4651
3655.77
51.8919
40.7273
2220.55
380.043
80.1137
42.0512
911.264
13.0276
14.4999
51.0225
1444.03
17023.6
16902
29.9524
95.1275
100.532
81.2058
26.2719
84.7926
82.6881
93.8376
17.7693
1225.37
48.1954
17.8214
3.19526
2.97327
64.6828
2.74755
71.2133
101.623
66.8533
2.80601
88.1769
2.99714
2.82373
2.71261
10.4375
13.8747
11.0554
9.16558
11.7671
13.1303
101.88
67.8326
11.0907
70.7291
72.8284
3.24619
12.5185
2.67837
79.8657
10.3696
3.07884
10.4839
123.681
2.75951
11.5206
99.0723
89.6694
2.77073
9.95857
2.78762
80.6904
2.90403
64.3615
2.95635
3.00322
87.0403
66.5172
80.6071
2.49712
2.94627
57.6931
87.0902
2.92041
86.8705
131.123
3.28382
92.2479
2.69942
12.5474
2.89261
17.44
2.8265
3.66116
2.86794
86.1517
58.8744
88.4787
2.92561
2.77748
153.779
9.77158
87.9472
3.04805
2.62611
2.9575
3.00641
3.34177
10.1811
2.66344
2.7363
19.4836
3.16438
2.92192
3.68056
12.2243
2.82964
2.84015
3.1859
16.434
73.4266
3.19275
2.91969
78.4059
10.5862
3.20348
3.2895
61.2376
95.5181
62.7041
106.081
108.106
80.9905
40.7527
1950.68
50.078
53.8148
3.01177
45.705
108.227
41.0361
555.551
47.5124
51.3598
30.5875
75.1091
227.498
762.851
469.26
28.0719
352.193
54.2453
1412.77
28.433
47.0049
38.127
31.5317
56.356
37.8123
56.8504
49.3244
27.9256
4576.64
39.3303
31.1387
33.3436
30.9722
44.196
38.5477
1444.71
28.7016
32.8387
26.1382
58.6433
119.736
28.6058
34.9853
727.727
30.9785
115.626
31.5295
27.6524
902.45
2891.8
1587.84
44.4378
21.9374
119.537
41.2724
50.8513
126.445
1042.33
54.5126
1075.75
530.578
54.8413
168.948
47.3513
35.194
3.19057
34.0383
815.19
484.936
1055.71
39.7058
22.9398
30.9508
56.3601
19.5598
28.7131
1154.9
1245.61
108.008
58.8786
38.9083
516.3
47.7148
192.963
1195.95
38.1518
32.7236
24.5614
31.3948
42.0563
51.8696
3.31223
53.2302
780.005
50.0098
827.513
18.2206
171.019
45.7144
77.917
25.6175
1421.11
39.5596
85.1039
532.782
1246.87
1516.14
53.2082
65.5751
36.2798
116.802
583.671
60.971
855.269
43.874
68.4522
58.3835
2690.52
1812.23
156.679
29.393
97.3575
816.763
210.307
78.4654
90.1424
26.4366
187.082
1188.59
281.789
428.852
1846.3
53.5195
96.8154
933.243
115.289
107.194
319.845
36.4696
467.799
1304.1
3.00237
37.8785
41.14
61.9669
1125.48
142.038
84.7389
1201.9
150.194
1307.6
155.585
506.698
4927.48
1597.95
1563.9
1011.83
1512.01
1443.97
103.44
1311.87
128.539
2442.3
1357.99
54.5372
124.797
23.2619
2058.9
100.322
807.116
638.836
1036.79
1290.26
3890.02
85.2664
1989.49
56.3279
176.407
109.588
53.7025
1605.27
1602.71
88.241
53.7545
1521.02
127.978
847.936
1086.01
35.5578
231.413
116.266
87.1602
56.0603
91.6993
1376.09
101.549
47.1948
83.3551
63.0891
547.815
45.5719
37.7656
1172.91
145.307
27.2306
612.713
701.202
50.3571
886.971
41.959
1463.15
55.9967
96.5974
15.6635
81.6984
43.5245
684.172
670.761
48.1222
43.2894
1257.26
67.529
23.5139
35.0572
2269.97
38.8196
323.943
97.4026
51.5012
36.781
4663.86
52.513
1245.43
2439.56
59.695
563.499
64.4078
1051.22
42.7321
142.613
57.1798
36.0292
4889.61
100.795
328.365
37.8321
76.5943
422.524
56.4912
116.777
60.6824
24.4605
809.555
33.973
51.078
67.7697
43.6986
42.0164
357.347
992.881
1619.87
118.671
964.446
123.491
874.896
41.2951
46.5165
39.7347
1664.05
2.97756
49.8804
971.855
1089.49
749.893
65.9569
32.2419
40.9454
41.6141
566.208
170.32
59.2144
987.946
805.574
844.289
155.066
37.903
99.6134
1162.05
103.483
118.422
2181.2
104.257
9729.35
107.511
104.594
99.0191
160.522
61.6083
630.511
2.8444
2.64867
104.478
3.02051
3.23824
2.90488
121.348
3.35183
137.166
13.5986
3.03048
95.6777
174.812
2.71315
37.5597
2.99698
137.284
130.168
3.41206
2.56245
86.663
3.00622
1173.01
25.7938
2.74749
127.431
15.2344
3.67442
72.4909
13.8258
2.96021
3.09071
191.218
126.462
3.35646
155.187
78.2948
120.664
239.211
3.22658
2.89283
3.14801
2.77303
157.427
3.49883
105.097
117.713
120.802
3.16406
133.612
123.095
3.01941
137.989
2.7965
3.8917
2.97136
3.06288
94.06
106.654
2.68178
2.74013
114.901
3.30096
3.18612
233.415
193.413
115.341
2.93021
3.0635
3.28051
125.372
124.943
42.6086
3.44264
103.776
173.66
3.29092
94.0383
111.083
3.30533
100.913
2.50291
3.13838
150.241
147.706
130.246
133.51
3.00981
2.89212
101.016
3.17852
95.5378
109.709
2.80564
2.73444
191.217
2.8682
2.67899
2.63612
2.68603
78.9547
58.6401
82.6392
104.084
24.8377
27.7349
336.545
111.902
32.6139
80.1109
143.833
37.2265
30.4059
110.099
113.426
132.354
53.7111
57.8252
110.436
147.995
49.6841
64.4471
187.155
37.1635
434.159
24.6966
33.7335
207.674
10.6429
930.304
143.332
117.522
89.9721
169.011
874.334
147.195
731.229
75.9385
97.728
139.82
25.1917
67.5451
96.5639
387.304
55.5222
170.6
43.8022
50.3637
138.63
32.2256
48.7296
149.803
46.0121
129.268
98.6311
50.8043
596.529
58.7822
31.3719
43.8667
117.19
37.7391
106.476
454.8
31.4238
196.766
53.8898
25.1939
64.8988
31.713
45.0986
38.7893
53.0043
113.697
52.6452
30.386
148.583
132.417
36.5833
118.32
200.118
88.3698
53.5334
25.9732
81.6576
95.2737
310.889
27.3785
116.459
35.5926
23.6268
103.4
106.589
40.6193
74.7592
43.4426
44.6858
100.417
981.965
31.4078
92.2696
264.022
19.4159
49.6068
64.6409
97.9535
101.638
381.088
49.1061
1140.44
70.0084
107.965
114.837
99.6617
507.034
123.771
389.066
126.868
29.7802
2295.8
528.441
622.308
101.33
978.026
288.49
521.587
49.7795
95.5577
102.364
119.128
115.745
102.644
107.151
68.534
138.396
131.736
99.8877
16.6653
97.3514
943.039
3.78735
36.1827
78.9214
91.7628
150.2
85.9737
49.9059
17.1702
62.8098
647.56
4.54876
55.8067
81.3966
90.9326
43.0283
138.988
111.112
615.086
113.722
48.3242
579.173
65.7808
976.517
159.988
87.6983
50.6636
317.427
98.5918
119.863
116.677
52.1685
84.5735
71.0713
75.7964
475.823
130.195
94.7732
771.011
32.4238
152.763
102.058
729.178
103.585
115.026
91.0185
632.444
320.178
18.3058
124.31
3.62679
94.2317
96.7222
127.247
65.0868
77.7287
121.012
4.59201
318.151
80.989
76.2614
146.606
93.8531
165.188
181.239
2.77549
15.7547
13.7078
825.418
126.936
94.2659
112.268
92.3033
18.1933
152.712
97.1714
131.189
83.6423
10.8622
112.824
1249.47
95.1147
121.694
54.8642
93.6876
97.4153
148.691
199.406
3.94088
97.359
197.134
45.4219
18.0516
124.274
141.218
87.9671
141.647
84.5771
157.736
195.888
115.321
61.1822
120.469
101.807
97.6803
97.3275
124.683
74.9298
193.279
157.242
57.3866
83.2636
9.67373
17.7882
1003.99
86.0133
80.5529
89.9927
78.7484
170.004
330.512
68.0058
103.691
90.9912
46.2376
163.646
12.2962
88.4053
98.6341
50.4053
121.788
3.3297
43.7869
187.393
119.46
135.779
139.395
65.6152
103.955
64.9062
134.751
114.79
159.712
16.1537
116.604
32.9958
157.339
16.7282
3.019
15.6727
108.583
128.017
50.9901
15.754
119.867
151.983
136.558
47.7082
115.923
107.791
12.5299
84.7168
102.967
160.398
1.60654
13.6188
329.091
2161.9
57.4008
129.068
101.325
78.7367
79.3727
74.6845
84.3804
105.331
29.0019
10.0452
10.4146
79.3128
11.9675
66.2669
38.4575
11.4261
94.7703
1.96294
9.3425
166.472
35.5359
87.1256
97.3977
105.138
29.051
84.9552
21.9506
24.3191
65.4929
79.256
72.717
1.88209
124.171
111.082
102.284
191.596
11.703
141.817
11.1456
2.23839
98.8256
67.1076
825.051
107.08
634.331
98.871
114.574
98.4995
54.6785
138.025
13.0046
44.0526
11.3022
78.2465
26.7273
11.4651
76.4725
1239.82
10.0709
125.35
85.2983
87.9141
68.7181
136.759
424.821
114.011
32.6315
1305.65
65.3537
153.265
14.9377
99.3787
8.58236
146.179
401.033
105.834
95.5694
69.1768
89.096
94.7737
128.707
85.6181
9.40672
71.816
12.8957
11.8545
1.98245
89.6062
75.244
2.17121
13.1183
161.133
102.971
4.17936
101.93
123.526
190.526
4.00258
127.646
82.9286
3.84768
136.414
4.70085
140.406
5.1895
3.62682
159.003
71.9064
3.36086
88.7154
78.7794
3.99719
92.8047
4.36708
88.9621
4.76885
75.7011
246.684
4.31737
142.896
5.26212
160.362
72.6403
133.115
3.92982
161.723
4.32427
123.037
5.31317
4.62168
156.998
191.641
4.24046
134.34
4.29108
4.63161
3.26257
4.17005
81.8469
4.48711
161.737
83.7265
71.9982
107.583
114.895
3.29184
3.93029
4.76735
143.455
81.5247
80.1168
3.1433
4.12212
3.32221
31.8969
4.62322
4.48614
150.523
119.609
4.18279
144.514
134.123
3.39723
4.61167
99.3189
138.399
151.417
144.993
103.852
4.60184
4.69369
3.95687
146.662
3.28141
131.153
75.9818
985.231
4.44271
4.18311
121.944
3.66739
4.36045
177.09
104.936
136.472
4.37761
4.5533
4.04636
155.832
172.21
83.5238
146.936
99.6859
17.6792
109.11
100.405
3.8577
12.0537
146.017
9.47794
90.0583
3.03179
145.321
121.502
154.63
121.662
2.94641
3.26697
108.368
115.498
127.094
262.146
2.97964
163.293
184.431
3.14659
106.301
2.8199
3.05018
3.11438
129.015
130.802
102.602
124.75
136.738
3.49858
99.5831
162.137
12.014
128.661
3.11961
82.8258
156.728
3.29687
154.512
107.273
3.08869
113.016
18.0711
107.027
111.713
112.63
135.477
118.213
129.486
4.07821
135.944
92.3351
94.0391
2.95131
104.167
113.115
135.58
3.22436
125.157
3.24623
3.52546
150.453
160.911
100.207
104.579
162.421
105.231
84.5237
3.18956
84.5678
107.033
11.6396
126.24
127.258
3.20771
104.618
136.254
116.586
108.468
103.387
67.3711
3.41629
64.7151
127.844
301.603
4.23094
111.018
107.346
118.428
96.554
122.252
96.5536
3.01219
196.899
92.7671
4.02505
4.16976
149.625
214.054
34.8634
122.985
32.9639
25.5959
1005.15
114.294
22.0377
111.54
90.1518
52.3562
33.4186
72.4581
26.8698
3.19766
42.4312
121.454
51.7515
33.2539
49.4162
3.49033
35.907
68.2253
178.783
49.4129
298.284
25.2485
125.725
37.2335
317.112
109.422
34.6251
97.4498
30.1962
43.4259
18.4693
23.181
145.921
76.0803
30.0127
10.7816
56.5431
32.301
139.218
23.9639
30.3857
65.0329
155.57
41.6118
26.3585
24.3949
294.54
25.9081
104.146
126.459
69.5985
56.939
1885.52
146.713
20.3719
138.66
64.3749
199.166
134.45
132.414
18.1005
493.469
34.3238
25.9946
71.0145
518.437
1538.43
33.3018
35.3992
147.637
913.288
70.5832
19.6283
12.7816
973.282
1130.2
132.554
218.896
63.4933
197.803
136.58
64.3888
55.7893
90.9945
32.5406
158.819
10.2134
52.102
32.7709
129.064
165.261
35.8594
150.962
133.053
758.089
2327.54
70.6566
2166.82
83.0868
902.395
108.205
4343.59
10792.1
1122.19
1809.78
4593.37
1538.48
17.051
796.888
1327.44
3498.78
779.498
7471.74
96.7621
1579.12
93.2472
4240.07
1977.92
4917.7
566.096
2308.12
37.0505
52.945
97.8109
113.834
1999.16
1132.51
118.528
4106.48
109.814
526.091
78.6659
731.297
1850.61
2263.71
108.585
4782.99
89.7169
2420.24
119.977
111.983
1165.6
1233.29
133.852
2141.32
30.7278
2071.08
707.617
6094.59
62.4714
2834.56
2232.81
2093.06
1191.89
3145.62
7012.97
120.615
1853.91
51.1619
109.26
2315.91
942.635
151.786
1231.34
4231.08
2863.05
1545.06
299.363
1391.99
1295.05
1331.96
1105.71
68.3177
2911.88
88.6949
1390.47
117.473
715.735
118.861
4097.66
2470.04
1709.19
1755.46
1461.26
240.955
98.516
1020.99
1475.88
144.676
767.856
176.448
3431.91
1111.71
2340.12
138.36
21.4659
810.596
775.569
1102.71
179.238
19.0934
169.886
37.4126
21.9814
52.2402
21.3762
786.485
184.189
174.418
1483.91
62.4442
40.2311
50.9176
85.0534
43.3419
146.303
68.8173
1027.04
21.981
36.6892
1634.11
787.958
44.5393
132.808
74.0881
159.923
69.9842
135.904
31.4512
74.4221
138.49
35.5273
22.8161
1528.2
172.807
144.797
104.972
115.301
166.498
1458.48
107.662
143.219
40.2842
105.452
2459.38
14.7995
222.55
176.824
524.379
195.691
62.8927
1363.31
1517.14
35.6633
25.6808
161.386
175.371
780.951
32.6816
24.192
45.0936
21.4549
22.2392
35.7528
29.6108
155.157
182.315
133.817
285.897
30.2924
27.3735
1513.09
55.1222
39.9071
144.421
18.1379
180.398
41.6864
141.135
138.4
132.07
159.251
1313.8
175.777
940.683
185.991
22.5886
1694.11
107.086
1594.25
56.4162
29.1682
136.873
25.5872
226.409
2732.08
119.218
3.22269
18.5549
3.56281
135.311
3.54307
19.0064
587.953
3.27116
99.8098
3.20646
164.942
118.533
273.435
90.694
2.92536
125.579
101.391
170.835
3.03646
18.9268
70.3265
3.72861
4.00064
152.401
25.0235
3.78554
4.1604
112.887
86.6303
138.495
4.97917
3.30672
3.02861
125.796
306.987
3.31307
51.6886
114.066
3.11273
3.3176
1013.07
53.8474
2.87924
147.364
166.061
70.6175
4.19009
113.001
2.69508
3.13696
68.9406
87.5821
115.58
108.565
23.6171
3.75335
40.7374
3.00198
3.68113
4.07219
3.17701
23.4922
34.4482
3.63215
2.86784
93.844
1318.01
3.00884
121.584
131.551
1391.16
34.7739
885.574
3.12495
1085.48
131.447
3.36368
3.2685
102.563
91.8401
121.988
1605.15
196.121
67.8884
1.9424
29.464
95.8919
1076.94
3.66595
153.465
71.7541
3.2294
104.092
2.09772
79.7631
30.4546
128.612
44.4921
28.8858
98.7377
5490.74
52.7347
79.865
3.94086
89.9047
17.5831
2210.48
95.0286
502.38
1206.51
2427.18
71.2823
23.019
40.8636
35.2017
95.5792
30.1946
40.1254
158.401
51.6177
521.333
175.311
40.897
2369.44
1715.86
26.9616
1987.98
34.5118
203.304
27.635
802.12
35.9385
1089.52
1223.21
1315.22
85.5668
73.5853
35.4952
50.2512
450.116
5269.85
4005.12
115.23
61.9624
62.403
35.3536
79.5744
68.3705
30.7535
45.1366
101.698
1857.22
113.298
60.1684
6509.94
369.349
5923.63
552.791
191.922
1783.97
90.7919
1045.72
531.994
117.554
1077.11
160.739
69.7248
35.6649
31.6857
58.4121
23.498
198.519
35.0421
26.9893
65.2838
46.1691
695.895
427.559
33.815
110.2
29.7949
933.54
122.044
29.6861
4862.22
3017.31
5213.63
74.1686
2142.42
3370.28
43.9063
113.574
84.1747
479.77
43.4281
31.131
15.6129
2.95898
145.879
3.77041
3.35086
3.29776
3.28554
105.687
3.09536
155.419
114.989
134.826
178.377
3.69195
3.39318
3.23061
3.09427
175.038
144.181
118.391
134.298
133.542
3.12668
3.43637
68.4403
69.9637
151.393
102.064
3.60271
186.262
131.389
3.90045
4.04328
125.667
94.2771
3.30802
3.38546
101.432
162.152
153.119
111.023
106.021
123.935
171.731
4.1002
128.702
155.634
187.927
4.02622
152.613
162.744
136.611
132.421
163.871
3.24243
116.802
3.55217
119.433
3.70261
90.3523
148.794
3.45186
99.8531
4.52458
92.3067
83.6659
165.791
3.76554
118.811
3.29312
122.807
96.8251
4.34687
132.449
136.274
13.3536
178.431
3.34411
120.249
3.66171
3.80171
3.3077
122.727
3.23437
3.67166
3.76167
184.341
3.73992
155.432
23.6253
104.485
3.78053
94.9026
3.50402
2.97643
3.21903
3.38232
3.24755
169.906
142.136
113.81
3.07007
186.153
100.089
2.662
117.664
1406.24
236.768
2.31568
2.97802
3.0263
2619.85
1928.36
283.16
77.0942
3.17754
503.497
2.89624
2.93858
112.793
55.7368
202.911
1594.34
2.75695
3.00486
41.0388
2.93093
1321.25
164.14
157.581
2.62423
132.219
29.7121
2.81208
3.23833
1536.56
2.6857
2.78636
2.84505
113.682
14.1585
3.30415
3.32944
437.5
637.859
114.464
163.411
26.2643
1409.15
142.707
127.4
166.893
188.153
15.7266
2.94298
1068.49
76.827
100.838
16.2693
349.662
163.55
207.196
15.7416
257.29
3.11772
2.68026
13.3177
39.6727
111.798
1995.09
2.53817
3.08041
190.529
2.92164
17.0051
129.739
2.52801
135.689
2.77569
13.6839
3.19253
195.871
92.1556
5713.21
2.67768
33.6977
171.154
130.583
52.9195
1123.24
123.88
3253.63
2.97196
2.54518
3.25618
217.366
4545.46
3.05438
2.70993
178.305
2.64122
141.272
49.9813
120.724
4.74871
53.3531
112.674
174.857
132.747
57.9422
107.181
5.67067
116.186
2.94968
3.10196
119.648
848.84
145.47
141.011
3.26057
145.91
3.02221
249.393
3.14546
125.715
117.628
143.647
3.22597
4.71973
2.97655
141.13
4.95249
118.965
3.42735
4.98517
20.1021
5.07111
25.2338
2.52034
85.7222
51.5977
3.56328
3.52784
4.39581
172.9
5.1673
144.124
130.872
159.166
3.26748
98.3002
3.12626
174.063
140.391
3.52589
130.641
3.202
3.29198
201.441
70.1845
86.6341
2.94573
12.0107
173.57
3.18502
124.931
125.338
4.44578
2.88471
2.99078
15.5278
2.92486
4.85034
5.95524
199.158
95.7921
2.96336
114.626
2.9193
117.232
179.513
3.69173
169.62
3.18398
3.29121
143.524
286.552
4.29382
5.35257
113.383
114.716
133.128
143.368
3.11223
2.93945
172.459
2.88333
219.249
1716.79
131.674
164.243
16.788
19.3472
25.1854
87.0909
136.678
117.987
24.0072
187.315
33.0005
26.7803
41.9716
251.281
19.6472
20.9109
83.3063
3.22045
3.78291
173.69
45.9782
4.49693
35.4999
21.1374
3.58668
170.724
17.1923
17.3923
19.2834
32.8604
15.4499
18.3367
17.2307
115.188
148.817
3.90786
41.5595
43.8466
16.5693
148.638
15.7403
31.8545
40.9799
121.028
115.464
113.629
132.689
41.3699
35.7896
32.1529
63.9771
15.5058
3.53358
200.412
107.724
20.2301
95.7759
3.72136
25.2453
104.319
3.59963
548.004
99.0542
279.845
100.312
124.353
28.9939
3.27623
2.82781
59.558
81.2174
37.473
19.2822
44.1349
3.9818
117.87
20.0596
18.1444
91.284
76.1604
140.142
27.8058
76.8546
66.6889
44.0362
19.0879
50.1313
143.668
19.1383
21.1848
48.2692
15.2912
16.2524
121.073
1048.26
24.7828
26.7323
13.3029
33.3494
58.4554
132.638
147.568
86.9282
4.60306
3.51467
4.21232
4.2512
4.05504
3.35855
3.80705
4.30672
4.63782
41.3332
3.23167
13.2646
4.60211
3.97179
122.811
4.35431
4.34542
3.18383
3.51781
4.68402
32.0045
5.11725
4.39752
85.7028
4.49631
20.2686
5.16447
251.77
3.9122
62.0183
4.37295
4.89233
25.0464
169.268
4.3735
3.79787
3.8163
3.64401
4.18709
136.38
393.669
80.5268
3.64956
27.0675
163.968
1004.66
173.956
3.15721
4.85949
3.81399
4.29591
4.77587
5.03861
183.932
4.67254
40.6224
1373.33
141.439
3.2125
3.42785
165.526
4.48551
3.65742
4.54707
28.5215
182.153
4.56758
3.85213
3.15284
4.6017
16.2093
112.924
4.36763
123.754
4.24755
3.50887
5.39636
91.5925
4.66646
4.6917
85.0587
4.68746
110.031
34.5196
156.324
3.76042
16.9969
4.22262
4.71021
3.85699
265.319
4.66579
3.65938
133.023
4.59377
3.35477
162.836
4.55827
3.97851
58.7569
158.926
473.187
49.0916
64.6956
794.813
288.201
87.5666
87.3496
1487.14
415.187
59.953
75.6342
119.126
59.9076
38.1903
88.0698
29.7597
585.876
689.038
4.08691
20.7296
3.38807
79.5214
139.651
104.75
94.8945
4.36299
62.3022
50.425
88.6827
90.9159
68.3621
87.6935
16.5418
46.8014
77.5253
976.897
41.9923
63.5568
71.8916
3.40383
94.2367
37.2919
17.5242
511.858
133.611
62.8421
83.8552
111.871
3.56998
36.9761
86.9095
53.619
135.699
85.7109
21.3292
35.2121
78.5925
16.2443
556.768
30.6314
74.1366
117.353
77.6515
86.5104
21.9232
29.1633
3.63119
57.1917
55.6239
133.857
135.253
603.735
561.25
1057.4
56.9078
381.745
112.168
90.9597
141.73
125.382
51.2316
74.0513
82.456
466.498
24.298
103.539
103.162
103.227
253.308
83.5853
92.2584
20.1823
20.1283
966.744
13.0856
120.626
28.815
104.059
150.686
1166.68
127.727
33.5554
2722.27
47.4143
358.439
33.8905
76.0557
82.9289
55.7668
28.7852
14.3155
28.1272
50.7477
2.06041
19.9258
30.5197
25.728
16.5118
20.2856
54.6733
22.2729
59.2572
26.9515
256.274
657.522
96.6662
64.1686
471.556
35.1179
18.0496
5183.3
61.0022
87.0286
63.7168
55.8523
68.5113
34.2762
104.446
51.6553
440.397
546.818
1026.94
74.9052
1877.51
86.1186
4563.09
29.5163
649.917
42.3826
67.5808
60.844
74.1708
994.9
22.5262
2.11668
51.4222
20.549
64.7792
93.9737
64.474
34.7426
204.581
3076.35
59.4401
31.9193
71.3028
34.3294
66.568
93.5267
39.21
998.565
56.1775
68.1227
18.7169
41.2637
228.035
1446.25
79.0358
98.1356
276.69
111.882
144.049
74.1493
80.132
15.0448
1472.69
40.8965
19.1127
151.171
130.423
26.6819
105.139
2.44353
72.6306
21.007
30.5437
84.0505
53.7805
113.065
3.66366
4.50134
3.53228
4.25187
84.4448
3.74227
3.35866
102.138
3.72383
103.399
91.5991
33.6697
4.38192
93.9378
3.96512
99.4474
3.48434
3.91977
4.5073
407.796
134.27
3.97803
3.45432
3.98727
113.272
130.882
4.74929
32.6443
111.917
4.43861
189.448
4.78033
3.82226
134.548
122.945
4.27128
95.7832
253.946
3.86027
4.54722
91.6523
136.292
162.73
4.94353
3.17
3.70483
106.032
4.36157
3.9852
3.88907
4.84472
3.8666
3.43339
157.807
145.208
186.286
3.71908
3.30498
23.6121
74.3276
114.323
122.223
114.801
3.40788
3.58808
3.53045
3.98199
122.754
3.95254
160.711
22.7569
3.64587
4.15104
3.45125
4.28793
21.3154
3.65068
90.2996
248.888
121.809
3.05721
3.97783
26.7952
4.16317
4.82418
119.077
117.066
189.472
130.838
164.765
131.414
141.953
26.0313
4.09083
4.19168
74.0043
1118.79
127.045
81.5867
51.6079
3.61098
3.76069
3.23052
105.199
90.2361
3.19114
132.455
44.7667
358.782
13.6524
61.2016
74.681
3.26489
113.07
3.49866
93.4259
79.4868
109.136
93.532
612.835
109.66
3.99041
86.2643
657.496
3.31949
112.6
80.2215
3.51586
99.6353
75.5106
882.806
118.954
66.0463
3116.3
3.01909
2.6785
3.24372
3.71874
100.201
2.92817
1061.36
123.617
79.8105
3.52421
3.04479
1402.85
190.191
96.6935
84.8563
2.90704
99.0259
3.57283
537.352
26.7536
79.9166
81.0378
3.06483
156.949
1009.22
3.38884
111.192
111.818
117.614
3.4851
1062.01
895.745
19.7031
98.5396
3.89177
114.714
67.9515
2.91115
3.54947
3.39511
3.12132
3.23947
106.499
98.9523
3.71522
104.829
1494.09
1061.07
49.0042
3.77778
3.20337
2.93393
137.767
114.539
24.841
133.548
3.66204
70.462
90.1836
116.652
41.6469
79.8325
120.708
598.769
2.84178
207.949
128.595
44.7206
45.0849
61.5211
31.8424
25.1035
41.5961
123.525
125.519
30.1562
143.035
141.742
83.7608
17.0683
114.227
779.973
15.0884
1468.26
13.6308
117.234
42.7311
15.0393
8.91456
21.844
149.605
693.073
235.088
196.184
21.9104
104.168
48.0725
149.682
12.9728
140.359
31.565
66.7556
11.4349
8.85453
112.082
382.758
1569.69
116.588
23.5345
133.767
1487.46
16.9768
60.7297
103.828
47.6009
171.081
26.0787
95.3313
9.95194
136.921
38.9822
67.1009
94.3612
46.5017
29.2286
132.245
72.0822
102.995
66.7223
122.885
151.006
82.4849
43.9148
28.7511
109.104
988.669
1788.91
22.0785
35.8697
1260.43
126.396
49.8188
99.0108
157.937
114.415
104.021
48.1488
21.9054
9.23749
23.6132
23.654
26.0505
47.0821
16.6183
84.6807
102.971
55.4963
42.5079
9.25616
21.4555
13.6763
9.56448
8.40572
29.9449
108.512
94.4895
106.899
20.3048
30.3798
153.638
3.24427
29.1173
133.162
63.426
11.9726
37.4696
22.9518
104.093
39.5083
107.699
112.076
38.7356
118.51
3.28232
26.3875
78.6768
75.8213
122.339
1598.29
108.742
40.8013
47.975
106.746
20.6205
83.4929
274.702
26.0561
31.9729
40.9439
17.5778
15.0086
115.161
14.7043
38.9656
21.9552
120.322
52.3721
59.9508
47.5814
103.569
150.316
114.131
91.5289
112.388
3.26129
106.283
362.077
91.1539
18.4645
139.05
36.7276
124.462
27.4538
13.8682
46.04
23.8773
93.381
116.353
219.305
80.6486
25.6065
15.487
33.5716
33.0971
19.5883
27.5086
131.791
12.4834
15.8261
100.883
81.3961
82.211
22.0799
64.3124
48.7517
114.133
126.369
18.8834
112.768
127.403
24.4276
26.7512
52.3215
39.1603
37.4827
137.696
54.9383
81.4113
49.8486
82.102
3.12103
119.613
138.803
112.009
40.4016
2433.64
5542.7
10985.8
55.6498
18.3007
18.0646
5225.81
25.2343
84.5774
104.702
15.5235
122.481
1203.14
2281.97
65.0184
24.381
13212.1
125.215
6841.97
6913.61
7561.68
7161.71
4.78929
52.7235
157.143
3336.13
1597.94
20.3093
45.0452
53.0632
105.546
969.456
150.389
54.9605
88.1148
1033.95
16.3856
70.6122
119.56
3499.96
114.122
2057.58
53.44
49.2655
116.755
80.8185
3464.04
2453.58
3.65503
2224.84
402.269
33.0729
39.2245
782.499
771.489
1713.22
9431.78
453.815
37.1602
1017.86
253.316
1652.7
18.3945
2936.02
114.675
7713.42
110.39
22.3854
799.37
42.5151
2628.86
2983.56
11110.4
4624.76
1365.88
80.6665
782.764
300.838
28.5914
52.5904
113.548
70.194
132.283
899.052
8531.71
7088.28
7235.85
89.0741
26.5826
40.6372
13.543
190.614
6608.45
1005.88
22.8906
46.3989
2730.42
56.5468
103.184
15.5866
129.145
325.745
82.775
141.031
43.7187
58.5722
111.077
99.6346
3.21738
126.11
27.4973
28.3869
274.054
31.1157
43.3339
40.618
36.3455
103.378
99.5198
29.776
394.85
143.11
672.884
1447.97
26.0428
40.0757
148.769
32.0014
27.542
883.04
68.3602
1728.03
1007.99
402.049
80.9189
2.95467
69.581
3.53453
95.862
73.4459
43.9858
29.3644
27.3276
36.0253
33.7835
48.3855
1276.14
19.0116
679.256
265.343
19.6995
184.636
108.754
483.032
57.1699
47.6996
1279.41
30.0725
1035.18
968.962
97.0639
1061.83
41.0157
39.9892
25.8052
99.3056
178.237
44.4602
72.8258
49.8547
137.58
20.7109
139.85
24.2163
674.783
618.975
122.711
35.5171
200.963
76.0991
25.9839
31.6284
32.8744
38.8202
104.229
31.9361
73.7509
204.457
45.3238
35.3683
155.7
22.9837
140.968
26.2682
27.4885
73.3767
750.593
117.743
135.69
21.0823
110.395
3.08873
3.49935
17.0631
25.0693
86.6791
12.5404
14.1979
2.99227
10.1812
1114.59
18.5813
3.57226
2.95326
57.8803
128.034
532.246
18.0076
99.8735
13.7796
106.748
52.6788
2.97515
2.78517
3.39328
3.17311
3.31363
85.1649
3.29965
3.92518
3.16583
3.22501
3.13744
11.1168
14.1796
3.33211
77.3546
2.937
2.8369
27.0757
70.0738
92.7222
3.04281
128.407
70.1235
3.35101
3.72233
12.0516
114.671
3.14887
3.11693
25.6128
137.692
70.7817
4.20479
16.3658
3.02103
81.6587
107.161
10.3348
1451.36
2.85162
72.9261
102.442
67.3781
11.6667
123.198
4.2056
83.3327
80.504
2.79991
86.326
4.49871
17.8403
82.625
72.1412
109.462
3.01391
11.6711
3.03326
3.01938
2.90979
170.15
3.2128
14.4365
94.353
2.73226
13.7818
2.96516
21.1891
58.6933
3.05836
3.10527
11.7663
3.1557
118.812
479.218
143.485
15.7134
3.30809
35.178
38.6147
95.1549
798.675
181.972
1633.92
633.59
85.4442
3.53981
678.291
185.477
628.237
100.373
132.212
3.66554
136.857
3.481
747.807
38.0058
46.5944
981.626
1305.54
15.2508
14.9937
3.82376
123.503
112.388
54.8848
149.919
88.3955
3.53127
115.279
159.814
26.3389
43.865
739.731
745.778
107.68
98.1546
25.4315
390.96
27.7583
35.2305
3.58523
134.595
3.3566
160.406
157.362
147.204
96.8779
50.8654
116.019
3.30026
167.796
120.099
111.158
118.023
957.616
89.4161
33.7192
137.057
417.421
3.61163
82.6989
862.793
714.149
993.191
53.359
70.8457
107.268
3.657
4.19553
49.0154
62.2124
711.123
44.9497
1225.43
149.354
118.865
3.38846
164.173
97.4105
845.167
3.98815
51.7473
1798.67
91.6727
103.271
121.624
103.541
42.5261
449.279
109.801
108.151
85.7979
1025.18
73.2462
3.61177
5431.7
557.653
109.795
23.9555
114.211
1033.07
52.6827
88.3628
29.741
105.026
30.7417
1187.68
125.394
30.7862
105.965
122.493
93.6518
37.1249
94.2235
61.7481
59.0682
107.224
885.884
53.0894
36.3844
147.869
90.0198
699.993
55.4667
38.3182
136.778
106.456
2.97303
64.5954
39.2546
126.076
1043.22
141.215
152.868
34.6733
91.6841
39.9055
123.059
38.0974
32.951
186.78
76.4184
41.8808
96.7307
17.8902
124.894
110.887
101.443
496.963
15.1348
60.2388
28.057
22.5444
69.4342
166.766
82.9809
1017.95
122.017
108.768
178.203
77.1667
22.4738
42.8804
75.3554
22.8658
122.411
47.4648
80.313
31.3267
37.8297
86.9728
23.8574
264.974
61.5702
790.755
26.3254
18.0118
55.7934
48.1693
102.68
110.266
77.8388
109.205
88.7955
120.207
51.3606
184.363
168.988
137.227
2008.88
32.111
31.0487
112.272
38.0829
34.6586
378.433
86.623
97.3013
104.626
59.6749
80.4247
34.205
1074.08
103.187
3.52026
83.528
37.9492
211.391
1709.08
85.526
949.55
19.5904
86.1412
144.454
99.0149
679.863
131.305
80.7371
121.563
15.8566
75.9097
112.606
4.74552
3.05096
3.20546
22.9635
19.5222
89.8593
15.9057
3.19024
21.6879
3.03983
464.042
3.03494
75.7285
2.61058
130.112
3.08806
153.841
117.401
4.19521
23.9647
85.6481
130.75
131.817
103.412
49.2822
36.4266
3.34674
19.5876
99.0687
608.703
90.4866
3.17873
3.70567
2.90803
67.8636
5.05898
94.4107
1048.9
2.89264
87.1897
16.3773
116.234
917.839
45.7009
18.7305
78.5692
76.0016
3.25532
86.4333
64.7144
22.3055
136.523
3.09988
3.77883
3.50779
622.237
3.59276
17.1341
84.805
3.18806
4.4658
900.694
63.1458
108.867
37.0861
3.49799
61.0674
88.459
112.454
3.10322
727.498
106.296
84.2364
173.915
101.669
121.908
186.7
84.4485
160.467
135.7
162.651
163.639
135.641
121.014
129.841
112.074
139.713
136.313
132.346
134.548
103.071
133.965
128.762
183.022
112.083
88.8888
110.721
116.622
108.679
117.837
82.7187
163.861
162.375
127.207
87.7809
110.589
116.159
91.1413
119.403
238.281
111.698
216.629
156.76
103.301
133.435
90.2239
154.567
136.893
220.178
195.894
115.051
92.9356
130.779
114.53
575.813
841.714
160.98
106.468
149.376
146.228
48.3157
131.258
90.674
126.756
144.491
136.838
50.1864
90.2599
108.438
105.815
178.527
123.712
530.229
117.705
121.351
171.394
127.848
109.523
156.353
141.584
218.791
118.254
145.024
91.5935
128.554
124.559
158.221
187.613
130.821
130.625
218.626
247.656
89.593
99.6442
96.5972
131.249
135.205
105.242
95.9748
103.323
124.724
147.471
144.464
111.835
116.869
18.5951
1904.31
94.9396
111.712
17.6729
41.4704
42.7162
815.692
21.7151
36.7919
133.018
78.1375
459.215
3.43571
651
142.163
27.4224
80.0913
36.4866
29.5291
33.7725
78.2655
27.7427
24.5831
187.381
86.3117
730.828
767.807
28.9282
25.9325
125.094
33.7061
20.2922
790.559
46.6454
30.5693
46.7794
31.2349
57.7632
778.945
83.2691
59.2208
37.8589
37.4616
141.522
118.047
37.9691
29.4269
47.0887
32.3361
151.348
26.3191
30.0544
157.306
33.3536
156.265
39.4858
38.8472
32.4521
28.6765
31.5617
103.023
46.6362
68.2482
25.4837
77.7546
951.234
121.655
43.5788
10839.2
85.1833
88.8983
29.2084
26.7047
88.5195
151.709
25.3142
34.7817
33.5018
119.974
53.8543
41.8987
35.0585
152.496
1151.31
27.9116
692.204
67.359
169.461
44.7067
809.784
115.258
29.1103
34.4183
120.028
162.198
127.926
46.8762
101.401
1091.74
30.4855
78.6054
9.94899
47.0853
30.1295
99.8872
55.3555
19.0783
35.3831
34.6189
30.7703
47.3776
72.6038
40.9625
1.58607
51.2095
37.4504
36.1025
37.0065
31.7179
22.0991
1.49891
70.7334
65.5819
33.5409
46.5937
76.8225
44.8
36.4878
36.2973
34.399
13.2501
35.7872
883.38
194.7
14.9846
20.3988
46.81
1.3801
100.542
95.066
37.5583
27.1271
69.4242
45.5263
24.3544
1.4241
44.5365
34.4803
65.0432
1.67346
1.29215
45.4557
1.3117
13.2364
27.2947
51.2592
45.6041
59.5937
59.8676
15.5194
1.32452
53.0911
9.89226
45.285
11.2407
39.3785
25.5103
24.2861
166.802
1.21885
31.8269
1.59943
256.3
41.4728
36.6157
57.9849
28.8487
48.8553
56.5499
16.6163
10.3965
1189.32
17.7114
36.5493
49.9793
37.3408
59.8775
31.4632
385.585
48.0225
10.0953
17.0395
13.5964
461.329
8.6999
35.7668
36.4619
148.391
38.2089
73.8767
49.1436
2.18089
1066.46
174.052
123.293
2.08828
2.36198
2.34384
2.43912
1.88428
127.741
2.57853
2.9842
125.82
100.253
116.391
64.8694
60.4285
2.14405
85.1541
80.972
2.37911
2.25359
1106.25
110.882
2.50306
2.13073
2.14557
1485.81
97.9488
2.45609
95.0928
130.512
2.92304
2.40423
85.6585
2.0354
1.99533
2.44898
2.52324
2.64468
2.25235
107.731
99.0705
1.95016
1.97966
2.28192
2.38141
76.2875
97.0502
2.53523
100.44
2.51889
110.085
90.2532
104.396
59.5773
15.8335
97.1236
86.9069
2.30529
1.93236
172.297
2.57966
30.9662
68.3975
128.798
86.5152
2.25276
134.475
96.223
2.30761
77.8412
2.43444
130.52
115.823
171.919
88.6582
2.35913
91.2163
2.20263
87.3318
106.149
88.5203
68.6016
15.9564
104.662
65.8193
2.29928
1.9183
3.17426
2.12272
64.7321
59.7014
2.1077
2.30112
69.451
109.832
77.0026
99.9861
71.6651
2110.82
64.245
93.1171
2.55723
1869.81
100.358
17.3404
98.9519
2.06951
1.59258
172.413
19.6526
38.6024
25.1042
1.55406
111.338
22.1284
77.2458
51.6568
73.3946
1.64724
8.25279
93.4685
29.4074
14.5754
1.84299
88.3305
69.1336
18.6295
2.30935
43.659
94.3264
81.0959
79.4434
96.306
32.1653
116.911
1.96537
102.553
2.27054
73.0164
102.215
54.7822
34.4751
305.115
28.2824
531.622
108.618
1.96924
26.3915
2.21895
15.7119
40.724
18.8857
76.9862
90.1305
54.2119
77.9449
14.1604
70.2345
71.8852
66.8397
98.5664
391.163
42.1601
2.60427
72.4641
121.847
18.8936
92.9705
68.4372
122.341
92.8575
75.9245
1.89637
12.4723
61.6268
105.849
50.5052
2.21226
72.6073
96.9194
90.3502
75.2313
100.686
13.409
76.6712
53.123
129.26
88.639
90.9642
78.0834
111.932
1.95481
133.216
90.0452
64.0668
89.7329
76.1232
66.8479
35.5017
97.6151
22.8022
81.0013
28.6797
28.2768
97.2711
88.1974
14.4113
43.4795
74.2122
77.7917
19.281
82.9084
109.91
70.2201
62.6579
88.1215
92.1495
2.59029
16.7729
16.8552
51.1536
552.64
508.239
73.0845
527.781
82.8984
2664.62
9.21878
71.2315
40.4015
98.6896
11.2885
71.9989
23.6129
3750.35
41.8431
98.9633
74.4647
736.817
31.661
10.0702
33.4215
29.9922
124.336
75.801
102.944
24.0747
946.996
2.58462
80.1359
70.197
707.608
59.2627
41.7352
3385.16
2358.16
80.3959
84.3441
558.938
31.4214
60.9388
66.4486
18.9125
13.8647
37.9967
324.754
147.63
52.2812
102.152
727.829
84.2807
34.4243
97.1557
15.523
27.2132
1.36913
60.1408
12.3207
81.246
11.5659
688.674
65.6669
43.7848
21.9015
77.2254
14.7777
38.3646
90.7631
65.7897
48.6096
86.3013
12.7636
85.9903
87.951
80.0749
63.4862
642.985
37.3895
311.292
89.7369
24.6115
2713.74
64.9496
1247.14
86.9216
92.6716
1771.85
3500.09
119.056
33.8484
21.1577
34.6299
23.6278
30.3138
2.10108
24.3295
23.9454
281.327
69.2322
13.1304
2925.02
12.9798
36.2138
1166.42
354.313
84.0107
15.2584
16.7538
4466.68
928.923
38.5043
72.3871
1161.1
27.4078
28.528
23.6169
5933.91
12.7931
28.046
56.1843
74.7672
1302.9
30.4961
4345.92
37.2288
76.4648
18.0128
37.9066
80.6635
23.6279
15.8097
857.903
29.2936
68.2758
82.5771
38.8101
3933.97
2.23745
25.3334
99.7865
11.6841
89.1996
11.9697
25.3863
18.6057
1384.88
19.5509
715.883
71.5834
44.9287
37.4037
75.5625
53.7109
19.2355
99.3645
16.6265
622.994
80.6681
30.3082
1.69395
92.7642
488.788
54.2943
35.7839
26.9479
508.788
5035.58
38.0725
79.8996
13.1971
2.49075
24.8095
68.4147
66.7658
1157.18
83.6616
40.5993
32.0539
37.0318
2725.45
42.8412
37.9485
581.162
19.5391
602.43
6295.17
2739.59
76.7661
77.9182
29.2738
6703.26
1125.56
27.6508
80.4364
30.111
30.2716
1587.16
80.1808
68.7351
1984.3
63.4745
28.7681
4736.47
3064.73
4710.07
53.6414
5854.36
65.3089
111.973
34.2459
3223.24
3922.89
2.50609
90.4697
52.2552
24.4185
2083.67
10569.8
1134.82
4598.76
35.1344
31.5044
31.6469
3129.29
2062.3
93.6894
44.247
5912.46
4288.04
2800.85
27.4435
40.3803
65.8644
2652.83
21.1043
5362.58
5625.08
33.3764
687.15
1706.71
25.8735
79.794
337.477
45.8319
11.2055
6153.94
10.9042
40.5724
4560.32
1685.84
10.2521
980.354
1222.63
55.1024
46.0275
516.428
825.439
102.343
4233.57
102.211
2722.57
4492.42
171.413
76.6099
80.2494
790.939
23.207
56.9758
162.364
10.5295
3222.85
269.969
25.6718
26.5694
23.2098
75.5834
79.1291
58.8035
41.771
509.868
46.3655
23.9106
17.056
91.4364
22.8646
35.5337
110.318
1274.44
657.633
72.5329
121.801
21.153
35.2905
46.24
2.57665
28.383
86.876
16.2354
548.124
45.0498
80.4366
42.7532
97.8964
58.1787
103.73
23.9703
14.7679
135.324
46.3811
106.148
35.2578
192.36
15.9738
22.2353
59.8668
30.4182
70.0786
16.3403
27.9837
23.7185
66.1478
29.4441
47.1339
13.4233
95.5808
39.8871
2.22344
20.5713
2.14666
28.3958
17.6299
17.0119
2.20652
2.40683
2.24323
73.0291
112.747
62.8703
282.223
253.884
117.002
2.62775
34.6274
12.3385
44.4105
31.9964
2.40334
27.9471
2.09669
35.8231
42.4434
86.3491
24.9768
10.9545
30.6786
49.8272
23.3754
25.4811
12.811
37.0764
15.9393
267.284
32.5416
156.159
54.583
1107.31
113.851
47.5283
143.659
34.3007
40.4298
81.7991
28.9095
358.177
103.548
348.328
2.27133
86.7529
26.6857
1.61557
10.1747
2.12078
2.27816
1.57784
1.83751
151.869
11.8116
1.9836
1.78103
101.934
2.63949
9.83218
2.04654
1.74897
44.0216
99.5358
76.784
17.1397
2.02517
1.47391
40.0009
12.2206
2.53785
2.06189
1.75224
2.51039
2.22587
22.0212
2.19934
1.69957
9.80669
58.1875
10.8892
20.3539
41.9803
1.60172
17.2191
1.64275
1.99697
12.6564
93.6805
16.6053
2.00729
17.0034
1.61911
114.002
663.723
2.3482
35.5871
15.6278
81.3272
1.72782
99.6222
2.40593
2.04888
2.22022
69.6175
113.402
11.8456
2.40851
99.5347
1.8446
2.25792
2.12168
165.674
2.1852
2.10466
20.5709
2.15264
44.4551
1.57318
18.4039
2.25474
62.8753
1.9393
2.05264
31.0846
16.62
2.25568
17.2188
1.43312
2.36178
1.67505
1.80984
10.6118
2.76339
130.326
1.92373
1.83498
18.2799
65.1923
1.88285
8.30626
16.9893
668.991
1.70526
20.8935
101.977
90.9776
59.7866
11.541
15.8565
25.6058
18.3822
82.7656
38.7371
14.4262
108.14
41.0276
39.9177
2.33953
1.83394
13.1813
13.2138
133.802
113.383
1.86991
99.5241
79.3251
32.0978
91.7032
2.09868
2.1851
30.8703
98.8769
2.23316
1.96449
2.39185
79.6616
116.64
109.15
44.9253
541.098
69.2546
2.06419
49.738
73.737
74.4478
13.391
127.448
31.9197
533.442
341.121
113.935
6943.03
37.1193
89.8618
2.24899
40.8484
15.3789
96.0708
71.7193
122.149
91.2485
2.33302
96.6068
105.965
89.2175
2.33902
122.951
128.032
43.4885
1.99062
2.23386
1748.11
96.0357
87.3387
18.6257
23.8215
2.23659
30.4019
139.571
1.80278
66.3064
96.5901
104.942
2.33505
75.4064
15.6649
2.62785
67.6794
100.554
2.743
86.6441
2.10522
30.6684
27.9626
90.117
87.9726
17.216
37.3019
1.9797
2.47264
22.7394
93.8406
2.23343
183.018
842.08
524.83
51.4871
281.223
95.2825
33.7923
146.719
20.4246
1744.62
1370.22
22.2309
57.6048
137.542
810.995
555.528
50.2912
1146.18
834.102
178.723
119.366
64.2394
394.369
482.387
130.365
120.311
18.8867
940.143
48.5567
105.336
596.273
142.302
92.3601
528.982
115.376
14.9081
77.0157
1082.96
29.2162
48.7145
38.9153
50.7937
122.109
764.052
1062.82
1.66412
81.0077
95.773
66.4982
956.398
22.1896
108.334
227.706
1188.51
118.657
654.762
130.258
112.981
52.8939
1162.76
120.783
126.675
84.7997
72.4148
109.867
42.1527
999.031
122.313
471.597
20.8087
153.159
837.816
717.071
81.6417
1465.16
123.886
624.106
216.401
48.0147
27.8279
103.717
68.4083
94.2045
38.0037
65.3416
705.585
1333.46
57.9166
110.003
96.3717
23.4647
33.4956
715.525
625.685
1321.56
928.166
805.869
902.187
85.4331
446.362
97.4147
799.079
18.0509
76.1524
2.03739
41.0833
102.552
20.2288
57.3233
80.9751
110.509
138.721
123.611
81.9663
109.745
44.1154
1.77093
89.518
18.2048
2.63438
33.5372
120.018
13.222
2.76565
21.2875
2.87331
116.384
1.61729
18.5612
157.707
27.2443
49.0965
10.0587
86.6117
144.793
1.65792
23.6421
91.8227
2.28301
74.7817
65.4289
109.075
82.1768
152.081
1.72131
2.26182
22.9662
79.8332
37.4148
31.8156
30.1994
1.93677
1.54293
2.10251
505.621
97.7332
65.895
1.70905
100.682
90.6889
23.647
2.35268
2.13471
84.0251
2.56013
74.5053
1.66074
23.6601
73.2883
79.5555
300.426
74.8412
10.1229
15.4083
63.739
119.518
1.86954
95.4002
124.588
11.8348
14.738
1.89274
2.42673
45.5477
1.72943
107.442
42.977
1503.54
60.0011
497.577
2.04796
69.8103
27.0884
259.945
2.3495
1.94265
36.0815
396.291
133.142
112.896
145.853
74.0852
103.598
171.888
189.735
76.8305
82.0998
120.7
146.223
91.2463
126.843
147.501
134.67
122.525
58.0575
115.991
197.439
161.478
539.639
89.49
83.503
774.865
93.3105
89.1222
130.215
96.4533
122.262
91.0397
105.286
91.59
609.524
157.347
95.1874
128.27
145.165
129.21
92.4775
95.6663
89.4351
164.314
104.136
98.944
102.694
83.8363
119.886
91.2281
84.4659
122.401
76.2149
81.4953
897.915
154.89
122.306
59.1218
66.1433
80.6234
273.883
95.3709
204.679
82.257
116.378
113.62
82.832
1496.27
104.481
75.9875
78.2486
53.8989
108.896
104.596
89.0791
90.252
60.1542
148.733
96.8471
107.512
135.447
144.715
106.301
99.9976
101.647
75.4974
157.253
90.3903
90.2298
169.012
113.569
93.9856
69.3809
133.457
74.4794
100.472
113.972
84.011
94.579
86.1951
100.286
89.3946
92.9065
72.3709
87.5778
24.942
168.262
1763.87
28.6558
10.8836
22.5594
28.3111
110.463
103.157
75.3038
153.469
33.8836
77.8249
75.32
30.3325
83.6638
28.3884
85.0928
31.3156
41.8263
62.0219
112.291
68.1196
31.0315
145.447
33.216
47.7277
18.5219
47.3693
20.1831
33.7834
29.0548
133.822
75.2122
38.5769
37.0227
590.763
42.5265
78.646
24.4236
662.275
37.7838
84.5911
73.3306
18.7205
85.4069
40.0893
14.2487
2.42165
21.1241
31.0299
2.23052
35.2455
134.606
44.3745
29.4567
1167.62
39.4495
22.0322
25.2126
85.418
96.2837
2.19786
96.1933
27.051
29.0039
28.7578
506.35
18.8221
126.16
30.9399
30.3675
12.4155
90.8975
17.0319
867.959
900.702
1826.83
775.273
29.7513
1549.96
230.624
24.3908
43.1508
31.8418
101.084
821.561
80.8042
90.7042
82.1411
23.9108
58.6656
23.7983
23.713
31.5624
809.217
15.5388
49.1705
46.0036
103.546
4.64414
32.7452
102.264
43.1908
112.2
104.479
184.46
91.5896
126.194
135.814
152.07
57.867
214.715
135.298
1072.85
551.497
79.5796
56.8951
5.03314
58.7044
113.759
788.283
751.808
94.4809
113.047
5.34734
117.791
116.639
26.7208
968.383
114.857
5.26312
18.9233
825.781
131.591
4.53709
157.762
105.734
4.67215
646.821
744.075
82.4869
85.8649
86.4995
124.013
112.964
143.46
206.64
131.629
5.41855
1223.51
495.952
5.52654
133.073
97.0722
111.245
50.102
4.7988
675.8
56.7336
63.7655
118.964
61.7568
147.981
145.548
100.43
115.886
43.9948
123.553
76.9427
113.787
105.33
149.456
165.781
115.714
203.292
97.7225
108.128
85.6813
86.029
5.62329
123.329
116.037
135.218
134.475
173.278
146.791
122.478
71.299
151.946
4.36948
5.37028
117.812
154.134
6.88483
707.503
4.87473
96.5237
21.4307
3.43024
946.638
96.0524
20.8501
56.8638
58.9986
100.251
83.7843
180.387
4.52764
91.4179
79.2757
90.4611
116.346
29.2229
98.0067
594.218
89.5332
71.9342
26.2555
105.43
3.60977
70.7678
4.13587
113.204
103.606
275.237
92.114
160.741
138.266
80.972
83.87
62.5555
114.475
114.05
22.2217
131.968
99.0349
66.8445
16.2787
75.5102
113.084
3.58908
36.5721
114.309
47.6049
85.736
115.432
867.41
1037.07
116.234
303.625
54.8169
132.269
3.73136
32.4701
2623.09
76.4991
40.1996
116.099
141.576
3.88805
23.7093
12.9698
140.259
16.6673
104.035
108.941
170.096
731.811
82.1564
21.1684
112.347
38.5307
46.6607
3.75888
2776.49
4.00399
97.5871
21.2914
17.5979
83.3902
4.06504
111.49
4.62624
21.3177
43.2079
1064.64
67.9597
28.5877
30.5983
72.0569
162.709
750.774
150.016
4.17946
153.324
153.747
571.538
561.645
3.15159
3.28514
3.50235
136.737
142.448
3.96629
3.15724
3.6183
3.85571
3.85436
3.72359
14.6706
3.63435
3.22087
167.235
156.393
3.59603
85.0141
3.45351
74.2542
3.47197
175.015
4.06549
107.861
115.379
58.3024
72.6387
3.10696
4.84398
3.67684
75.5272
115.888
3.77872
137.211
123.371
96.9639
3.53969
2.80125
71.8429
3.32942
2.84034
4.71261
3.10957
3.06445
3.68623
2.74054
14.9276
96.1765
3.29875
114.197
4.16016
4.29465
13.6088
158.069
3.28044
39.3443
3.2571
3.27339
3.30806
124.597
4.31591
163.5
3.68429
114.963
123.845
3.84796
3.02405
3.8395
3.71318
3.51303
3.21172
3.28996
10.4555
148.013
29.4705
183.388
3.01746
80.3709
3.37242
3.64321
2.97716
3.61376
528.825
4.00154
50.1338
99.4345
4.11917
72.6542
3.47513
138.271
4.21422
3.20174
3.31308
3.97328
3.22313
73.7065
91.8094
3.64481
3.35448
103.753
4.08028
4.62796
150.591
4.22407
124.787
29.4388
131.607
4.5281
26.1784
4.59372
4.53002
14.2932
133.309
23.0033
4.36744
4.33967
121.14
178.995
99.8836
4.44449
42.4444
19.0038
4.43511
3.92706
4.3291
27.6555
176.15
15.8663
4.29282
4.40088
4.52003
145.496
4.25338
77.4382
495.243
4.53532
84.5719
3.97036
3.84158
129.618
4.31357
20.9728
4.54714
4.43776
17.2562
4.63301
119.42
16.6513
19.674
4.41244
16.5099
3.60722
4.05549
4.60912
5.13154
4.39955
4.46507
114.998
3.98777
4.13973
4.19321
15.6636
4.71766
4.57087
89.7271
142.69
82.5535
3.62489
4.14121
133.628
18.726
244.58
203.11
19.0465
4.26844
157.22
203.247
117.264
76.6458
4.25299
4.62948
4.68339
3.98595
4.60357
3.9566
18.9909
21.6901
5.01227
4.28085
131.083
4.53574
19.0561
172.778
167.285
4.94799
136.367
19.5587
4.4066
4.78348
3.74749
153.459
128.948
5.05935
5.34972
21.185
5.42012
121.155
6.75878
1610.31
14.5119
180.96
4.56671
5.56104
5.22513
5.67897
5.09128
183.988
19.1063
13.5839
15.7596
4.89236
25.1731
139.872
4.62739
4.84225
164.798
199.706
18.786
118.768
4.91191
107.184
204.726
16.2843
162.961
4.99352
170.799
3.3659
107.101
4.64792
166.778
14.3329
5.12645
111.714
4.49713
4.3046
161.743
35.4749
4.8137
5.72413
5.30153
17.9708
4.52756
5.36067
4.82817
5.51299
118.855
178.599
5.4656
25.9124
168.572
17.3236
2342.78
140.014
192.32
4.61582
5.70427
5.77335
211.349
131.932
5.50812
5.65447
5.30093
158.431
6.40119
4.82842
209.893
19.5318
137.017
4.31798
2035.97
5.55359
5.88348
174.147
5.07023
5.6462
164.154
164.235
4.88116
95.2505
5.17982
5.41949
5.81528
1121.57
165.194
177.939
879.766
153.405
137.665
159.491
148.173
122.871
91.6775
126.962
86.4972
4.52928
60.4784
18.5887
144.186
3.96752
52.4491
29.5123
135.811
111.859
98.2106
97.0584
17.1824
3.661
20.2245
5.19583
165.191
21.961
71.7247
107.518
162.213
114.554
4.1761
163.157
18.1571
3.25975
38.9926
125.147
109.242
31.172
4.59262
24.6627
4.19078
108.164
2.84663
439.802
143.087
105.67
72.6375
86.7154
23.7853
46.2255
134.996
21.4157
169.887
3.02072
122.663
3.9405
4.49646
110.647
23.7075
128.894
139.539
147.91
10.3297
14.1844
403.236
114.056
1165.58
115.359
120.362
254.58
16.2458
116.791
3.23159
114.697
13.6525
151.688
18.836
42.7626
146.237
16.7795
102.702
138.354
3.81318
98.3684
117.977
3.93126
4.92206
3.45831
3.40385
4.89328
122.361
105.245
55.6264
89.3766
72.4772
79.3139
986.116
20.3231
109.711
125.88
22.4387
139.494
120.387
3.90727
129.595
122.944
103.74
4.62475
11.7102
3.42603
3.67858
3.81503
113.135
3.60552
4.71756
3.69691
108.111
3.27021
113.139
3.94572
3.93494
131.069
3.45743
4.54934
107.493
4.14984
3.44832
4.22405
85.7657
3.72425
19.8688
3.44293
3.9634
3.96583
123.226
99.791
4.40747
3.87066
4.08098
86.5749
78.7169
4.89097
4.52722
4.25291
54.5369
4.02291
3.64307
3.92527
3.38533
19.0945
3.97733
3.80227
13.4174
3.50297
152.358
3.74771
3.10154
3.83147
4.33052
59.8245
4.16964
79.013
4.09315
3.32395
3.35153
3.96823
114.295
108.497
3.31711
4.10067
3.77132
142.291
12.9506
3.59686
3.94705
3.3414
4.38277
3.74234
101.226
4.25692
113.078
72.6346
64.2
91.917
110.587
3.20177
110.833
121.905
3.59768
174.239
3.97007
66.0109
76.9638
3.89966
99.8441
4.35712
126.481
3.68363
3.26721
3.80933
3.77104
3.79876
4.00778
121.194
132.6
1688.79
110.707
4.67265
125.588
129.46
896.803
88.0516
21.7746
37.7367
141.432
5.10773
107.989
40.5972
107.734
4.1656
126.365
103.071
131.117
3.9882
4.69667
4.95619
48.7344
136.548
95.7902
140.255
94.185
140.229
124.845
150.047
81.3877
116.623
131.958
172.571
114.199
142.575
75.2111
139.51
2465.01
97.521
44.7957
62.1201
4.90452
119.511
53.053
107.535
5.06569
68.1347
122.049
111.934
85.605
144.174
126.095
95.6437
3.83461
114.864
110.213
612.389
120.496
114.833
5.00171
149.844
158.889
148.566
5.06866
5.04015
151.439
80.2297
72.1283
3.69513
107.463
42.498
114.095
58.2404
124.429
3.4235
3.82703
149.791
62.8385
145.807
87.2407
163.475
33.2825
3.93106
81.4264
46.5946
40.7285
43.9211
66.6865
117.513
5.32404
146.965
43.2925
329.932
103.571
56.8765
43.8282
117.642
202.675
23.2351
207.26
391.911
91.1593
96.4977
143.342
429.902
120.892
113.756
119.374
115.33
35.3727
98.0907
96.8234
112.357
60.6318
561.976
128.857
128.996
119.467
131.441
144.975
129.941
3.16351
142.265
200.555
90.4459
129.877
114.247
105.163
114.526
143.818
211.98
238.005
103.609
163.243
125.533
140.279
128.947
153.989
143.457
137.665
165.844
124.232
162.222
161.162
145.026
128.772
119.908
184.33
145.428
116.27
132.113
118.949
154.155
179.474
111.44
156.2
197.993
150.378
109.906
135.974
141.726
105.607
125.529
244.171
116.776
138.37
206.706
135.903
119.019
112.976
131.439
108.234
85.5426
137.306
97.1833
123.834
153.188
115.674
135.372
114.465
117.081
111.195
113.588
51.8305
106.697
67.8882
116.542
110.267
95.2059
87.7273
193.964
114.364
163.556
128.789
161.714
131.926
128.535
773.296
171.048
143.063
40.1567
6.16552
6.29436
131.05
120.308
25.647
168.68
21.4482
75.4043
3.49726
85.4478
132.438
18.9169
3.15527
120.404
161.371
7334.45
94.2638
3.58322
83.4975
73.9837
28.326
95.9398
124.868
69.1629
86.3758
20.2017
47.5815
53.8182
137.641
102.287
82.6117
73.1761
159.149
1331.1
100.159
44.101
3.45813
1103.92
102.355
20.784
151.626
135.427
26.6499
287.006
95.8717
3.62802
95.705
1134.96
83.6193
726.371
81.3819
887.485
48.1069
88.6271
113.816
103.142
94.0164
54.2117
5.5093
18.3407
107.784
40.2919
131.84
4.98646
99.9888
27.4771
3.4156
3.21605
103.739
3.46311
93.645
47.4893
131.757
37.1353
104.844
117.393
39.3608
115.78
79.008
5.22502
5.1449
889.001
137.476
81.1899
4.36115
127.709
26.2318
98.4794
101.25
20.0384
1580.59
130.382
93.8953
123.405
1404.93
125.915
87.1452
128.862
20.5826
170.522
186.502
136.131
139.738
116.52
101.011
119.329
166.364
109.751
157.661
113.498
68.4085
133.537
128.848
222.78
110.302
90.4682
155.696
134.269
117.853
114.473
94.3344
159.538
104.871
3.44087
97.901
136.309
245.085
499.595
110.47
144.864
143.301
106.68
151.983
110.464
104.951
159.461
3.97369
143.128
126.958
120.528
77.1236
76.9076
3.93637
82.5699
93.1855
59.1828
93.5937
3.70389
109.548
149.928
112.454
134.91
192.72
132.754
121.874
127.155
3.71205
3.42932
206.246
169.407
218.331
133.102
167.788
160.39
139.034
3.66605
134.971
3.27207
109.196
162.702
264.208
3.32088
176.62
130.815
3.74499
146.049
160.239
149.947
118.438
3.11833
190.262
112.488
103.899
3.18718
196.202
132.485
89.9654
194.27
124.818
16.7518
146.375
206.494
117.064
149.073
211.348
5.0578
106.539
135.417
125.662
45.3468
152.775
145.583
150.666
132.237
108.324
156.363
156.799
131.351
126.307
93.4223
100.169
79.5166
145.955
122.68
138.037
148.384
175.172
143.502
134.768
115.943
211.616
160.962
137.721
379.899
140.945
156.474
152.177
144.464
143.119
228.953
115.498
90.5657
143.456
78.2479
111.398
146.371
99.209
200.43
119.612
170.292
163.17
140.398
124.032
174.528
144.418
151.304
127.348
153.823
151.231
126.602
206.311
183.147
130.323
122.151
127.235
148.964
147.157
114.298
172.33
147.481
114.051
137.607
98.0814
155.712
80.6012
110.273
202.554
163.488
162.331
224.207
130.339
134.765
179.889
139.766
187.245
131.9
165.251
131.105
91.2915
95.3264
134.413
142.853
123.964
139.41
216.379
115.396
117.669
122.3
171.423
192.82
110.514
151.198
189.325
76.4248
116.725
234.164
198.47
134.566
144.15
100.329
3.15788
570.432
95.8036
85.5683
62.8227
61.8513
353.56
100.964
63.2248
118.325
237.876
922.554
4.43612
662.044
70.5679
63.9516
93.3906
67.84
721.459
454.251
20.763
3.46833
88.5747
75.5822
3.54756
65.3106
80.6071
391.024
60.9991
83.374
102.875
38.2964
141.796
590.853
128.601
104.316
42.5607
50.3445
192.569
53.0994
3.76996
93.915
702.861
81.7724
41.9503
111.173
818.11
26.094
470.997
106.075
87.5563
60.6247
64.522
3.63923
114.232
807.208
568.663
111.269
100.358
45.7232
143.965
81.1165
36.3928
95.9605
3.88559
848.09
4.0546
62.388
4.96947
214.974
636.693
95.6237
4.03031
71.7331
81.0786
92.4379
69.3222
37.7032
38.1723
592.662
81.5585
35.6057
65.0066
116.59
866.454
119.116
141.122
811.229
82.0569
346.928
55.7209
48.6894
4.67514
208.975
49.029
3.38012
937.952
35.0882
89.3641
29.7106
193.032
144.799
27.1638
101.979
2013.7
65.0563
105.164
16.6844
21.4083
170.401
117.167
49.2074
12.9291
1866.92
47.4421
127.089
41.2834
11530.4
2.56249
11.6111
95.7855
84.8612
81.5504
4.73308
2.8822
109.009
117.817
1047.18
44.7035
1100.33
78.3848
3.01356
124.393
125.769
116.711
116.955
170.577
124.864
110.258
83.414
3.38575
38.6533
7.84115
248.5
2.55352
98.3422
3.63708
52.3331
24.8079
106.061
2.67471
31.0276
2.62911
669.029
118.048
112.681
102.082
51.9501
2.2164
915.73
43.1016
25.5547
92.2282
82.4359
41.3445
75.255
122.839
165.527
558.268
2.69022
119.413
2.42159
30.1977
103.174
2.42361
181.958
110.368
3.12133
100.51
69.2948
336.406
2.54128
120.294
3.34009
61.3236
3.49684
136.17
14.5602
96.3947
104.427
3.4309
108.027
130.688
115.312
100.004
2.90689
2.63973
117.135
142.544
91.0918
145.577
18.0154
32.8103
3.06779
16.2635
87.8725
115.187
121.547
908.228
141.573
3.09238
110.424
18.0208
110.811
3.05487
130.503
137.687
4.05648
3.99911
112.205
110.423
119.072
116.171
105.671
135.524
3.16459
3.24921
997.304
3.37441
3.37639
3.5074
93.595
113.498
97.9218
86.5384
3.61867
106.257
161.004
196.851
108.541
3.05918
15.9447
151.176
92.7505
95.6688
124.141
3.10354
3.64138
92.5845
105.346
101.433
149.425
99.0223
3.62761
146.425
3.40146
79.8514
123.853
184.916
3.17779
104.262
32.3162
126.819
3.09849
106.423
3.11503
3.14691
109.894
88.6185
76.3357
13.8997
101.168
3.99965
127.281
3.14097
115.56
135.764
42.3145
18.6801
2.96533
2.89607
155.044
3.73156
3.27913
14.778
110.054
3.34623
105.863
3.1072
3.44221
107.057
3.7316
177.728
169.948
95.7266
16.7766
111.916
115.821
3.25793
3.99685
142.651
5.22532
99.2522
3.72247
3.89679
49.5368
191.464
44.836
180.683
122.132
15.5895
3.76623
4.40347
4.66664
447.47
15.6967
17.4849
145.233
3.9963
1199
157.811
18.3579
4.39275
20.1807
4.21538
74.2412
30.8701
200.489
3.54418
814.693
117.976
110.32
97.0278
4.20651
3.24032
46.2524
126.195
3.81536
165.069
145.102
3.67492
18.4192
58.1749
19.2625
4.21514
171.065
205.587
3.30271
137.171
196.672
170.396
28.1002
4.8606
3.33555
126.636
22.7013
124.043
2.76095
653.835
142.88
163.724
98.5783
136.034
87.2615
4.11322
4.05502
59.7569
3.82226
4.93398
4.55953
1256.93
117.636
176.137
3.94724
4.50482
153.736
4.01848
27.4113
4.31964
113.372
1368.31
769.116
159.522
173.075
49.0632
3.52932
16.4117
4.05728
2354.43
129.173
111.904
110.558
1625.54
307.795
5.21941
132.095
24.0252
122.018
49.1982
92.6407
34.3498
59.5839
73.6304
64.2864
109.453
27.5742
11.1408
944.7
115.04
86.1605
121.501
3.40912
36.9676
108.414
45.9808
38.4311
139.266
45.213
160.991
95.9078
81.0431
77.7181
80.4222
34.688
35.9203
129.51
137.062
98.5139
98.5219
51.2086
24.4315
35.8178
110.103
17.0445
702.263
38.3687
114.109
832.834
411.813
836.74
32.613
86.7325
111.187
762.583
61.4416
64.3601
116.257
123.012
65.4228
54.8947
106.685
91.2594
97.5675
81.8045
100.226
15.6316
20.2491
87.4112
70.4469
17.9484
94.8917
3.16667
118.157
39.8657
46.1195
7502.15
23.2278
79.634
117.356
35.9502
41.9887
112.158
57.9879
100.744
3.76315
57.4736
14.8773
19.0007
104.553
148.445
25.8745
122.91
1040.44
109.298
34.42
67.9259
60.466
101.331
16.913
171.708
46.5178
100.684
78.9714
33.5704
99.5076
114.523
3.59293
42.9247
108.764
120.77
4.83807
107.327
3.35039
25.1797
98.4334
2.93827
19.5497
2.8038
3.28071
2.94465
2.96725
3.07092
3.35363
3.21438
2.96989
11.8503
2.72067
67.6518
2.94489
81.2369
2.5886
290.416
10.5517
4.06219
3.01895
162.975
3.18424
3.12143
136.537
2.87233
2.94737
3.01682
4.12979
159.745
248.763
2.88021
2.92503
10.691
2.7436
101.104
120.159
95.0463
3.48445
105.086
3.01573
2.93356
3.97377
3.81638
11.2587
63.8974
123.731
3.2559
86.2351
2.96905
110.477
3.07729
37.4951
157.581
9.59067
3.16005
3.36267
2.58357
3.04555
3.30159
17.7745
3.41958
86.7317
16.7797
13.2748
2.76494
3.15921
3.64604
2.96346
3.15768
3.49039
3.25625
133.208
3.10507
3.29523
2.82964
2.70919
123.82
105.25
3.92257
4.0957
3.56326
136.535
170.315
154.978
2.83132
11.7788
13.7838
3.01572
3.26726
16.7571
3.2115
3.34986
11.6953
82.8387
126.545
57.7235
65.3057
126.639
721.894
628.1
118.828
88.4969
88.7426
106.542
872.679
158.606
568.049
900.243
81.7871
1165.42
100.163
620.366
144.547
120.48
903.846
91.2394
24.457
72.6162
36.9608
80.1119
52.9139
62.2517
60.8423
147.622
106.521
31.5439
152.512
92.6078
56.2714
743.327
97.2455
28.6188
81.5529
1121.66
4.21491
109.651
98.6487
87.9304
50.8396
69.477
57.3589
61.4297
139.377
87.1879
46.0592
21.4587
23.6844
222.672
329.119
90.0049
119.363
137.269
82.9185
704.438
82.4976
361.189
107.792
111.674
87.7911
99.6939
123.636
679.608
127.601
96.2346
119.887
4.47052
48.4464
713.214
112.03
1122.14
89.3628
1012.06
27.3159
4.91774
568.615
95.9298
102.143
94.3567
97.1541
3.27995
82.5494
1045.42
42.7493
119.098
950.177
94.9643
51.6775
21.3662
92.7958
4.30838
77.3949
59.853
90.9083
271.922
30.5848
107.72
102.34
660.652
132.414
127.283
155.376
67.0035
152.332
119.268
116.427
112.773
74.2894
129.562
57.0477
73.61
1107.96
34.0128
111.653
121.281
139.65
117.414
75.0721
144.927
200.884
113.319
140.49
149.791
1622.08
555.803
115.301
118.724
82.8011
123.849
51.1151
100.381
122.312
113.786
180.75
124.01
120.693
162.723
84.6682
128.067
47.1182
34.0574
122.04
88.373
113.083
69.6053
132.435
110.943
131.343
175.66
127.973
59.207
110.09
99.9382
102.06
43.551
114.559
130.296
103.115
125.574
55.6842
102.991
79.0677
103.376
102.316
111.688
149.454
135.588
120.155
132.87
140.584
156.667
134.144
149.72
611.377
135.516
151.37
182.685
99.6004
116.044
150.378
83.7436
185.932
148.897
29.9702
89.1645
152.599
112.904
790.414
28.9606
97.7995
97.83
108.077
41.3066
24.4673
142.022
70.9902
57.0371
123.287
4.53741
24.0314
712.041
128.31
61.1049
93.4976
23.4743
322.917
869.963
57.9651
935.607
349.801
66.5522
48.4822
105.978
116.885
36.4365
58.9217
84.9751
23.6904
79.9624
2.92236
65.9093
24.7577
175.082
103.863
104.679
65.324
69.5689
86.7434
85.2907
815.302
82.213
731.437
95.9058
89.114
108.223
39.516
99.7196
94.072
59.0197
88.679
30.8343
62.7159
48.7472
177.563
15.2266
78.1526
3.31636
63.0885
96.4057
1258.68
81.9144
1002.06
71.1016
22.3788
90.2062
98.9735
50.9077
73.2612
1533.19
536.402
46.2872
106.467
58.9291
25.1077
47.9099
99.3035
78.2029
70.7459
907.618
121.07
674.501
104.522
1033.56
859.933
114.722
130.434
43.3737
65.7008
1793.47
138.649
103.757
117.177
54.7815
122.746
90.7008
72.33
58.7274
82.5135
64.5258
47.4748
20.7491
71.4943
210.132
30.8148
96.1768
117.437
139.22
154.676
152.805
117.292
170.838
125.052
111.429
116.994
107.804
708.409
118.593
139.707
162.156
154.293
133.042
143.067
140.163
163.438
130.549
178.217
101.496
121.692
157.824
118.729
29.0737
159.727
149.838
97.8585
99.0912
168.287
176.822
164.245
102.486
193.183
96.4313
140.1
134.731
90.7933
131.23
117.097
154.673
109.725
202.384
81.1852
147.652
102.045
110.879
139.527
196.523
121.949
134.267
106.869
166.76
104.741
134.025
124.513
68.3132
109.904
128.683
115.534
293.662
172.394
200.864
196.191
151.456
124.492
95.6379
118.34
89.3026
106.433
185.633
124.228
132.794
105.2
93.8856
126.646
137.978
135.014
109.99
114.847
177.272
96.2303
198.051
112.87
144.638
145.233
131.71
120.678
136.295
141.348
162.469
108.315
134.484
173.198
161.332
123.734
120.679
143.94
4898.57
110.413
114.454
139.473
46.1469
101.111
124.368
141.784
560.733
158.23
125.143
152.589
61.5965
151.774
158.662
202.586
91.938
52.2399
127.644
43.5924
108.942
113.751
123.585
38.447
86.9249
445.893
680.195
130.473
1349.12
166.889
62.6816
162.879
29.6516
102.071
38.1048
38.1663
44.0126
129.359
193.204
124.24
3791.31
1088.15
44.75
150.432
27.0115
132.983
396.19
53.2776
152.747
20.5941
62.4192
694.647
147.005
1028.05
101.487
40.9158
192.072
1134.89
44.4788
106.878
38.3932
26.1315
133.087
146.103
93.5902
79.3836
137.511
35.5135
105.879
1006.47
128.84
37.4978
112.886
105.254
230.618
132.958
38.7591
80.2209
32.861
274.819
47.4847
220.524
131.518
70.3027
46.1992
51.7965
143.745
140.057
131.083
29.1021
139.405
122.493
149.915
123.141
147.535
197.276
44.2385
37.8235
55.8966
118.165
52.7489
869.748
3.17198
3.96239
101.654
52.2702
76.667
35.7774
81.4347
38.9368
103.335
17.9816
18.065
122.92
49.7142
66.4286
89.9968
186.482
80.515
1103.37
109.145
108.101
65.3597
108.023
39.9827
110.747
46.9725
712.414
86.7836
321.373
95.461
128.223
66.4584
388.508
3.43892
13.7262
142.862
14950.4
17.266
97.9151
134.382
101.657
138.264
24.6694
45.7494
83.1609
9918.89
3.26824
32.0158
489.097
171.154
138.483
90.9277
2.7017
121.368
90.4769
89.4245
54.3169
108.599
84.1604
418.43
1293.01
1008.09
163.328
144.15
3.84375
2.77327
3.83107
48.6342
3.59581
46.6182
19.0461
58.1195
142.164
4.14171
145.848
52.678
3.17945
45.8963
165.808
2.88591
106.564
32.2694
137.163
15.5941
687.912
3.09355
2.51126
94.1534
53.0387
76.5833
433.034
132.513
3.33036
34.6717
114.44
198.157
71.2363
56.6252
62.4765
3.02999
1373.5
90.2123
110.001
657.025
1593.9
563.263
51.3924
75.7755
41.6491
788.787
1167.81
91.4314
787.673
824.697
101.648
702.162
610.835
503.641
55.5829
55.4369
37.4716
52.566
49.6589
578.59
59.4406
121.222
976.706
75.2986
22.1358
56.1477
937.538
52.8439
144.57
1401.15
24.3206
148.838
851.582
628.289
528.97
49.1055
1257.24
79.0136
1255.97
857.577
1097.36
87.3439
812.61
58.5295
41.2875
51.7993
860.189
16.4117
46.8059
43.3901
847.633
596.088
782.95
20.13
140.862
108.919
37.7334
74.7068
1047.19
82.4985
60.5931
117.418
992.161
47.5297
68.7021
39.3171
892.148
705.369
42.8591
52.5887
38.2071
130.604
48.7504
579.422
697.08
154.197
21.8136
42.313
829.763
51.0008
1230.35
58.9033
43.8802
74.6238
819.652
38.1927
107.365
73.1907
26.063
720.88
626.38
40.8931
41.218
666.472
1560.31
636.128
38.4088
86.2266
1330.88
21.3932
51.7101
46.7649
44.2347
135.388
134.753
147.403
136.922
45.9684
184.873
137.134
110.213
96.6377
105.501
36.921
55.5435
201.973
46.288
3960.84
45.7256
60.5555
304.573
155.536
28.0409
93.8505
114.159
102.484
46.5077
66.8455
33.0598
28.9907
33.808
28.1474
151.983
180.967
20.3306
149.3
98.2972
34.3609
64.1383
135.383
57.5205
205.847
51.2675
72.9187
152.639
22.9679
15.3423
183.568
66.7693
72.2561
252.015
45.7046
73.6635
122.591
2141.18
271.964
43.2763
77.8306
51.9862
542.298
78.4746
153.417
35.4604
131.724
27.5486
25.8884
59.4994
2464.95
158.808
46.1702
161.45
96.3835
199.906
894.09
43.0741
146.438
41.8378
53.0817
231.71
133.243
33.6235
204.451
70.2876
223.968
177.607
118.387
31.9003
169.071
34.4756
163.758
4763.81
168.656
51.1808
94.5787
139.33
34.5416
22.9564
129.053
108.563
61.5334
149.666
16.4882
33.8913
13.8528
102.927
3.00381
2872.35
46.8425
3.6285
81.3863
97.1006
1240.81
77.745
118.866
13.0022
44.5428
71.6678
252.606
108.955
154.502
84.0472
88.5134
4.08313
184.798
74.5311
2.51438
2.53197
2.13449
102.91
111.854
47.7296
2.63989
100.006
85.6894
125.067
237.044
78.3794
23.9924
41.2455
3.15609
39.5756
129.713
25.9039
107.491
54.0368
14.3139
114.321
123.538
2.85985
493.45
2.39381
88.3856
49.8932
182.229
773.829
47.5191
137.26
10.537
3173.73
2.45607
110.238
171.757
94.1206
14.7037
106.493
148.724
125.704
1302.05
13.6764
65.2796
2.74005
28.8225
157.244
93.1358
139.019
3.19247
2.883
78.537
64.4156
127.758
3.91948
134.543
247.338
43.6366
47.2027
124.338
116.159
3.32268
104.771
107.703
106.413
35.3218
95.4813
138.799
23.1829
11.6478
45.8897
30.0283
34.5277
28.0981
690.15
28.3009
729.713
97.9291
14.9622
26.9668
17.8638
38.1867
34.6242
16.9006
453.036
98.5761
32.9964
108.067
9.15971
2.95938
39.3163
26.359
35.3348
25.8058
146.389
35.0354
30.3397
914.44
14.4207
8167.17
2.73805
775.307
3.87725
76.9001
25.4199
91.6885
2.80539
26.7501
42.9044
539.965
13.3219
10.9051
111.213
41.8249
719.714
58.8608
112.884
15.9478
29.9456
51.2261
3.97504
10.6284
3.2946
3.24323
79.4067
25.0367
22.659
136.655
540.661
753.541
104.712
95.6201
687.669
3.03295
615.773
826.812
21.6167
8.434
37.3997
29.9058
105.682
29.1724
3.33143
47.0253
38.326
25.4399
3.5732
659.667
47.2293
42.8265
203.399
103.852
150.328
68.3128
711.226
21.9755
109.801
248.166
3.2038
16.3656
33.8488
26.0106
118.843
15.9074
112.523
33.1862
233.981
67.6999
31.8641
40.8386
17.1578
4.4473
2.87064
2.99062
177.397
2.84079
40.1371
3.04684
55.9479
2.91977
124.475
127.867
128.427
2.89433
19.7435
118.24
56.0694
95.7655
2.63427
13.212
2.61696
840.26
3.23599
14.0699
18.1232
15.7918
641.239
3.03582
3.05084
2.84192
2.76055
2.81386
14.9872
10.2121
76.8247
36.6699
33.6621
35.8246
3.42739
109.523
3.63471
3.44055
93.1281
15.1306
10.9994
2.8415
3.36449
19.4978
30.785
2.90726
44.0587
3.4639
10.2273
18.0659
112.407
135.707
113.694
16.8294
2008.08
112.891
84.0754
88.0145
901.5
3.17592
3.01541
12.705
3.22794
4.36153
122.461
9.14186
10.7132
58.4338
10.035
18.6909
15.784
144.996
122.287
109.114
2.90462
12.2361
3.31569
73.1044
95.9273
11.997
3.0144
131.849
35.5248
29.4864
3.11093
3.45907
25.1257
2510.8
45.3636
16.7741
10.1421
11.1884
2.99723
2.5351
2.93068
83.9922
3783.24
110.307
33.6995
37.1072
121.333
2.24906
71.2429
97.132
87.9828
164.218
153.186
792.351
155.997
134.916
208.18
26.0591
31.2504
47.1583
180.63
951.575
131.46
153.076
18.5629
8258.65
39.578
49.3768
82.8498
456.397
111.755
132.432
13.5024
2.34196
1838.74
13.8954
95.8102
367.87
9.61166
111.031
33.5437
13.5271
181.146
18.245
479.765
125.122
266.814
13.4616
2.8245
57.6671
132.001
95.7978
132.178
125.42
366.219
84.1263
78.4564
1269.7
98.916
2.15518
227.217
63.3753
224.543
121.826
3951.44
531.404
214.241
1887.69
190.863
16.4175
11.4342
87.2434
73.8047
2.71399
120.279
134.475
69.7549
2.95768
117.896
4029.07
1956.09
2.37227
5508.31
103.714
114.275
15.6258
56.619
14.9813
15.0486
46.6595
13.6208
93.2576
17.244
2.50287
100.283
109.476
53.6983
2116.5
868.867
42.3172
74.027
14.519
823.991
125.62
44.4262
3.45508
2.84265
14.0489
150.716
12.0241
198.293
17.5335
16.8584
116.115
16.5329
124.47
4749.01
23.4206
38.3371
3.1622
144.516
16.5754
38.3421
5.09011
33.0685
126.094
107.101
117.365
58.4509
96.3721
152.775
124.334
12.9364
132.38
482.128
183.951
164.932
867.415
152.042
2.54485
189.194
5.5079
42.5567
11.5987
144.647
20.2643
218.485
126.372
18.384
2.75888
3.16913
90.3901
135.01
13.3735
2.85193
130.538
1493.65
10.1259
23.9245
3.21138
141.647
10.8438
328.234
478.507
110.296
701.629
67.7333
17.7359
3.06663
124.507
55.9128
108.376
38.0366
4624.87
2.64664
141.571
15.9621
42.6113
3.84986
160.333
2.5441
59.2307
59.0017
2.49406
38.0173
691.201
130.08
134.355
115.417
27.8353
99.4097
91.3271
10.1532
16.9005
3.01173
2.66371
12.3679
853.702
115.291
124.913
2.55517
92.125
92.7085
17.6174
28.6735
93.1783
142.719
131.125
111.245
69.8091
131.042
63.3519
128.878
61.883
1058.32
46.0839
115.492
38.3693
186.017
77.122
93.8548
637.568
119.655
137.911
32.4833
68.2848
112.572
145.607
60.8258
113.558
150.335
32.521
86.2696
60.2432
42.7462
144.309
50.3093
166.149
162.736
38.6092
106.461
141.908
187.223
135.313
93.9195
224.043
185.032
144.295
136.685
135.576
39.914
25.9135
103.011
32.3612
68.1263
69.6382
126.9
47.9154
187.67
239.975
141.061
166.689
120.017
29.9545
88.698
72.1277
90.1145
509.353
952.248
152.64
110.773
47.5726
21.7617
103.612
104.211
23.5741
214.499
58.9512
373.393
115.445
183.582
334.181
84.8304
166.742
160.057
108.152
34.8588
737.291
157.839
130.012
63.301
219.649
149.64
23.9028
111.897
161.976
55.1922
429.196
166.595
28.6238
31.8331
27.4744
30.8197
14.8264
103.999
2.97636
150.028
4.42246
3.1955
128.695
153.455
30.0364
116.555
22.0713
26.0634
69.5521
716.692
13.0785
3.52581
2.89206
145.422
2.62466
1017.68
132.346
68.9358
32.7078
145.504
3.52306
1115.86
124.494
35.9988
174.879
13.5634
153.034
163.738
182.601
173.93
14.2916
3.33509
3.2821
21.8007
3.38548
3.29016
3.43514
3.48805
29.401
39.506
19.308
16.4363
4.35002
3.81762
31.186
161.222
153.265
3.37106
3.80759
3.96937
133.456
3.17262
14.6118
117.801
3.64851
71.5594
42.229
34.9604
140.203
61.1319
16.8905
47.8622
230.358
45.2855
130.966
180.303
140.468
187.081
163.168
19.9749
177.309
4.38247
236.586
37.2821
65.947
5295.19
3.21216
108.456
1858.33
61.466
44.6802
37.9187
3.68392
1086.13
193.043
3237.68
3.49861
30.6109
100.197
163.251
141.112
130.883
19.8291
34.6333
118.391
18.7026
71.5482
96.7264
113.33
115.213
135.742
114.108
104.454
166.93
27.2116
63.7476
115.68
30.9297
124.668
109.589
4.54261
67.2896
598.878
80.6436
75.6813
84.8186
99.3103
4.11098
231.002
256.487
92.8327
21.7196
48.0759
75.6762
21.5739
65.7885
4.25088
49.0164
17.4277
96.41
733.634
102.205
4.41661
96.3595
28.5128
79.8746
100.984
536.478
90.21
59.5022
44.2524
48.5064
108.895
71.7173
314.349
16.6266
69.7606
64.1615
104.106
27.7384
34.193
33.89
91.1707
116.635
35.4617
94.5164
117.069
31.8168
46.1351
53.5839
36.011
87.1481
116.919
4.91221
829.995
65.203
72.003
67.669
492.944
114.96
37.469
22.8472
25.9349
1023.08
91.4304
35.8247
1216.39
88.9253
121.779
463.828
19.9158
107.736
79.6416
4.9269
26.0984
61.6001
32.493
22.5933
76.6203
32.9173
115.632
70.1414
123.079
21.029
125.904
61.7001
476.992
46.1199
121.362
49.2661
84.3018
37.7124
33.8076
37.5891
152.042
47.5627
55.0417
45.8384
40.0567
802.027
37.5899
62.4264
877.771
126.508
966.858
1150.29
57.1228
138.234
319.282
51.7832
121.867
369.113
66.307
390.691
128.797
184.351
41.7383
26.3155
45.1104
43.5729
515.931
54.2678
23098
73.5321
34.1711
30.3132
101.597
59.7843
52.2648
37.1101
41.943
609.872
80.9733
74.2441
186.767
82.0694
76.7645
53.5845
45.3714
134.295
64.8611
48.8509
69.6862
156.935
117.397
71.6533
67.3905
44.7321
143.173
38.727
148.373
77.6775
94.5059
396.456
57.9439
100.625
75.8836
50.7444
46.7748
31.6347
110.32
59.5738
58.4454
149.663
79.8633
716.003
71.5621
61.8719
128.074
53.364
324.875
129.578
61.2636
34.7046
57.5446
804.16
158.534
137.47
54.1371
52.5798
144.921
62.9151
27.0477
63.5095
39.9313
4.17765
3.34907
3.67181
4.31025
2567.91
18.679
4.64305
19.6412
137.297
29.9766
21600.6
17132.9
17.3904
3.42687
3.87863
3.18619
4.19789
169.226
93.0725
81.8406
4.27543
15.3788
4.05364
25.5321
52.1185
3.77683
34182
3.69216
3.50836
4.01486
101.033
4.37087
4.16811
3.92175
4.3244
2175.16
17.1324
95.9533
111.994
3.42399
3.58518
3.07576
3.52214
777.015
3.85015
46.2901
110.087
3.83325
22836.1
3.82575
151.415
196.544
19.7217
125.266
3.09745
3.57953
29.6762
134.879
3.74662
4.69403
121.438
7215.94
4.5687
81.8453
132.009
3.6708
4471.02
4.54078
14.8963
20.2869
3.35086
3.77416
507.877
238.535
4.02809
3.08691
3.69695
4.06658
4.68379
3.51113
3.14532
12839.7
4.08303
3.93785
70.2194
4.26045
30.0599
3.87274
108.86
3.92561
100.225
3.25216
131.537
4.16394
3.82435
81.0564
4.01415
4.39914
7761.99
214.286
27273.8
1762.33
1684.82
3939
1424.6
1081.54
1514.41
9550.73
2596.14
6507.63
49.5377
15131.1
1610.97
1560.2
1980.54
1162.39
1130.1
1135.26
880.385
1888.68
14.3337
618.156
1440.9
161.062
916.335
3188.22
121.464
2045.64
429.777
130.309
1548.14
62.4108
1186.53
1515.53
137.599
1358.56
50.3438
1812.72
818.629
95.4241
1409.5
1111.23
5191.41
29.6482
8960.56
66.8952
565.717
763.102
16716.9
1060.83
564.897
753.697
83.3629
10739.4
1287.52
47.2634
106.723
2636.72
80.0275
1133.01
1229.67
2110.84
808.102
4804.42
1186.93
1500.13
94.1902
106.736
40375.9
1394.14
1695.52
12878.4
1724.75
62.6413
16744.7
8451.15
2016.87
1755.2
16.3787
1882.1
1233.81
9040.61
2361.08
63.2011
2552.22
33.9053
98.6727
10424
1475.08
1455.94
82.7234
1935.2
771.524
744.996
14987.2
1396.31
30.7533
205.864
144.432
124.269
83.184
3.68135
4.35026
3.37261
4.08108
98.7191
19.0514
4.36649
4.03803
3.61656
19.5757
91.4103
3.47821
133.782
4.05787
140.152
3.51671
3.70357
180.131
3.42093
3.9399
4.48056
3.7444
17.2306
4.29088
3.78929
3.83366
3.6187
43.6335
3.72815
3.49162
3.44735
95.404
4.00937
3.62505
3.53948
94.6527
3.57475
4.32304
4.3814
3.58874
94.1516
87.8746
3.65158
3.58264
26.4112
4.23429
3.96918
4.18795
4.53279
150.811
74.7298
3.46462
3.53914
3.7071
3.90313
108.702
20.9616
3.94531
4.27949
95.6599
22.987
4.86343
118.79
15.9079
3.63064
126.131
3.62043
135.798
3.49838
220.454
3.60644
3.46071
3.7202
4.0862
3.42244
132.775
97.3744
3.70119
34.3943
108.494
3.72659
100.489
4.64453
97.2495
3.38919
3.43983
3.8101
3.87464
3.78844
35.5141
194.855
3.52903
3.94467
18.3047
18.3515
4.2872
4.28296
3.61031
88.7722
3.14465
53.0586
207.944
18.9975
37.7128
143.631
3.20417
3.00006
1419.62
20.6613
125.048
3.25865
3.70697
3.36872
2.75773
3.36795
2.94347
69.0055
3.32273
2.80146
112.384
22.3775
112.128
146.997
107.136
2.817
1816.42
129.765
1087.76
3.11369
37.1911
88.8646
210.626
40.2473
3.65084
3.00743
1298.01
59.0079
3.23928
26.2945
221.609
23.4381
107.907
3.26439
3.1753
23.4502
3.07383
2137.28
3.10271
3.00966
2.90758
2.99637
3.24034
2.90286
152.973
3.11033
20.6513
51.6865
112.552
104.636
156.151
3.45024
175.026
322.219
3.31309
1813.68
3.59503
164.14
3.17535
134.837
3.26949
142.441
125.008
95.2751
16.4114
3.41477
3.32458
3.34394
2.68246
2.74342
745.514
19.3977
18.6184
129.255
161.022
2.9275
124.921
103.432
2.74159
129.917
16.0522
3.03497
3.23823
144.112
19.4328
148.55
2.82085
96.8025
2.80261
3.20545
14.1077
3.28078
3.54346
124.502
183.218
3.23662
3.30067
3.0126
5.02565
105.917
5.14318
112.468
3.35349
3.40297
21.794
4.72783
3.4793
5.7892
23.2555
115.136
3.38687
145.202
3.28515
3.31917
3.4143
48.4326
3.27888
3.52252
2.95228
3.65215
137.61
3.53446
3.37349
194.417
107.405
3.4859
77.0174
3.60947
3.17608
3.59422
3.2853
125.557
56.4916
3.5734
3.35266
110.129
3.32256
6.33325
119.795
3.21937
3.46912
94.4759
161.208
14.4626
160.04
33.0292
73.8832
42.9249
3.52408
96.32
128.32
103.156
3.1504
49.4001
3.44209
3.467
15.0744
4.33825
20.0634
160.236
4.34433
405.275
21.0486
3.82383
78.7424
3.19407
4.67746
4.76168
3.22331
4.86281
3.44111
5.49475
70.8048
3.07666
5.74956
126.175
59.0289
2.78384
150.17
3.49881
3.21956
96.0091
130.564
33.2172
3.55343
29.2693
110.621
3.46171
3.52378
3.35383
153.097
149.724
111.848
134.355
141.143
1355.4
855.804
956.514
987.5
102.093
147.68
832.795
128.195
126.768
2322.91
66.1248
157.382
39.3869
1675.72
150.919
116.418
33.8352
145.968
1880.67
937.023
1047.89
2048.63
81.7589
1512.48
137.626
5751.4
159.857
1410.32
102.946
161.653
103.585
142.262
108.433
118.217
126.764
105.284
110.65
5078.93
3055.25
920.632
2001.14
675.518
193.023
2148.58
166.239
131.866
64.7748
1773.54
145.95
2080.76
119.873
137.613
155.239
889.611
254.98
128.065
96.2564
110.766
2651.01
115.038
2596
943.274
146.663
1309.54
4315.85
2296.07
2456.37
115.674
127.064
1515.99
1488.88
248.039
148.799
272.862
1190
89.6749
62.417
134.218
159.379
1034.56
1649.73
5792.92
150.264
1673.88
133.681
1133.7
119.757
163.916
113.886
133.219
132.676
1725.88
143.332
2026.19
136.808
4.88016
17.8185
5.06968
21.2543
3.65722
5.04018
4.71631
5.24
152.857
4.70047
20.2806
4.83094
4.64594
4.32962
5.05358
3086.46
130.368
4.79853
4.28841
5.4453
4.81265
4.16163
5.27255
4.4353
420.519
1824.8
19.4444
125.794
30.5688
171.124
13.836
11.7733
4.13995
4.73746
152.851
33.5393
136.513
27.6584
4.44921
5.23571
228.337
303.775
4.22331
4.65723
20.2418
33.5466
5.13487
4.4165
4.42807
3.81574
3.9151
14.9872
1133.43
2803.3
20.9923
23.3983
4.70835
4.97744
4.80618
289.579
153.723
17.2307
163.887
4.64989
5.0501
215.629
177.768
5.88913
4.55477
26.0786
4.60858
19.7004
14.6903
4.80622
4.34885
4.0389
27.383
17.6337
37.914
24.0371
5.00716
15.2825
25.4305
73.7984
29.9835
4.338
18.1981
20.7289
17.7494
17.1323
16.9194
4.29151
4.37219
17.2545
140.779
4.93196
2665.07
121.796
234.814
20.0787
37.1477
60.2497
96.9311
73.9613
87.4381
87.1014
38.1302
224.452
142.405
386.481
27.5396
89.3526
960.216
109.831
123.443
32.1704
76.4346
140.384
164.953
5.8371
107.42
5.7577
67.275
992.971
123.331
49.4588
83.6179
849.689
96.6717
1672.17
163.814
1742.93
146.986
596.516
133.826
62.8267
134.442
247.405
764.217
80.4154
143.884
37.1156
137.544
5.57264
99.3897
132.364
87.1991
1487.29
889.112
47.2584
29.6795
118.985
209.76
106.292
72.5328
30.5534
348.145
552.51
50.1009
36.0011
20.7561
41.9898
43.7761
5.96522
808.188
36.0766
63.0042
30.8566
1097.07
111.987
240.208
171.321
4.84611
99.4759
69.2564
184.78
84.9913
71.6129
839.112
98.6379
82.4433
104.958
90.5337
80.643
363.351
93.8361
49.5873
87.0341
101.903
30.7199
137.614
105.762
26.4824
119.903
116.039
111.417
28.3653
62.2319
56.151
111.118
109.841
79.5989
183.449
169.969
25.862
3.97896
148.458
38.3536
54.3104
1834.2
37.2243
77.8636
159.875
1392.19
5.06503
4.13668
4.40666
48.4817
4.71245
42.4434
40.7007
4.65269
220.623
159.428
1453.43
54.2548
4.50816
47.7781
163.438
31.667
49.5337
212.98
62.8299
36.9821
5.47529
42.4403
65.3852
40.4464
115.304
45.3437
106.758
201.925
51.6983
57.0012
124.536
2108.11
545.607
374.633
64.301
41.4384
129.693
139.029
5.20628
1855.48
205.778
4.9386
19.3012
129.928
4.01151
96.1208
120.741
108.398
3.41481
54.5333
1452.02
1906.12
163.917
419.58
81.0339
22.6979
124.204
203.549
16.0348
125.139
170.293
18.0642
672.722
23.3221
118.844
172.741
17.4952
146.845
41.5531
1795.39
94.7564
1943.05
17.9399
46.7146
23.1227
4.69089
42.1708
2138.81
4.74619
172.707
36.6556
94.36
2.31675
4.78003
178.807
60.5538
46.9255
33.4445
826.516
70.1594
24.4278
4.41948
4.18011
22.8144
15.0114
3.77649
55.4207
457.114
24.4645
4.68845
134.513
93.8317
58.4738
80.1429
4.83943
3.90887
4.39134
127.333
4.84603
91.8494
5.13194
4.66592
5.2771
22.0925
4.44145
908.101
102.888
1146.06
144.717
32.6564
81.7159
4.8019
5.13658
4.7518
930.731
4.70534
5.1383
118.334
41.04
3610.07
4.4157
37.0266
5.5427
65.1364
146.846
77.9862
1426.71
59.2988
25.4752
75.1781
42.9436
105.45
30.6956
90.9854
4.60676
51.4099
4.7298
108.585
3.41656
4.17463
45.419
3.39152
19.5737
5.09867
20.4075
1116.13
3.88747
4.65983
46.7804
132.115
129.904
984.046
191.334
75.2028
5.43194
4.91296
5.17405
4.8049
4.66037
230.794
58.9777
721.368
4.18824
4.00906
200.212
1149.76
868.613
3.29205
99.3618
4.5589
66.0408
3.89468
4.22282
69.5182
5.35013
99.4782
5.6678
76.1513
4.5429
3.94774
4.67628
47.505
4.07913
5.35519
85.4065
205.033
3.82593
162.166
108.328
4.28991
4.42892
126.05
55.7506
4.30031
5.80873
42.8538
40.8747
21.2216
22.72
4.84413
107.984
4.62309
5.05188
4.56362
64.7616
76.3697
19.9376
151.868
4.71208
21.7666
4.14405
4.01508
5.50425
4.32253
5.30257
4.72981
3.99123
138.087
118.235
4.61651
200.308
212.466
4.3937
5.09145
11749.2
16.3575
167.593
32.1651
40.7152
172.431
5.15619
145.586
5.95756
4.14997
123.265
1357.38
4.79157
144.887
121.385
129.563
57.5685
5.37485
42.1895
4.84253
81.571
119.493
4.86142
4.19295
1554.51
4.22628
4.60125
4.54094
4.54289
5.11644
4.09177
5.07849
35.0395
190.194
195.816
126.794
4.58809
3.93242
141.25
182.552
131.308
27.0797
5.17095
1757.48
186.321
1424.61
124.66
4.70533
4.89866
4.53259
4.24089
4.45092
1189.62
167.831
2149.01
152.018
1805.38
25.997
281.689
1064.86
44.4773
2275.28
33.4393
1004.55
1668.49
64.8145
2185.58
2126.82
186.71
36.7987
104.866
20.6091
21.4585
106.901
154.486
27.8672
161.42
3300.01
1447.64
1132.67
1526.87
1077.24
126.084
588.555
4.2022
1826.1
2822.87
3.80057
2416.44
180.418
2727.49
72.5137
2885.4
1274.56
182.244
94.423
29.9605
1404.68
1000.45
3685.88
1170.46
1306.56
1392.3
646.315
2502.32
272.35
115.62
104.21
3.21457
1626.54
6988.68
785.363
179.121
1205.82
2187.32
2290.24
98.0632
176.69
1865.48
1310.88
1621.35
1224.84
219.466
7093.95
40.0553
1257.84
211.923
470.231
207.868
59.3072
736.616
137.839
1590.22
1828.26
13463.4
2468.07
132.969
191.543
875.875
2158.45
70.6009
1244.98
169.082
187.549
1531.51
243.91
368.05
220.518
17.8635
83.1393
219.028
100.448
4.02865
4.26055
28.9833
104.926
225.933
878.316
184.871
3.62101
1167.08
5.75297
179.905
2.93241
3.10472
33.1989
114.926
4.14967
3.57296
1775.17
113.34
2114.21
4.49749
4.27438
3.25718
1776.76
3.49781
131.3
1266.56
155.218
3.00512
99.7384
104.117
3.74672
62.6846
1242.18
179.405
4.49125
4.74804
3.67403
153.866
4.17803
6.32612
544.323
194.304
3.52517
4.06726
3.59831
123.294
3.4443
3.81531
5.74662
247.447
4.38855
30.4928
70.6384
1364.86
503.635
442.123
1521.91
3.67227
4.19166
33.6853
123.77
18.2083
156.412
5.52638
4.49021
1559.57
4.48882
133.591
1011.72
99.3374
154.227
3.97633
161.595
4.56333
4.51175
1634.09
3.29687
4.2928
30.4311
178.229
5.05073
86.6681
4.27205
60.0023
147.948
52.7873
189.319
82.9894
4.25996
5.42215
170.168
3.69807
4.56743
4.27681
94.9741
137.377
106.391
4.0782
842.612
37.0456
125.062
123.326
67.0097
107.054
112.49
33.9193
154.899
160.182
170.473
2190.87
1050.94
63.2219
37.0197
143.326
245.047
193.594
53.622
176.482
43.7389
165.092
116.665
189.169
3039.52
49.1482
118.719
123.397
704.143
44.6643
86.6932
133.681
167.132
937.302
180.589
1912.56
166.012
170.558
34.7283
28.0238
139.933
64.7715
36.2113
153.802
104.386
41.154
1185.98
913.729
202.204
180.718
24.5924
138.713
198.171
26.6216
121.986
161.383
181.533
92.9728
2101.3
147.279
137.09
39.4609
135.851
200.712
25.978
66.5175
71.6727
66.5742
133.126
113.046
171.256
39.4471
99.215
158.572
189.253
139.81
116.406
142.627
175.839
31.0205
133.869
141.416
163.678
35.1624
45.0499
131.388
49.324
73.4864
132.019
143.079
226.123
63.4354
179.834
1490.8
190.26
141.695
210.492
34.1192
162.014
162.718
233.798
44.4624
38.1936
70.5177
18.9695
47.5469
256.413
4955.12
26.0079
34.0167
1989.55
27.7978
71.8801
34.0433
48.6559
54.5232
80.3187
23.3985
46.4104
189.699
44.4911
222.745
5.25496
1933.3
95.6008
5.25121
50.8043
41.0179
50.9227
45.286
43.4528
36.453
31.094
228.186
117.764
52.3381
45.8625
941.869
254.645
176.811
59.2864
54.6879
1522.25
29.3523
5.54475
49.2652
31.2848
51.7195
43.8294
57.3341
5.45964
79.5455
35.4745
345.567
50.1033
147.382
183.783
5.31086
57.661
134.118
53.7228
88.6324
36.9747
93.5433
55.2595
45.97
17.1913
5.14763
30.0425
48.5035
22.8365
51.0211
148.807
209.039
43.4521
132.794
36.9402
1657.15
41.6974
45.8069
39.449
35.2347
32.1003
28.2397
69.9641
4.85588
199.615
37.8684
53.8762
3.97791
47.2925
139.357
5.52172
32.9732
89.5357
39.3989
6.26293
28.7243
37.401
4.34601
1004.33
15.3813
30.0364
127.959
95.2737
17.9888
71.594
55.5884
67.5307
82.643
844.943
63.9789
41.8382
146.001
90.9514
98.0224
31.9919
66.4745
39.2719
196.787
100.022
55.1789
98.2162
46.6502
160.537
34.5592
17.9416
86.8353
108.253
106.916
90.7545
100.783
87.6243
141.57
68.0556
152.418
73.016
3.81532
62.4635
51.6669
34.183
87.8406
4531.13
70.5612
99.9358
65.4743
62.4264
94.2217
28.3418
63.9728
67.8718
32.4069
84.9785
73.8101
18.1978
44.4347
73.6096
69.4542
26.084
45.6831
589.403
26.1563
121.023
45.1804
40.5932
51.4021
73.2317
80.0542
135.608
1364.67
25.2217
68.5365
23.3512
108.583
92.8998
95.0453
69.465
28.6448
22.1671
39.5963
16.7812
31.4082
101.356
88.3257
94.4327
46.9047
42.7541
42.2283
112.226
65.3814
97.9547
3.82537
115.777
147.467
28.5906
91.8427
115.15
40.4515
116.261
55.8447
98.7044
14.7169
76.6294
168.557
12.6096
1536.3
158.435
2.90552
3.67437
97.396
4.86684
3.01073
2.55027
3.00983
99.3115
18.1142
13.0293
3.16168
188.306
3.60425
115.672
3.37086
204.345
24.834
121.276
3.83048
3.7419
3.29558
2.75736
13.6146
4.66866
69.7894
2.546
4.11434
93.1513
13.2417
115.646
840.078
3.25201
14.3757
104.983
3.33655
74.7103
12.8201
65.964
3.20099
121.537
3.48134
3.0181
95.4733
3.21047
27.0953
3.07647
3.64832
3.74514
3.86159
13.065
146.377
14.6703
146.292
3.7298
12.2538
3.01426
87.8034
3.35989
3.27553
4.06201
136.229
2.17925
3.01196
3.08359
2.58568
3.34303
3.46197
2.83429
13.3769
147.883
3.66514
141.023
168.444
178.942
126.936
14.2289
3.56488
1354.86
172.482
124.497
3.32765
2.98265
15.8971
3.30382
88.1971
3.17201
4.82048
3.32828
132.08
167.873
4.26238
2.7808
21.3015
17.6698
1364.16
105.483
30.7073
29.4055
48.3402
46.7713
54.1902
48.1602
124.684
64.4162
103.594
66.2616
83.4924
34.3419
28.4974
27.427
179.482
37.7826
112.386
35.631
59.1288
1500.01
30.0793
36.9784
997.142
97.1626
3.51884
25.0005
798.219
3.28336
32.8243
54.3167
31.4483
14.4568
214.322
1074.94
65.6977
23.0778
339.923
3.38354
110.336
87.5361
28.4618
64.908
42.6896
34.3278
1429.13
126.006
53.4114
129.759
31.163
884.49
1202.91
61.7378
1126.61
455.305
43.134
80.3767
31.0663
847.46
38.9703
41.8243
42.7089
36.9042
81.1335
18.2706
907.162
28.8876
19.6775
36.0602
17.6351
29.2198
870.11
132.296
49.1725
29.596
98.4824
22.5809
47.2049
72.4073
33.937
63.1357
78.6049
42.6025
78.1895
91.0464
162.336
1083.23
83.6249
24.0721
20.6657
34.9646
2367.33
182.865
49.8706
26.8132
1535.35
3.49744
3.36244
1298.82
100.458
34.8495
53.1076
73.219
121.731
39.703
55.2558
264.123
50.5674
77.2029
150.363
87.9413
124.559
1114
194.576
148.75
141.85
126.313
145.365
101.01
53.4975
40.2021
19.0727
201.549
60.1752
46.3721
33.5875
77.0849
56.5978
90.1099
27.5048
26.3895
36.3599
262.855
58.6638
32.3792
113.996
26.4968
117.582
110.203
31.7788
89.7488
141.665
31.4403
52.5968
60.3338
133.244
31.8154
474.475
178.834
50.2996
99.5014
657.133
30.5952
106.57
119.343
186.433
256.433
82.5788
116.9
240.114
1114.02
142.363
47.7328
24.8203
441.74
78.4809
93.6741
184.106
40.9766
40.0207
303.188
107.504
22.1168
46.9541
29.3905
29.1133
30.7539
112.438
922.298
565.123
24.2372
182.997
32.5779
71.5152
31.1158
76.0454
145.875
346.182
463.874
30.2315
127.559
22.0514
72.3247
61.4543
36.9976
56.3679
99.0463
64.7389
69.4479
61.2521
39.4406
71.8157
80.2013
24.5255
107.407
1375.96
80.0318
25.5946
30.4317
51.3717
33.1636
103.778
92.4685
945.733
23.1276
43.0777
49.661
65.0377
44.6805
158.189
43.6441
73.2788
81.2474
24.2639
69.8869
134.687
28.9891
63.9879
47.1234
85.243
32.7071
31.9683
44.2678
54.5621
43.3156
84.8588
66.5605
3.34627
37.134
32.329
133.663
86.7581
25.5568
211.762
3.09115
3.46879
25.7327
984.164
53.3469
85.5983
40.282
45.8488
46.6395
1007.17
2.84993
44.7154
34.3742
52.2454
63.4397
3.14293
37.6554
46.8436
30.4097
110.152
37.2339
4.65187
50.9691
41.6714
2.79155
25.8793
1034.42
1860.3
19.0312
56.2135
14.1935
46.5139
61.7773
114.617
175.209
46.8238
33.8682
38.4918
53.1532
20.6745
45.9836
44.0797
105.595
104.705
25.6817
100.949
28.6245
52.1087
112.026
83.5839
1895.59
21.8881
111.112
35.3382
1158.27
107.85
165.909
107.223
137.022
162.818
149.748
827.513
202.898
112.956
210.832
103.615
119.411
179.648
101.285
115.635
302.648
262.455
195.104
162.084
324.312
179.764
149.184
168.582
182.138
138.747
220.084
80.6312
133.117
155.592
232.122
146.441
122.842
110.885
147.966
214.705
679.998
123.237
117.681
95.7869
132.871
96.9536
134.232
183.185
193.524
98.8612
176.161
151.708
50.6115
163.387
13.2559
1.95957
153.24
146.505
124.409
800.14
145.571
148.671
87.8504
154.504
139.179
167.483
78.9869
99.9373
126.461
3093.53
131.572
110.177
190.169
1700.02
250.328
139.464
200.138
128.726
148.27
58.1078
95.8782
111.064
130.772
192.786
255.79
187.112
1143.57
139.98
148.014
809.443
106.002
156.777
165.354
912.084
158.284
133.529
130.09
133.7
179.387
129.427
124.675
140.054
259.312
88.9083
141.853
152.62
1644.32
27.3477
137.543
51.8122
62.193
15.0277
45.6352
191.797
25.4137
366.261
108.784
30.2671
94.7026
62.8231
46.9012
28.0532
43.5507
673.649
37.7153
60.2284
33.0742
25.8769
35.6474
708.97
114.094
70.6629
28.6648
1370.05
24.8255
150.788
41.6842
35.6782
36.312
829.654
2439.38
14.3053
119.999
89.4485
36.8872
873.494
17.6693
34.0636
37.3844
54.4109
16.7342
18.274
1112.79
99.445
371.996
21.1731
49.114
224.118
46.4935
2698.17
41.0372
16.3713
33.6137
51.6718
39.4252
42.2787
2775.18
1192.86
23.2672
37.2291
131.153
868.011
18.1702
29.3146
19.0346
1533.22
27.7701
106.173
25.0222
28.448
45.0978
114.505
33.9444
22.7568
1456.11
143.698
33.7847
22.9629
1279.25
207.669
49.1435
30.7887
26.0045
118.145
22.0075
42.6825
71.4637
117.982
45.6011
32.4433
23.2377
34.6205
90.5999
30.876
38.7656
418.782
100.836
31.2024
4.53016
96.3798
120.752
438.353
484.658
206.246
86.5923
85.8753
129.804
155.577
12.8958
27.5622
419.667
163.798
153.422
201.751
189.254
44.2802
65.0913
87.0707
44.9723
4.07978
3.63505
15.3343
48.0177
76.805
131.786
702.26
187.419
69.6266
39.9416
4.47195
67.6493
110.882
55.3429
24.8448
33.706
163.4
1258.16
49.1287
160.916
19.0811
79.2459
24.097
26.6317
3.47092
57.6009
116.234
99.8361
64.5505
36.0469
116.377
20.5158
36.6655
73.8829
38.6394
240.74
241.87
103.011
47.1247
111.191
3.33494
148.78
34.1059
36.1277
23.5807
75.2785
38.1936
67.4604
5.21612
309.393
791.257
64.9587
87.977
88.5123
51.4858
77.9608
132.516
471.189
35.5465
418.197
69.8022
320.265
1336.64
543.546
3.4106
232.342
60.2906
51.3482
312.956
69.4207
20.8184
78.4481
18.8784
25.9313
14.0063
29.7415
2.63444
3.31856
19.226
117.04
4.14865
171.275
51.8423
3.2141
3.6809
4.47106
55.1078
3.09299
152.257
3.1775
2.88791
2.96756
83.5797
14.3029
4.39811
3.80283
10.8736
206.457
2.87601
4.0781
3.03745
3.09446
3.5847
4.08434
3.09221
4.07413
86.1428
3.07738
2.77957
3.78618
124.593
4.62452
3.28615
3.22524
2.948
3.48572
62.4191
144.324
10.1242
56.4244
3.1631
3.0041
149.92
3.23346
156.873
125.863
3.49196
11.8273
4.22826
3.17019
3.26816
3.9353
3.30283
3.64081
119.76
161.734
3.15875
3.26652
3.08265
125.798
103.559
3.54011
134.972
3.02155
3.10539
59.0683
3.95982
58.3832
51.0836
110.483
14.3764
3.26367
2.96733
119.949
3.34827
10.8979
3.1339
64.2991
3.88998
2.83154
3.15992
3.65098
197.565
3.20985
2.97154
132.277
2.91059
2.99361
3.03767
15.7581
3.28895
3.75042
98.2108
4.49223
3.1641
107.755
41.199
93.1489
119.478
90.1865
2.62281
651.356
2.8533
28.8902
109.533
110.656
133.395
2.52897
2.69
11.5143
17.2674
159.181
97.5329
133.64
146.204
34.6483
1171.53
113.13
266.776
2.63867
67.3903
128.16
17.8307
180.714
152.425
23.612
83.9012
89.7147
97.7099
2.68976
19.2779
93.5439
61.974
75.3907
13.3157
12.9243
17.8387
110.713
1337.79
2.26339
124.599
89.5155
250.024
191.337
2.3873
154.838
187.891
312.953
2.43174
152.44
150.186
14.3625
2.98321
76.461
24.5843
121.279
75.6067
2.69877
2.91192
35.8164
264.098
111.745
82.5351
2.69458
136.601
17.7401
26.6833
2.73701
1473.49
71.4359
12.0949
1694.34
67.7207
92.16
2193.17
202.368
2.37521
19.9759
732.762
2.80348
55.613
198.484
2.54647
106.184
189.395
129.073
130.835
2.46596
2.49416
198.929
148.374
195.971
123.843
66.2829
187.762
192.752
3.11167
4.40002
18.136
2.69595
49.3725
2.54291
2.78116
11.8729
14.4422
114.019
11.644
3.00144
13.0938
125.635
3.14396
12.4586
148.218
169.551
2.9513
23.0697
2.76358
90.855
3.96694
24.0692
4.47002
86.4956
4.15232
116.542
2.49993
2.88645
2.8079
15.8583
2.97443
92.556
2.8065
14.1475
2.73648
3.11762
4.02807
126.51
114.12
47.3193
83.1956
4.38826
3.0105
18.9852
2624.48
3.74423
13.9577
2.84649
4.31957
4.16909
3.15969
102.712
86.24
10.5186
103.155
3.30069
2.55383
518.987
14.3619
97.9134
121.983
72.2095
95.6973
143.207
17.6262
2.61929
2.7821
3.76257
3.16289
93.0371
81.6517
86.9084
4.60718
84.7521
2.59519
220.525
3.33074
2.70328
90.9511
14.8643
3.07862
75.45
3.15487
2.86964
2.70656
2.83344
2.60574
181.729
4.15158
82.6503
10.1554
78.3363
26.2098
3.99944
11.6766
141.229
103.566
3.12434
22.0732
80.6558
26.0846
150.209
144.698
247.864
111.393
328.282
100.017
142.922
26.0795
154.083
13.0248
22.437
18.0053
31.5988
16.5107
30.1007
15.3838
3.42124
16.4122
2616.25
95.6305
12.6595
59.6237
80.4545
2482.94
62.0317
113.02
137.771
153.665
31.5994
137.987
138.269
167.264
118.736
421.329
366.871
24.7945
13.3612
31.8365
26.751
33.6678
1170.37
14.7061
69.234
71.7835
168.202
111.671
33.2892
3.71055
46.4589
19.2149
31.8199
70.7415
22.8214
142.124
102.109
18.5846
112.537
138.36
388.869
50.5653
544.479
105.325
74.5344
141.522
79.7727
22.6016
98.2644
33.1471
34.7709
35.2555
30.784
38.1653
64.6535
120.196
129.233
16.219
112.229
91.3967
111.471
17.4686
14.8118
23.7073
3.71768
97.1126
3.02713
99.2433
120.998
116.108
37.6581
142.811
3.94924
14.6443
3.63103
16.9619
105.8
74.3847
42.6331
20.6738
135.721
4.02347
4.81124
3.32487
3.62864
14.67
4.91979
266.046
13.0812
22.6696
3.71389
336.347
4.10764
66.85
16.2809
121.123
5.33254
12.7659
77.7611
85.0021
14.0156
68.8504
4.42978
243.074
85.7124
3.75754
3.92482
32.0748
4.01126
16.9637
4.34531
14.1621
3.65574
3.2633
3.65019
19.3152
3.85421
4.21679
69.5534
3.99695
14.5577
96.4734
35.329
87.1888
1268.86
12.9582
102.225
4.45238
13.9971
105.151
4.04361
4.19155
4.23822
3.99781
4.68484
4.67272
3.71281
32.5582
26.6432
123.447
88.3298
90.0295
3.91454
4.48539
4.48484
3.99144
33.1429
15.7177
4.06257
4.7546
125.131
3.93593
4.45076
4.27365
4.55291
15.8907
57.708
4.46209
5.0276
14.2532
4.1284
4.36554
60.9194
140.494
3.98971
4.20443
3.83827
4.18277
30.7958
399.65
99.3496
3.44758
21.7578
18.49
4.96463
4.01993
3.62986
4.32378
4.19967
173.074
55.8913
140.981
118.277
47.3036
331.997
500.392
4.36692
62.5147
30.6494
23.9935
639.522
121.373
41.0779
530.018
548.181
61.3069
51.8018
67.5544
15.7266
75.4489
33.9118
70.5494
4.09902
68.7267
59.1033
597.614
77.9166
60.9804
64.2969
405.49
45.6323
64.253
93.6246
33.0941
71.5464
99.587
3.51245
144.228
65.7057
31.8705
131.284
138.025
697.315
550.583
77.127
36.1213
955.688
3.88062
24.2656
86.8993
70.2284
654.301
110.995
704.46
17.7604
58.3056
86.2592
3.9973
26.9419
133.505
65.4665
267.895
66.3764
1420.51
219.115
712.316
16.1707
3.54612
16.188
37.4013
68.3484
62.2898
246.938
71.0893
62.0274
448.301
29.7951
110.483
51.0655
71.0999
26.398
172.734
81.8768
91.4311
3.68617
3.73066
35.2804
127.334
597.832
3.69078
39.457
79.999
342.512
466.795
121.55
103.771
509.96
60.5842
17.1485
119.219
774.223
106.087
919.354
58.1534
85.0351
42.4684
24.8958
454.468
109.779
50.6526
42.8732
32.2282
40.7917
166.042
35.4198
2838.96
99.3243
114.125
135.546
95.1532
127.06
106.183
66.0372
29.098
22.3999
133.8
86.5742
76.2605
734.1
78.4629
95.0464
510.916
62.193
106.974
82.5802
26.6123
74.858
111.621
75.3818
231.675
118.364
99.3196
83.5686
659.055
43.1389
53.5795
3038.16
144.707
112.458
137.64
90.9981
28.1257
34.2707
2499.53
136.893
139.895
128.037
138.705
163.412
143.564
89.0641
272.983
41.6363
28.9098
102.435
108.232
111.844
40.7479
93.4732
249.944
98.7963
34.0956
69.0135
70.9528
96.6241
958.576
92.7074
147.455
82.2142
39.1058
90.1482
407.405
30.625
48.9337
128.989
41.2848
104.971
38.5991
88.0489
40.5833
98.8322
30.6297
88.6725
44.3374
43.1332
35.8828
29.024
34.1072
201.61
30.8295
145.618
56.368
132.07
1059.77
113.602
40.4742
37.3739
296.141
29.5887
96.684
93.2132
531.115
773.212
49.0083
79.3269
51.1778
54.2863
60.4309
899.211
78.3303
278.753
308.649
34.1568
316.186
21.3725
111.541
86.7132
5.0571
675.283
104.207
73.5706
828.709
40.0558
3.2161
84.3383
102.514
102.184
70.8958
52.9826
63.17
50.309
110.212
73.2108
4.29945
95.9945
102.415
3.21978
932.747
110.185
110.196
43.3019
1022.55
69.0074
602.543
98.2337
45.3563
868.69
40.5612
1189.08
609.359
66.6893
796.057
98.577
121.195
103.509
957.691
499.029
150.651
26.7386
124.133
1155.86
229.808
40.3811
731.707
1457.63
27.919
783.053
35.6105
444.934
110.74
125.287
85.9827
47.687
325.59
38.9555
112.956
23.2158
737.078
77.933
6399.19
32.0411
91.6105
58.663
134.571
37.0557
125.894
975.372
1332.5
274.788
130.804
108.708
110.707
135.186
837.214
108.223
121.726
193.625
16.681
140.657
3.10149
3.83342
147.654
17.232
123.257
114.277
129.233
4.25878
143.168
14.1181
136.946
120.126
173.597
157.701
112.444
87.4388
119.359
150.247
420.008
149.435
334.219
135.67
96.0979
140.996
18.0299
132.505
138.84
83.8203
147.108
127.336
3.41432
129.315
138.18
108.481
137.779
111.868
112.255
170.75
156.168
146.347
26.0742
3.99095
104.668
128.306
127.101
183.042
111.574
158.176
192.559
145.463
120.64
103.314
111.563
200.183
129.302
771.206
142.538
16.5712
109.947
3.78307
147.655
150.678
104.645
202.178
175.375
3.78996
180.038
107.626
156.42
17.4592
100.709
95.7546
108.705
399.571
124.991
2.7209
131.863
3.28827
113.491
143.291
107.005
106.269
126.721
185.452
14.6276
129.351
3.32446
3.09668
100.041
118.358
119.204
94.5128
100.016
184.714
63.7887
48.0074
160.307
56.3745
1120.99
38.6979
256.013
33.4623
73.1183
67.9233
133.607
180.853
55.3149
83.3442
158.421
42.1018
47.8687
122.252
180.432
141.205
121.509
62.7765
42.9543
34.6634
172.644
72.0072
47.3614
99.9622
95.8273
27.4591
129.099
116.337
75.2854
2150.51
206.884
92.0032
44.3399
64.6558
66.9613
126.349
85.7415
743.373
133.387
100.467
158.848
48.8414
124.407
115.462
152.742
92.5056
143.445
106.152
22.6716
47.1509
120.942
134.739
48.276
869.32
1638.98
138.782
62.0041
141.566
41.2155
31.6458
345.573
101.213
40.3571
183.772
186.891
162.757
135.579
822.802
69.0394
123.071
56.4316
133.517
120.968
73.7182
57.5561
112.657
196.092
139.194
148.354
52.7416
56.4237
137.731
147.591
119.854
126.627
72.7299
50.9249
41.0263
133.114
94.2934
137.21
132.549
42.2264
714.646
79.3082
46.453
96.8749
138.477
96.821
643.915
564.816
22.1188
3.34398
67.4474
66.5658
2.87542
444.4
689.305
53.6328
81.4794
68.2833
69.6658
70.6182
694.21
51.137
3.26727
61.4585
129.29
207.299
96.6136
85.3091
41.7048
66.478
113.846
34.9568
31.1511
100.169
994.464
94.8811
74.1936
1142.03
76.2252
789.47
61.7685
66.3358
35.8186
126.033
39.2673
50.2327
51.6073
79.7758
42.0495
2.50471
31.4824
27.3619
70.9028
108.536
79.0228
26.1701
30.5443
75.5158
24.1722
50.6968
153.997
602.228
55.4642
119.429
64.6047
69.6254
17.0035
109.702
74.6547
12.0815
97.0715
76.2068
22.3002
46.6443
92.1356
81.9393
27.883
64.1311
78.0245
22.3306
2.82639
85.9766
1464.39
71.1615
18.8949
737.775
19.9288
106.182
61.559
31.8458
42.1591
63.5204
45.3579
27.6154
67.4243
80.623
98.6248
74.8064
54.051
105.972
100.45
113.57
59.8304
135.14
123.741
91.0916
54.7242
86.5633
124.239
65.58
105.331
184.654
127.985
3247.57
156.894
171.913
75.2272
50.2652
134.922
90.3159
73.325
33.0721
120.748
118.426
139.339
89.1379
45.3395
105.299
129.152
75.6823
23.1366
113.012
97.7894
68.6932
39.0894
69.633
47.3092
85.5521
84.4567
97.8278
113.992
105.196
844.559
87.0154
146.548
91.8327
70.0978
97.5376
46.1544
113.511
157.524
29.8937
114.339
99.0092
118.743
118.874
182.917
608.181
107.713
151.449
97.0124
97.8172
84.1711
181.685
79.7797
190.719
122.437
97.116
172.4
119.223
93.1857
139.933
83.8948
86.2093
143.277
162.588
533.987
43.7253
136.633
70.0944
1488.33
45.0787
47.8544
85.5913
265.365
130.258
90.1218
128.368
1356.59
38.1112
139.789
64.0024
62.2103
98.5788
171.76
132.554
109.56
85.0011
142.816
145.693
213.044
13.2972
1212.2
1039.7
147.299
37.5522
109.321
137.615
2.98651
2.96081
24.9117
86.2416
2.665
87.4891
3536.81
2.56453
2.91751
149.793
2.68774
115.609
222.203
130.679
2800.52
213.951
226.586
117.195
1353.28
14.4261
251.249
174.923
2.45876
294.953
5347.22
174.995
905.628
134.032
188.356
1608.28
227.5
1792.42
3029.74
505.221
22.246
806.416
992.089
946.046
345.05
274.955
3.35573
2.52722
218.455
204.055
820.707
147.294
2.9026
2781.16
93.4643
3.22699
154.169
3.22701
2.54356
2.73471
173.521
259.682
139.656
2658.94
129.054
2133.57
1147.89
2.9122
144.474
107.088
2.23105
1029.07
2.84194
2.67363
1753.46
203.849
92.577
197.553
129.019
165.375
190.475
384.329
145.336
150.944
2.88985
1467.91
178.188
158.408
142.703
179.673
164.511
996.451
2.25764
2810.88
37.4869
162.973
218.788
2006.89
51.3862
22.0105
64.4067
572.943
297.422
1032.06
93.4129
836.903
180.391
3062.34
32.8454
32.5551
32.902
1012.57
1577.6
43.4713
1413.16
44.2799
101.251
3115.29
49.5948
28.4545
55.4647
1333.25
30.4898
1038.36
29.2224
27.1514
34.1251
218.284
2260.41
70.8533
65.6971
29.9145
1234.3
50.3776
1449.98
68.9158
1362.37
43.7001
30.6339
130.672
367.649
817.502
33.2659
1869.39
79.4971
1646.92
1820.94
187.073
2212.15
173.979
645.915
1023.4
1657.44
1665.64
746.601
107.368
3324.69
114.249
1678.92
1515.79
1800.26
204.293
57.8218
45.3431
481.001
107.991
175.74
914.719
86.6968
1538.09
792.512
1864.06
1024.72
1777.03
1369.54
63.9896
1313.2
81.428
37.6957
1744.37
34.9761
70.1989
933.05
650.958
34758.3
39.0353
505.63
2137.11
1036.13
39.8533
1571.46
33.7822
40.1624
2093.19
2989.58
2474.75
7766.16
287.727
71.0226
1131.98
112.997
87.7476
56.5108
101.396
78.6979
66.3018
960.762
62.8097
79.6388
109.534
110.295
2.3544
106.026
591.753
4.80751
37.7724
99.2527
82.7993
139.5
71.439
4.43208
46.9283
654.791
117.919
52.3948
118.37
79.8815
53.2239
90.2321
375.657
47.8484
71.491
845.703
1000.9
175.802
79.3382
119.642
142.687
71.6718
159.796
72.885
75.2783
94.6989
93.6947
107.966
3.34452
110.103
60.1921
82.9914
74.0646
141.803
82.8746
109.706
3.24273
54.734
105.121
112.145
98.2784
76.8844
573.687
72.1593
23.251
28.8564
540.76
28.0378
102.117
4.39842
145.819
46.0836
69.1006
503.618
99.9939
41.9277
520.917
1201.21
134.11
66.2413
3.69887
236.698
109.316
96.0452
79.7784
60.3912
53.6483
83.0398
103.931
99.2962
72.4613
60.8926
32.0728
199.177
58.8255
27.8521
3.09344
915.688
97.2243
45.8683
102.017
4.46197
94.475
229.886
146.022
115.207
116.331
96.0389
95.1466
4.45788
103.871
129.129
194.686
132.106
138.766
108.575
105.78
168.662
150.152
179.049
112.763
250.665
132.603
119.243
115.058
1593.4
139.831
158.311
96.2042
107.276
132.918
123.134
154.791
112.13
137.865
141.876
108.624
93.4489
105.183
134.537
190.122
181.217
148.962
127.738
139.713
216.983
139.269
299.122
91.5587
151.077
5.01524
1117.75
111.683
120.317
153.496
147.914
104.123
124.119
139.448
177.43
169.939
160.199
95.7704
91.6902
225.531
105.854
132.417
136.643
38.3387
107.23
136.345
101.202
152.45
102.396
155.557
157.42
116.569
154.468
162.644
133.062
141.387
256.766
179.422
126.162
183.334
113.783
226.411
99.0998
137.927
142.304
148.29
2.89197
89.8301
117.266
102.183
137.947
122.174
2.72125
103.68
100.24
59.1936
144.328
94.8551
92.3243
174.075
169.663
28.7547
136.544
20.5194
111.829
68.0558
169.592
118.028
35.567
45.1259
193.529
165.346
71.2476
221.225
22.1011
573.836
43.8385
147.838
39.1365
1061.71
130.515
79.4638
21.3609
1133.73
93.2929
137.983
883.883
26.7685
144.605
96.6572
43.4827
45.6022
38.4283
30.1979
143.592
565
120.721
54.3343
55.8734
34.8628
19.6233
164.599
63.1329
159.891
177.102
38.8188
714.522
131.253
111.233
167.776
128.561
1083.55
102.055
206.649
551.708
169.651
41.6881
36.6027
143.367
676.005
136.253
18.3794
163.486
66.4621
824.066
117.748
211.704
139.829
61.9119
99.9715
24.4125
649.872
155.572
170.944
152.84
133.228
177.732
45.9849
52.5425
116.924
33.0753
184.434
140.829
101.671
28.2956
151.197
105.315
726.489
137.045
2781.75
44.5565
759.773
1724.46
125.553
47.5262
52.2471
138.375
86.4947
142.201
89.2594
60.8593
43.5536
92.7354
2.8276
53.5532
62.8434
72.9718
3.52871
54.2335
63.7133
81.108
62.1507
109.596
58.5095
211.443
127.86
4.14924
50.0848
124.426
58.8927
85.9216
124.415
117.879
50.4
15.5172
4.24348
141.93
65.462
39.5161
80.3785
80.2452
101.729
109.079
127.056
108.679
81.196
212.879
3.37896
32.3067
37.2435
42.9385
75.7687
69.5798
94.2452
71.3496
86.6379
34.7854
74.2789
523.297
104.499
425.707
89.455
86.6274
99.9401
3.61402
73.841
98.4733
433.876
95.5049
35.4169
444.904
98.0432
88.6196
99.4453
3.23726
116.942
78.4852
3.59618
84.3358
24.9954
53.9609
34.536
102.553
112.342
150.035
55.6945
93.0626
105.339
71.9173
82.1288
65.323
18.7233
152.094
36.0731
126.736
121.708
172.285
66.8161
37.6359
33.6396
30.3998
2.82746
3.64027
122.896
61.0968
3.4746
4.61197
3.22036
3.83204
3.21385
3.45343
3.4245
4.19981
4.07844
129.611
3.51764
116.822
123.709
3.94385
3.53087
3.23968
107.563
3.78551
4.32113
3.90132
3.93882
4.75626
118.632
3.41772
165.544
155.694
3.95981
146.071
4.0181
3.54754
3.9762
3.3842
3.74184
243.889
3.94817
3.3701
63.3431
55.1516
18.0009
101.646
115.311
3.13371
4.87061
191.56
5.20979
3.86553
4.36762
3.30065
3.62166
4.0882
4.29704
4.44969
108.049
4.18839
3.07617
3.37608
193.157
3.61211
4.15924
166.386
3.56281
88.8145
3.77222
1012.82
3.88387
3.46783
3.84056
4.0156
3.57819
4.17416
3.38789
3.40662
3.49388
149.5
4.53125
3.21014
872.008
188.328
3.91163
3.64678
246.486
138.663
186.082
3.47087
144.233
19.4124
4.41245
4.13927
184.158
3.77175
4.2405
4.25248
4.03331
3.92922
4.01481
3.55519
3.16563
4.07613
202.159
3.58843
595.277
3.80223
95.7872
251.473
60.2218
56.9812
97.8919
108.449
98.4391
42.7306
5.1142
59.9369
15.3924
58.1505
52.8002
81.2573
42.9571
123.776
33.0341
49.4658
19.268
1221.92
573.285
111.44
5.82012
39.1838
113.316
47.0946
69.9874
626.778
83.6296
41.3461
29.7751
33.2288
78.6502
38.6533
18.043
5.03684
1446.46
34.9419
52.3434
5.68459
1160.87
84.2689
720.295
63.9615
46.8636
77.4288
110.603
56.8137
29.3039
5.5417
36.4572
29.9026
179.476
33.4058
6.06069
94.0633
22.6333
65.3022
832.315
49.1173
6.33591
80.9641
34.5599
279.178
40.516
909.608
83.8846
5.34363
22.8442
106.077
63.801
139.486
103.756
51.686
232.384
81.5926
5.66644
72.8161
115.703
6.14102
65.9585
36.7186
153.354
88.4111
94.6317
90.7263
1455.7
92.1339
25.8521
73.537
114.11
84.8241
108.964
66.7493
96.5747
105.818
43.734
96.0355
